EXP_ID,Experiment,BASIN,year,QSWE_pair,asymmetry_ratio,region
D0a,D0a,D0a,2001,SWE_melt_NSE__NSE_meltseason2,-0.12329022691877414,Dischma
D0a,D0a,D0a,2001,SWE_melt_NSE__KGE_meltseason2,0.3240304925293772,Dischma
D0a,D0a,D0a,2001,SWE_melt_NSE__Qmean_meltseason2_APE,0.7374269613082542,Dischma
D0a,D0a,D0a,2001,melt_sum_APE__NSE_meltseason2,-0.3729666007959927,Dischma
D0a,D0a,D0a,2001,melt_sum_APE__KGE_meltseason2,-0.10265127293046178,Dischma
D0a,D0a,D0a,2001,melt_sum_APE__Qmean_meltseason2_APE,0.178432059755735,Dischma
D0a,D0a,D0a,2001,SWE_NSE__NSE_meltseason2,0.02857759891377458,Dischma
D0a,D0a,D0a,2001,SWE_NSE__KGE_meltseason2,0.23059295327047877,Dischma
D0a,D0a,D0a,2001,SWE_NSE__Qmean_meltseason2_APE,0.26948412753837275,Dischma
D0a,D0a,D0a,2002,SWE_melt_NSE__NSE_meltseason2,0.13056357873011262,Dischma
D0a,D0a,D0a,2002,SWE_melt_NSE__KGE_meltseason2,0.15337040314105388,Dischma
D0a,D0a,D0a,2002,SWE_melt_NSE__Qmean_meltseason2_APE,0.6497753040739684,Dischma
D0a,D0a,D0a,2002,melt_sum_APE__NSE_meltseason2,-0.5481541333772594,Dischma
D0a,D0a,D0a,2002,melt_sum_APE__KGE_meltseason2,-0.1937013525771745,Dischma
D0a,D0a,D0a,2002,melt_sum_APE__Qmean_meltseason2_APE,0.01662815239629127,Dischma
D0a,D0a,D0a,2002,SWE_NSE__NSE_meltseason2,0.3255100051913503,Dischma
D0a,D0a,D0a,2002,SWE_NSE__KGE_meltseason2,0.10377808355557078,Dischma
D0a,D0a,D0a,2002,SWE_NSE__Qmean_meltseason2_APE,0.38591673354540684,Dischma
D0a,D0a,D0a,2003,SWE_melt_NSE__NSE_meltseason2,0.06229807292597728,Dischma
D0a,D0a,D0a,2003,SWE_melt_NSE__KGE_meltseason2,0.065220809913726,Dischma
D0a,D0a,D0a,2003,SWE_melt_NSE__Qmean_meltseason2_APE,0.68243004744876,Dischma
D0a,D0a,D0a,2003,melt_sum_APE__NSE_meltseason2,-0.5145731728297581,Dischma
D0a,D0a,D0a,2003,melt_sum_APE__KGE_meltseason2,-0.45317262816561493,Dischma
D0a,D0a,D0a,2003,melt_sum_APE__Qmean_meltseason2_APE,-0.18281621529538872,Dischma
D0a,D0a,D0a,2003,SWE_NSE__NSE_meltseason2,-0.2419534206352702,Dischma
D0a,D0a,D0a,2003,SWE_NSE__KGE_meltseason2,-0.26955752941512806,Dischma
D0a,D0a,D0a,2003,SWE_NSE__Qmean_meltseason2_APE,0.2630344058337938,Dischma
D0a,D0a,D0a,2004,SWE_melt_NSE__NSE_meltseason2,-0.009793092493740682,Dischma
D0a,D0a,D0a,2004,SWE_melt_NSE__KGE_meltseason2,0.327781797050701,Dischma
D0a,D0a,D0a,2004,SWE_melt_NSE__Qmean_meltseason2_APE,0.8927295642753926,Dischma
D0a,D0a,D0a,2004,melt_sum_APE__NSE_meltseason2,-0.6777934578286977,Dischma
D0a,D0a,D0a,2004,melt_sum_APE__KGE_meltseason2,-0.2441719056859662,Dischma
D0a,D0a,D0a,2004,melt_sum_APE__Qmean_meltseason2_APE,0.23661250729553046,Dischma
D0a,D0a,D0a,2004,SWE_NSE__NSE_meltseason2,-0.07426926020710979,Dischma
D0a,D0a,D0a,2004,SWE_NSE__KGE_meltseason2,0.09211820198843139,Dischma
D0a,D0a,D0a,2004,SWE_NSE__Qmean_meltseason2_APE,0.5268296698909238,Dischma
D0a,D0a,D0a,2005,SWE_melt_NSE__NSE_meltseason2,0.1684567852244141,Dischma
D0a,D0a,D0a,2005,SWE_melt_NSE__KGE_meltseason2,-0.07977476588987073,Dischma
D0a,D0a,D0a,2005,SWE_melt_NSE__Qmean_meltseason2_APE,0.4257387803476303,Dischma
D0a,D0a,D0a,2005,melt_sum_APE__NSE_meltseason2,-0.32299605812444365,Dischma
D0a,D0a,D0a,2005,melt_sum_APE__KGE_meltseason2,-0.07596624484475452,Dischma
D0a,D0a,D0a,2005,melt_sum_APE__Qmean_meltseason2_APE,-0.009586048829197917,Dischma
D0a,D0a,D0a,2005,SWE_NSE__NSE_meltseason2,0.11378490632748402,Dischma
D0a,D0a,D0a,2005,SWE_NSE__KGE_meltseason2,0.05652360458322302,Dischma
D0a,D0a,D0a,2005,SWE_NSE__Qmean_meltseason2_APE,0.3773030759941563,Dischma
D0a,D0a,D0a,2006,SWE_melt_NSE__NSE_meltseason2,0.09347357024402614,Dischma
D0a,D0a,D0a,2006,SWE_melt_NSE__KGE_meltseason2,0.0020174734666383765,Dischma
D0a,D0a,D0a,2006,SWE_melt_NSE__Qmean_meltseason2_APE,0.32968438851926357,Dischma
D0a,D0a,D0a,2006,melt_sum_APE__NSE_meltseason2,-0.6684944560136554,Dischma
D0a,D0a,D0a,2006,melt_sum_APE__KGE_meltseason2,-0.013707419420598157,Dischma
D0a,D0a,D0a,2006,melt_sum_APE__Qmean_meltseason2_APE,0.07774853875162692,Dischma
D0a,D0a,D0a,2006,SWE_NSE__NSE_meltseason2,-0.015626235149399377,Dischma
D0a,D0a,D0a,2006,SWE_NSE__KGE_meltseason2,-0.13902233471999145,Dischma
D0a,D0a,D0a,2006,SWE_NSE__Qmean_meltseason2_APE,0.15686317462367827,Dischma
D0a,D0a,D0a,2007,SWE_melt_NSE__NSE_meltseason2,-0.0007898686432664707,Dischma
D0a,D0a,D0a,2007,SWE_melt_NSE__KGE_meltseason2,0.27107403362315374,Dischma
D0a,D0a,D0a,2007,SWE_melt_NSE__Qmean_meltseason2_APE,0.7745737527130236,Dischma
D0a,D0a,D0a,2007,melt_sum_APE__NSE_meltseason2,-0.6724179035778636,Dischma
D0a,D0a,D0a,2007,melt_sum_APE__KGE_meltseason2,-0.6029782620289903,Dischma
D0a,D0a,D0a,2007,melt_sum_APE__Qmean_meltseason2_APE,0.25581233195303343,Dischma
D0a,D0a,D0a,2007,SWE_NSE__NSE_meltseason2,-0.025886371066113963,Dischma
D0a,D0a,D0a,2007,SWE_NSE__KGE_meltseason2,0.19711568644429336,Dischma
D0a,D0a,D0a,2007,SWE_NSE__Qmean_meltseason2_APE,0.22348537217727246,Dischma
D0a,D0a,D0a,2008,SWE_melt_NSE__NSE_meltseason2,0.28312064568718764,Dischma
D0a,D0a,D0a,2008,SWE_melt_NSE__KGE_meltseason2,0.5338516347971055,Dischma
D0a,D0a,D0a,2008,SWE_melt_NSE__Qmean_meltseason2_APE,0.6211188382596993,Dischma
D0a,D0a,D0a,2008,melt_sum_APE__NSE_meltseason2,-0.49590684115733513,Dischma
D0a,D0a,D0a,2008,melt_sum_APE__KGE_meltseason2,-0.3672770820622361,Dischma
D0a,D0a,D0a,2008,melt_sum_APE__Qmean_meltseason2_APE,-0.2783011624871043,Dischma
D0a,D0a,D0a,2008,SWE_NSE__NSE_meltseason2,0.031664670342352624,Dischma
D0a,D0a,D0a,2008,SWE_NSE__KGE_meltseason2,0.12242003065161322,Dischma
D0a,D0a,D0a,2008,SWE_NSE__Qmean_meltseason2_APE,0.32054686448900194,Dischma
D0a,D0a,D0a,2009,SWE_melt_NSE__NSE_meltseason2,-0.035518658581697476,Dischma
D0a,D0a,D0a,2009,SWE_melt_NSE__KGE_meltseason2,0.2316416839494845,Dischma
D0a,D0a,D0a,2009,SWE_melt_NSE__Qmean_meltseason2_APE,0.9170128930376544,Dischma
D0a,D0a,D0a,2009,melt_sum_APE__NSE_meltseason2,-0.5468329252644044,Dischma
D0a,D0a,D0a,2009,melt_sum_APE__KGE_meltseason2,-0.4962786871103281,Dischma
D0a,D0a,D0a,2009,melt_sum_APE__Qmean_meltseason2_APE,0.06454644081836616,Dischma
D0a,D0a,D0a,2009,SWE_NSE__NSE_meltseason2,-0.2649919299345106,Dischma
D0a,D0a,D0a,2009,SWE_NSE__KGE_meltseason2,-0.133821611821543,Dischma
D0a,D0a,D0a,2009,SWE_NSE__Qmean_meltseason2_APE,0.42273531233531464,Dischma
D0a,D0a,D0a,2010,SWE_melt_NSE__NSE_meltseason2,-0.09345091108993699,Dischma
D0a,D0a,D0a,2010,SWE_melt_NSE__KGE_meltseason2,0.4007604854604253,Dischma
D0a,D0a,D0a,2010,SWE_melt_NSE__Qmean_meltseason2_APE,0.8029101128208701,Dischma
D0a,D0a,D0a,2010,melt_sum_APE__NSE_meltseason2,-0.7714027042679169,Dischma
D0a,D0a,D0a,2010,melt_sum_APE__KGE_meltseason2,-0.33268483740128635,Dischma
D0a,D0a,D0a,2010,melt_sum_APE__Qmean_meltseason2_APE,0.0315873601178383,Dischma
D0a,D0a,D0a,2010,SWE_NSE__NSE_meltseason2,-0.07491083107038378,Dischma
D0a,D0a,D0a,2010,SWE_NSE__KGE_meltseason2,0.0939001388814816,Dischma
D0a,D0a,D0a,2010,SWE_NSE__Qmean_meltseason2_APE,0.43170905760296463,Dischma
D0a,D0a,D0a,2011,SWE_melt_NSE__NSE_meltseason2,0.03817053345968618,Dischma
D0a,D0a,D0a,2011,SWE_melt_NSE__KGE_meltseason2,0.49908382021073905,Dischma
D0a,D0a,D0a,2011,SWE_melt_NSE__Qmean_meltseason2_APE,0.729694483570889,Dischma
D0a,D0a,D0a,2011,melt_sum_APE__NSE_meltseason2,-0.2295087955103646,Dischma
D0a,D0a,D0a,2011,melt_sum_APE__KGE_meltseason2,-0.010379145779999177,Dischma
D0a,D0a,D0a,2011,melt_sum_APE__Qmean_meltseason2_APE,0.02792609667425033,Dischma
D0a,D0a,D0a,2011,SWE_NSE__NSE_meltseason2,-0.06932607063582236,Dischma
D0a,D0a,D0a,2011,SWE_NSE__KGE_meltseason2,0.2601325710487763,Dischma
D0a,D0a,D0a,2011,SWE_NSE__Qmean_meltseason2_APE,0.37958866327455393,Dischma
D0a,D0a,D0a,2012,SWE_melt_NSE__NSE_meltseason2,0.04444127935521786,Dischma
D0a,D0a,D0a,2012,SWE_melt_NSE__KGE_meltseason2,0.2305674299351014,Dischma
D0a,D0a,D0a,2012,SWE_melt_NSE__Qmean_meltseason2_APE,0.7191535154665611,Dischma
D0a,D0a,D0a,2012,melt_sum_APE__NSE_meltseason2,-0.507493687690489,Dischma
D0a,D0a,D0a,2012,melt_sum_APE__KGE_meltseason2,-0.23350313620163937,Dischma
D0a,D0a,D0a,2012,melt_sum_APE__Qmean_meltseason2_APE,-0.17138153366182848,Dischma
D0a,D0a,D0a,2012,SWE_NSE__NSE_meltseason2,0.021703660129118407,Dischma
D0a,D0a,D0a,2012,SWE_NSE__KGE_meltseason2,-0.12127424452332436,Dischma
D0a,D0a,D0a,2012,SWE_NSE__Qmean_meltseason2_APE,0.17498887129866042,Dischma
D0a,D0a,D0a,2013,SWE_melt_NSE__NSE_meltseason2,0.03591212283734602,Dischma
D0a,D0a,D0a,2013,SWE_melt_NSE__KGE_meltseason2,0.17232701165535394,Dischma
D0a,D0a,D0a,2013,SWE_melt_NSE__Qmean_meltseason2_APE,0.7789217921441907,Dischma
D0a,D0a,D0a,2013,melt_sum_APE__NSE_meltseason2,-0.49451594884207584,Dischma
D0a,D0a,D0a,2013,melt_sum_APE__KGE_meltseason2,0.002264235423001008,Dischma
D0a,D0a,D0a,2013,melt_sum_APE__Qmean_meltseason2_APE,0.05424962523614528,Dischma
D0a,D0a,D0a,2013,SWE_NSE__NSE_meltseason2,0.061020437945862455,Dischma
D0a,D0a,D0a,2013,SWE_NSE__KGE_meltseason2,-0.013033685489534444,Dischma
D0a,D0a,D0a,2013,SWE_NSE__Qmean_meltseason2_APE,0.5849625007211562,Dischma
D0a,D0a,D0a,2014,SWE_melt_NSE__NSE_meltseason2,-0.08650580606656373,Dischma
D0a,D0a,D0a,2014,SWE_melt_NSE__KGE_meltseason2,-0.01930584858039005,Dischma
D0a,D0a,D0a,2014,SWE_melt_NSE__Qmean_meltseason2_APE,0.30446274181475586,Dischma
D0a,D0a,D0a,2014,melt_sum_APE__NSE_meltseason2,-0.05399695942876569,Dischma
D0a,D0a,D0a,2014,melt_sum_APE__KGE_meltseason2,-0.015412688492859103,Dischma
D0a,D0a,D0a,2014,melt_sum_APE__Qmean_meltseason2_APE,0.01917534295739816,Dischma
D0a,D0a,D0a,2014,SWE_NSE__NSE_meltseason2,0.07247389382524393,Dischma
D0a,D0a,D0a,2014,SWE_NSE__KGE_meltseason2,0.2120849587660831,Dischma
D0a,D0a,D0a,2014,SWE_NSE__Qmean_meltseason2_APE,0.4588936535103775,Dischma
D0a,D0a,D0a,2015,SWE_melt_NSE__NSE_meltseason2,-0.04034176702859211,Dischma
D0a,D0a,D0a,2015,SWE_melt_NSE__KGE_meltseason2,0.33479024582441186,Dischma
D0a,D0a,D0a,2015,SWE_melt_NSE__Qmean_meltseason2_APE,0.5683859678274077,Dischma
D0a,D0a,D0a,2015,melt_sum_APE__NSE_meltseason2,-0.5873515636407574,Dischma
D0a,D0a,D0a,2015,melt_sum_APE__KGE_meltseason2,-0.14903152691375898,Dischma
D0a,D0a,D0a,2015,melt_sum_APE__Qmean_meltseason2_APE,-0.0014116390958837338,Dischma
D0a,D0a,D0a,2015,SWE_NSE__NSE_meltseason2,-0.13439594033861899,Dischma
D0a,D0a,D0a,2015,SWE_NSE__KGE_meltseason2,0.17896082849886202,Dischma
D0a,D0a,D0a,2015,SWE_NSE__Qmean_meltseason2_APE,0.32556208935510156,Dischma
D0a,D0a,D0a,2016,SWE_melt_NSE__NSE_meltseason2,-0.19712410991910992,Dischma
D0a,D0a,D0a,2016,SWE_melt_NSE__KGE_meltseason2,-0.1527483315969025,Dischma
D0a,D0a,D0a,2016,SWE_melt_NSE__Qmean_meltseason2_APE,0.3840019909905584,Dischma
D0a,D0a,D0a,2016,melt_sum_APE__NSE_meltseason2,-0.285368922185905,Dischma
D0a,D0a,D0a,2016,melt_sum_APE__KGE_meltseason2,-0.3877301532831084,Dischma
D0a,D0a,D0a,2016,melt_sum_APE__Qmean_meltseason2_APE,-0.01692330303646852,Dischma
D0a,D0a,D0a,2016,SWE_NSE__NSE_meltseason2,0.12093280628136896,Dischma
D0a,D0a,D0a,2016,SWE_NSE__KGE_meltseason2,-0.008880103029768138,Dischma
D0a,D0a,D0a,2016,SWE_NSE__Qmean_meltseason2_APE,0.581439003937644,Dischma
D0a,D0a,D0a,2017,SWE_melt_NSE__NSE_meltseason2,-0.014597376212958025,Dischma
D0a,D0a,D0a,2017,SWE_melt_NSE__KGE_meltseason2,0.2994510356097631,Dischma
D0a,D0a,D0a,2017,SWE_melt_NSE__Qmean_meltseason2_APE,0.8694090092203025,Dischma
D0a,D0a,D0a,2017,melt_sum_APE__NSE_meltseason2,-0.23303639245240038,Dischma
D0a,D0a,D0a,2017,melt_sum_APE__KGE_meltseason2,-0.2056637707397494,Dischma
D0a,D0a,D0a,2017,melt_sum_APE__Qmean_meltseason2_APE,-0.04579070820717549,Dischma
D0a,D0a,D0a,2017,SWE_NSE__NSE_meltseason2,-0.1411683759052197,Dischma
D0a,D0a,D0a,2017,SWE_NSE__KGE_meltseason2,-0.1652614715046886,Dischma
D0a,D0a,D0a,2017,SWE_NSE__Qmean_meltseason2_APE,0.4426999376169443,Dischma
D0a,D0a,D0a,2018,SWE_melt_NSE__NSE_meltseason2,-0.040718461215055256,Dischma
D0a,D0a,D0a,2018,SWE_melt_NSE__KGE_meltseason2,-0.05823527493661585,Dischma
D0a,D0a,D0a,2018,SWE_melt_NSE__Qmean_meltseason2_APE,0.5923300037670378,Dischma
D0a,D0a,D0a,2018,melt_sum_APE__NSE_meltseason2,-0.6014187463116901,Dischma
D0a,D0a,D0a,2018,melt_sum_APE__KGE_meltseason2,-0.5672756400671171,Dischma
D0a,D0a,D0a,2018,melt_sum_APE__Qmean_meltseason2_APE,0.07775873115566265,Dischma
D0a,D0a,D0a,2018,SWE_NSE__NSE_meltseason2,-0.05830367549043015,Dischma
D0a,D0a,D0a,2018,SWE_NSE__KGE_meltseason2,0.08188496672922738,Dischma
D0a,D0a,D0a,2018,SWE_NSE__Qmean_meltseason2_APE,0.2823810476602894,Dischma
D0a,D0a,D0a,2019,SWE_melt_NSE__NSE_meltseason2,0.11030490796069536,Dischma
D0a,D0a,D0a,2019,SWE_melt_NSE__KGE_meltseason2,0.408393389729476,Dischma
D0a,D0a,D0a,2019,SWE_melt_NSE__Qmean_meltseason2_APE,0.8100333335678932,Dischma
D0a,D0a,D0a,2019,melt_sum_APE__NSE_meltseason2,-0.40296220235169966,Dischma
D0a,D0a,D0a,2019,melt_sum_APE__KGE_meltseason2,-0.3194630833746732,Dischma
D0a,D0a,D0a,2019,melt_sum_APE__Qmean_meltseason2_APE,0.14258149761139724,Dischma
D0a,D0a,D0a,2019,SWE_NSE__NSE_meltseason2,-0.07053502522952305,Dischma
D0a,D0a,D0a,2019,SWE_NSE__KGE_meltseason2,0.10020498232695946,Dischma
D0a,D0a,D0a,2019,SWE_NSE__Qmean_meltseason2_APE,0.398999672061368,Dischma
D0a,D0a,D0a,2020,SWE_melt_NSE__NSE_meltseason2,-0.034589929163879665,Dischma
D0a,D0a,D0a,2020,SWE_melt_NSE__KGE_meltseason2,-0.10440020206588047,Dischma
D0a,D0a,D0a,2020,SWE_melt_NSE__Qmean_meltseason2_APE,0.3855420353704199,Dischma
D0a,D0a,D0a,2020,melt_sum_APE__NSE_meltseason2,-0.4917590759939583,Dischma
D0a,D0a,D0a,2020,melt_sum_APE__KGE_meltseason2,-0.6654413565386321,Dischma
D0a,D0a,D0a,2020,melt_sum_APE__Qmean_meltseason2_APE,-0.16121257010573883,Dischma
D0a,D0a,D0a,2020,SWE_NSE__NSE_meltseason2,-0.0026749606691013287,Dischma
D0a,D0a,D0a,2020,SWE_NSE__KGE_meltseason2,-0.13177376844225377,Dischma
D0a,D0a,D0a,2020,SWE_NSE__Qmean_meltseason2_APE,-0.10461189283626963,Dischma
D0a,D0a,D0a,2021,SWE_melt_NSE__NSE_meltseason2,0.1528179452266045,Dischma
D0a,D0a,D0a,2021,SWE_melt_NSE__KGE_meltseason2,0.2210870747635376,Dischma
D0a,D0a,D0a,2021,SWE_melt_NSE__Qmean_meltseason2_APE,0.6934006744909631,Dischma
D0a,D0a,D0a,2021,melt_sum_APE__NSE_meltseason2,-0.729531742395369,Dischma
D0a,D0a,D0a,2021,melt_sum_APE__KGE_meltseason2,-0.3072893523947105,Dischma
D0a,D0a,D0a,2021,melt_sum_APE__Qmean_meltseason2_APE,0.016096001241094383,Dischma
D0a,D0a,D0a,2021,SWE_NSE__NSE_meltseason2,-0.013933581538274285,Dischma
D0a,D0a,D0a,2021,SWE_NSE__KGE_meltseason2,0.16666287421892073,Dischma
D0a,D0a,D0a,2021,SWE_NSE__Qmean_meltseason2_APE,0.344123186832165,Dischma
D0a,D0a,D0a,2022,SWE_melt_NSE__NSE_meltseason2,-0.15200309344505014,Dischma
D0a,D0a,D0a,2022,SWE_melt_NSE__KGE_meltseason2,-0.05899618594827897,Dischma
D0a,D0a,D0a,2022,SWE_melt_NSE__Qmean_meltseason2_APE,0.42925626432576897,Dischma
D0a,D0a,D0a,2022,melt_sum_APE__NSE_meltseason2,-0.4554648989513738,Dischma
D0a,D0a,D0a,2022,melt_sum_APE__KGE_meltseason2,-0.05714078059397776,Dischma
D0a,D0a,D0a,2022,melt_sum_APE__Qmean_meltseason2_APE,0.21518800239906805,Dischma
D0a,D0a,D0a,2022,SWE_NSE__NSE_meltseason2,-0.04682503006459531,Dischma
D0a,D0a,D0a,2022,SWE_NSE__KGE_meltseason2,0.11304731566012537,Dischma
D0a,D0a,D0a,2022,SWE_NSE__Qmean_meltseason2_APE,0.21411315196662617,Dischma
D0b,D0b,D0b,2001,SWE_melt_NSE__NSE_meltseason2,0.33953254330783733,Dischma
D0b,D0b,D0b,2001,SWE_melt_NSE__KGE_meltseason2,0.3523574539705032,Dischma
D0b,D0b,D0b,2001,SWE_melt_NSE__Qmean_meltseason2_APE,0.5768943905596529,Dischma
D0b,D0b,D0b,2001,melt_sum_APE__NSE_meltseason2,-0.3795290454674142,Dischma
D0b,D0b,D0b,2001,melt_sum_APE__KGE_meltseason2,-0.20525000752740993,Dischma
D0b,D0b,D0b,2001,melt_sum_APE__Qmean_meltseason2_APE,-0.25145914037411876,Dischma
D0b,D0b,D0b,2001,SWE_NSE__NSE_meltseason2,0.6014026512071655,Dischma
D0b,D0b,D0b,2001,SWE_NSE__KGE_meltseason2,0.4124120298720204,Dischma
D0b,D0b,D0b,2001,SWE_NSE__Qmean_meltseason2_APE,0.22234872779976395,Dischma
D0b,D0b,D0b,2002,SWE_melt_NSE__NSE_meltseason2,0.2667741242735239,Dischma
D0b,D0b,D0b,2002,SWE_melt_NSE__KGE_meltseason2,0.08223064941175286,Dischma
D0b,D0b,D0b,2002,SWE_melt_NSE__Qmean_meltseason2_APE,0.4814304823677813,Dischma
D0b,D0b,D0b,2002,melt_sum_APE__NSE_meltseason2,-0.49301556441557004,Dischma
D0b,D0b,D0b,2002,melt_sum_APE__KGE_meltseason2,-0.45828296127755785,Dischma
D0b,D0b,D0b,2002,melt_sum_APE__Qmean_meltseason2_APE,-0.02893201987598131,Dischma
D0b,D0b,D0b,2002,SWE_NSE__NSE_meltseason2,-0.003053323977554131,Dischma
D0b,D0b,D0b,2002,SWE_NSE__KGE_meltseason2,-0.03359877374605374,Dischma
D0b,D0b,D0b,2002,SWE_NSE__Qmean_meltseason2_APE,0.19189952951143516,Dischma
D0b,D0b,D0b,2003,SWE_melt_NSE__NSE_meltseason2,-0.1446865465400627,Dischma
D0b,D0b,D0b,2003,SWE_melt_NSE__KGE_meltseason2,0.30488360521782243,Dischma
D0b,D0b,D0b,2003,SWE_melt_NSE__Qmean_meltseason2_APE,0.7184253273072604,Dischma
D0b,D0b,D0b,2003,melt_sum_APE__NSE_meltseason2,-0.7134337358697915,Dischma
D0b,D0b,D0b,2003,melt_sum_APE__KGE_meltseason2,-0.6499983652063573,Dischma
D0b,D0b,D0b,2003,melt_sum_APE__Qmean_meltseason2_APE,-0.11258952800978704,Dischma
D0b,D0b,D0b,2003,SWE_NSE__NSE_meltseason2,-0.158969934036857,Dischma
D0b,D0b,D0b,2003,SWE_NSE__KGE_meltseason2,-0.12518303517659488,Dischma
D0b,D0b,D0b,2003,SWE_NSE__Qmean_meltseason2_APE,0.11906437508610493,Dischma
D0b,D0b,D0b,2004,SWE_melt_NSE__NSE_meltseason2,-0.16271273659964663,Dischma
D0b,D0b,D0b,2004,SWE_melt_NSE__KGE_meltseason2,-0.12014401628600345,Dischma
D0b,D0b,D0b,2004,SWE_melt_NSE__Qmean_meltseason2_APE,0.26170857847367174,Dischma
D0b,D0b,D0b,2004,melt_sum_APE__NSE_meltseason2,-0.5146050622881183,Dischma
D0b,D0b,D0b,2004,melt_sum_APE__KGE_meltseason2,-0.39174412849707,Dischma
D0b,D0b,D0b,2004,melt_sum_APE__Qmean_meltseason2_APE,0.10324412281372361,Dischma
D0b,D0b,D0b,2004,SWE_NSE__NSE_meltseason2,-0.13629022815536046,Dischma
D0b,D0b,D0b,2004,SWE_NSE__KGE_meltseason2,-0.15482223462718528,Dischma
D0b,D0b,D0b,2004,SWE_NSE__Qmean_meltseason2_APE,0.16121055568760925,Dischma
D0b,D0b,D0b,2005,SWE_melt_NSE__NSE_meltseason2,0.27791864291977303,Dischma
D0b,D0b,D0b,2005,SWE_melt_NSE__KGE_meltseason2,0.42791069072504995,Dischma
D0b,D0b,D0b,2005,SWE_melt_NSE__Qmean_meltseason2_APE,0.7087558499902323,Dischma
D0b,D0b,D0b,2005,melt_sum_APE__NSE_meltseason2,-0.3035052840926778,Dischma
D0b,D0b,D0b,2005,melt_sum_APE__KGE_meltseason2,0.18012863521218253,Dischma
D0b,D0b,D0b,2005,melt_sum_APE__Qmean_meltseason2_APE,0.1948392913553077,Dischma
D0b,D0b,D0b,2005,SWE_NSE__NSE_meltseason2,-0.11570971463559772,Dischma
D0b,D0b,D0b,2005,SWE_NSE__KGE_meltseason2,-0.08896478411506238,Dischma
D0b,D0b,D0b,2005,SWE_NSE__Qmean_meltseason2_APE,0.2183470729823279,Dischma
D0b,D0b,D0b,2006,SWE_melt_NSE__NSE_meltseason2,0.5476764790815369,Dischma
D0b,D0b,D0b,2006,SWE_melt_NSE__KGE_meltseason2,0.272468150163969,Dischma
D0b,D0b,D0b,2006,SWE_melt_NSE__Qmean_meltseason2_APE,0.6830864914643336,Dischma
D0b,D0b,D0b,2006,melt_sum_APE__NSE_meltseason2,-0.457432964370439,Dischma
D0b,D0b,D0b,2006,melt_sum_APE__KGE_meltseason2,-0.2159532612455451,Dischma
D0b,D0b,D0b,2006,melt_sum_APE__Qmean_meltseason2_APE,0.04905215223649847,Dischma
D0b,D0b,D0b,2006,SWE_NSE__NSE_meltseason2,0.05841165326681045,Dischma
D0b,D0b,D0b,2006,SWE_NSE__KGE_meltseason2,-0.13065518611752588,Dischma
D0b,D0b,D0b,2006,SWE_NSE__Qmean_meltseason2_APE,0.34357903835603526,Dischma
D0b,D0b,D0b,2007,SWE_melt_NSE__NSE_meltseason2,-0.22787796042017738,Dischma
D0b,D0b,D0b,2007,SWE_melt_NSE__KGE_meltseason2,-0.024181383400385666,Dischma
D0b,D0b,D0b,2007,SWE_melt_NSE__Qmean_meltseason2_APE,0.5693656456701375,Dischma
D0b,D0b,D0b,2007,melt_sum_APE__NSE_meltseason2,-0.4921036930651586,Dischma
D0b,D0b,D0b,2007,melt_sum_APE__KGE_meltseason2,-0.4594316186372972,Dischma
D0b,D0b,D0b,2007,melt_sum_APE__Qmean_meltseason2_APE,-0.09668602933379698,Dischma
D0b,D0b,D0b,2007,SWE_NSE__NSE_meltseason2,-0.12716443014390014,Dischma
D0b,D0b,D0b,2007,SWE_NSE__KGE_meltseason2,-0.32576335201769147,Dischma
D0b,D0b,D0b,2007,SWE_NSE__Qmean_meltseason2_APE,0.02949129670939952,Dischma
D0b,D0b,D0b,2008,SWE_melt_NSE__NSE_meltseason2,-0.34856688486185944,Dischma
D0b,D0b,D0b,2008,SWE_melt_NSE__KGE_meltseason2,0.4212367236027528,Dischma
D0b,D0b,D0b,2008,SWE_melt_NSE__Qmean_meltseason2_APE,0.7931343911226562,Dischma
D0b,D0b,D0b,2008,melt_sum_APE__NSE_meltseason2,-0.5782172859409498,Dischma
D0b,D0b,D0b,2008,melt_sum_APE__KGE_meltseason2,-0.5188101657162288,Dischma
D0b,D0b,D0b,2008,melt_sum_APE__Qmean_meltseason2_APE,-0.03656445024313176,Dischma
D0b,D0b,D0b,2008,SWE_NSE__NSE_meltseason2,-0.39642182111149693,Dischma
D0b,D0b,D0b,2008,SWE_NSE__KGE_meltseason2,-0.2040551160023054,Dischma
D0b,D0b,D0b,2008,SWE_NSE__Qmean_meltseason2_APE,0.025167774388031663,Dischma
D0b,D0b,D0b,2009,SWE_melt_NSE__NSE_meltseason2,0.08451348293326133,Dischma
D0b,D0b,D0b,2009,SWE_melt_NSE__KGE_meltseason2,0.29132109994063005,Dischma
D0b,D0b,D0b,2009,SWE_melt_NSE__Qmean_meltseason2_APE,0.3418813270533101,Dischma
D0b,D0b,D0b,2009,melt_sum_APE__NSE_meltseason2,-0.7727439630729998,Dischma
D0b,D0b,D0b,2009,melt_sum_APE__KGE_meltseason2,-0.5313777837782124,Dischma
D0b,D0b,D0b,2009,melt_sum_APE__Qmean_meltseason2_APE,-0.038052723350156865,Dischma
D0b,D0b,D0b,2009,SWE_NSE__NSE_meltseason2,0.14747149478781096,Dischma
D0b,D0b,D0b,2009,SWE_NSE__KGE_meltseason2,0.24395137500452774,Dischma
D0b,D0b,D0b,2009,SWE_NSE__Qmean_meltseason2_APE,0.3342826663965193,Dischma
D0b,D0b,D0b,2010,SWE_melt_NSE__NSE_meltseason2,0.10570944117111523,Dischma
D0b,D0b,D0b,2010,SWE_melt_NSE__KGE_meltseason2,0.26384513642039414,Dischma
D0b,D0b,D0b,2010,SWE_melt_NSE__Qmean_meltseason2_APE,0.5645384647620941,Dischma
D0b,D0b,D0b,2010,melt_sum_APE__NSE_meltseason2,-0.017895231190632827,Dischma
D0b,D0b,D0b,2010,melt_sum_APE__KGE_meltseason2,0.39309494639816667,Dischma
D0b,D0b,D0b,2010,melt_sum_APE__Qmean_meltseason2_APE,0.14774755524673808,Dischma
D0b,D0b,D0b,2010,SWE_NSE__NSE_meltseason2,-0.0126039681983659,Dischma
D0b,D0b,D0b,2010,SWE_NSE__KGE_meltseason2,-0.0802722695161429,Dischma
D0b,D0b,D0b,2010,SWE_NSE__Qmean_meltseason2_APE,-0.03200331733441993,Dischma
D0b,D0b,D0b,2011,SWE_melt_NSE__NSE_meltseason2,-0.1811969241711255,Dischma
D0b,D0b,D0b,2011,SWE_melt_NSE__KGE_meltseason2,-0.11844915494515725,Dischma
D0b,D0b,D0b,2011,SWE_melt_NSE__Qmean_meltseason2_APE,0.6249584887373838,Dischma
D0b,D0b,D0b,2011,melt_sum_APE__NSE_meltseason2,-0.5157893344639826,Dischma
D0b,D0b,D0b,2011,melt_sum_APE__KGE_meltseason2,-0.32738212066212974,Dischma
D0b,D0b,D0b,2011,melt_sum_APE__Qmean_meltseason2_APE,0.09362018331021373,Dischma
D0b,D0b,D0b,2011,SWE_NSE__NSE_meltseason2,-0.21187126545380905,Dischma
D0b,D0b,D0b,2011,SWE_NSE__KGE_meltseason2,-0.09057877978202004,Dischma
D0b,D0b,D0b,2011,SWE_NSE__Qmean_meltseason2_APE,0.5435502247728519,Dischma
D0b,D0b,D0b,2012,SWE_melt_NSE__NSE_meltseason2,0.022566393938991496,Dischma
D0b,D0b,D0b,2012,SWE_melt_NSE__KGE_meltseason2,0.22688189653406723,Dischma
D0b,D0b,D0b,2012,SWE_melt_NSE__Qmean_meltseason2_APE,0.7369655941662061,Dischma
D0b,D0b,D0b,2012,melt_sum_APE__NSE_meltseason2,-0.41529147252848997,Dischma
D0b,D0b,D0b,2012,melt_sum_APE__KGE_meltseason2,-0.17681484884067541,Dischma
D0b,D0b,D0b,2012,melt_sum_APE__Qmean_meltseason2_APE,-0.058820174057456515,Dischma
D0b,D0b,D0b,2012,SWE_NSE__NSE_meltseason2,-0.018883712546360377,Dischma
D0b,D0b,D0b,2012,SWE_NSE__KGE_meltseason2,-0.09009004923566287,Dischma
D0b,D0b,D0b,2012,SWE_NSE__Qmean_meltseason2_APE,0.16928280466300608,Dischma
D0b,D0b,D0b,2013,SWE_melt_NSE__NSE_meltseason2,0.18671015841782498,Dischma
D0b,D0b,D0b,2013,SWE_melt_NSE__KGE_meltseason2,0.0031241668159968923,Dischma
D0b,D0b,D0b,2013,SWE_melt_NSE__Qmean_meltseason2_APE,0.8190439614333948,Dischma
D0b,D0b,D0b,2013,melt_sum_APE__NSE_meltseason2,-0.2881106857451096,Dischma
D0b,D0b,D0b,2013,melt_sum_APE__KGE_meltseason2,0.05050919729866428,Dischma
D0b,D0b,D0b,2013,melt_sum_APE__Qmean_meltseason2_APE,0.6372829093509991,Dischma
D0b,D0b,D0b,2013,SWE_NSE__NSE_meltseason2,-0.07600949487769863,Dischma
D0b,D0b,D0b,2013,SWE_NSE__KGE_meltseason2,0.006139137097406802,Dischma
D0b,D0b,D0b,2013,SWE_NSE__Qmean_meltseason2_APE,0.6698857382419174,Dischma
D0b,D0b,D0b,2014,SWE_melt_NSE__NSE_meltseason2,-0.2220762834934193,Dischma
D0b,D0b,D0b,2014,SWE_melt_NSE__KGE_meltseason2,-0.09198992558010725,Dischma
D0b,D0b,D0b,2014,SWE_melt_NSE__Qmean_meltseason2_APE,0.23134013528856961,Dischma
D0b,D0b,D0b,2014,melt_sum_APE__NSE_meltseason2,-0.21065396440278922,Dischma
D0b,D0b,D0b,2014,melt_sum_APE__KGE_meltseason2,-0.34230221443155273,Dischma
D0b,D0b,D0b,2014,melt_sum_APE__Qmean_meltseason2_APE,-0.2118699300932386,Dischma
D0b,D0b,D0b,2014,SWE_NSE__NSE_meltseason2,0.030456092686050908,Dischma
D0b,D0b,D0b,2014,SWE_NSE__KGE_meltseason2,-0.23748296692627655,Dischma
D0b,D0b,D0b,2014,SWE_NSE__Qmean_meltseason2_APE,0.13162212306288523,Dischma
D0b,D0b,D0b,2015,SWE_melt_NSE__NSE_meltseason2,0.24760031437721006,Dischma
D0b,D0b,D0b,2015,SWE_melt_NSE__KGE_meltseason2,0.13528293065754066,Dischma
D0b,D0b,D0b,2015,SWE_melt_NSE__Qmean_meltseason2_APE,0.5707623279034625,Dischma
D0b,D0b,D0b,2015,melt_sum_APE__NSE_meltseason2,-0.7078014474561578,Dischma
D0b,D0b,D0b,2015,melt_sum_APE__KGE_meltseason2,-0.45784068429370917,Dischma
D0b,D0b,D0b,2015,melt_sum_APE__Qmean_meltseason2_APE,-0.23758864745471908,Dischma
D0b,D0b,D0b,2015,SWE_NSE__NSE_meltseason2,-0.07315384210468752,Dischma
D0b,D0b,D0b,2015,SWE_NSE__KGE_meltseason2,-0.15159212775621808,Dischma
D0b,D0b,D0b,2015,SWE_NSE__Qmean_meltseason2_APE,0.12301668702963556,Dischma
D0b,D0b,D0b,2016,SWE_melt_NSE__NSE_meltseason2,0.4810311552434656,Dischma
D0b,D0b,D0b,2016,SWE_melt_NSE__KGE_meltseason2,0.22678997110773505,Dischma
D0b,D0b,D0b,2016,SWE_melt_NSE__Qmean_meltseason2_APE,0.5721247115460882,Dischma
D0b,D0b,D0b,2016,melt_sum_APE__NSE_meltseason2,-0.22941840486254497,Dischma
D0b,D0b,D0b,2016,melt_sum_APE__KGE_meltseason2,-0.11777399098250897,Dischma
D0b,D0b,D0b,2016,melt_sum_APE__Qmean_meltseason2_APE,-0.008171918399237635,Dischma
D0b,D0b,D0b,2016,SWE_NSE__NSE_meltseason2,0.25836638194096934,Dischma
D0b,D0b,D0b,2016,SWE_NSE__KGE_meltseason2,0.14628559710949582,Dischma
D0b,D0b,D0b,2016,SWE_NSE__Qmean_meltseason2_APE,0.6556898608839337,Dischma
D0b,D0b,D0b,2017,SWE_melt_NSE__NSE_meltseason2,0.35444677503500366,Dischma
D0b,D0b,D0b,2017,SWE_melt_NSE__KGE_meltseason2,0.150820697147122,Dischma
D0b,D0b,D0b,2017,SWE_melt_NSE__Qmean_meltseason2_APE,0.6561286626650286,Dischma
D0b,D0b,D0b,2017,melt_sum_APE__NSE_meltseason2,-0.4788512505957965,Dischma
D0b,D0b,D0b,2017,melt_sum_APE__KGE_meltseason2,-0.3001960263899237,Dischma
D0b,D0b,D0b,2017,melt_sum_APE__Qmean_meltseason2_APE,0.2502030068709129,Dischma
D0b,D0b,D0b,2017,SWE_NSE__NSE_meltseason2,0.07593755786678003,Dischma
D0b,D0b,D0b,2017,SWE_NSE__KGE_meltseason2,0.17628650169375035,Dischma
D0b,D0b,D0b,2017,SWE_NSE__Qmean_meltseason2_APE,0.31353388784143454,Dischma
D0b,D0b,D0b,2018,SWE_melt_NSE__NSE_meltseason2,0.13867468231269206,Dischma
D0b,D0b,D0b,2018,SWE_melt_NSE__KGE_meltseason2,0.07439640582497001,Dischma
D0b,D0b,D0b,2018,SWE_melt_NSE__Qmean_meltseason2_APE,1.0983110855724534,Dischma
D0b,D0b,D0b,2018,melt_sum_APE__NSE_meltseason2,-0.8381374403233264,Dischma
D0b,D0b,D0b,2018,melt_sum_APE__KGE_meltseason2,-0.7167003361598241,Dischma
D0b,D0b,D0b,2018,melt_sum_APE__Qmean_meltseason2_APE,0.015826620537282395,Dischma
D0b,D0b,D0b,2018,SWE_NSE__NSE_meltseason2,0.14254361391952433,Dischma
D0b,D0b,D0b,2018,SWE_NSE__KGE_meltseason2,0.0713762227126965,Dischma
D0b,D0b,D0b,2018,SWE_NSE__Qmean_meltseason2_APE,0.5198812059403354,Dischma
D0b,D0b,D0b,2019,SWE_melt_NSE__NSE_meltseason2,0.10243179729553527,Dischma
D0b,D0b,D0b,2019,SWE_melt_NSE__KGE_meltseason2,-0.24406994622646982,Dischma
D0b,D0b,D0b,2019,SWE_melt_NSE__Qmean_meltseason2_APE,0.6237771686167,Dischma
D0b,D0b,D0b,2019,melt_sum_APE__NSE_meltseason2,-0.5772838600635105,Dischma
D0b,D0b,D0b,2019,melt_sum_APE__KGE_meltseason2,-0.24943641985433523,Dischma
D0b,D0b,D0b,2019,melt_sum_APE__Qmean_meltseason2_APE,-0.23883143949691832,Dischma
D0b,D0b,D0b,2019,SWE_NSE__NSE_meltseason2,-0.07364076225226451,Dischma
D0b,D0b,D0b,2019,SWE_NSE__KGE_meltseason2,-0.09364548975377364,Dischma
D0b,D0b,D0b,2019,SWE_NSE__Qmean_meltseason2_APE,0.23762117002191585,Dischma
D0b,D0b,D0b,2020,SWE_melt_NSE__NSE_meltseason2,0.11595343298487688,Dischma
D0b,D0b,D0b,2020,SWE_melt_NSE__KGE_meltseason2,0.1025451207814763,Dischma
D0b,D0b,D0b,2020,SWE_melt_NSE__Qmean_meltseason2_APE,0.5105463665875648,Dischma
D0b,D0b,D0b,2020,melt_sum_APE__NSE_meltseason2,-0.6668713328114866,Dischma
D0b,D0b,D0b,2020,melt_sum_APE__KGE_meltseason2,-0.5003935266398655,Dischma
D0b,D0b,D0b,2020,melt_sum_APE__Qmean_meltseason2_APE,-0.10630645154448994,Dischma
D0b,D0b,D0b,2020,SWE_NSE__NSE_meltseason2,0.20671079910417822,Dischma
D0b,D0b,D0b,2020,SWE_NSE__KGE_meltseason2,0.2529024210894582,Dischma
D0b,D0b,D0b,2020,SWE_NSE__Qmean_meltseason2_APE,0.3590356781012262,Dischma
D0b,D0b,D0b,2021,SWE_melt_NSE__NSE_meltseason2,-0.16107689161295294,Dischma
D0b,D0b,D0b,2021,SWE_melt_NSE__KGE_meltseason2,-0.36614985278127893,Dischma
D0b,D0b,D0b,2021,SWE_melt_NSE__Qmean_meltseason2_APE,0.6905859798365324,Dischma
D0b,D0b,D0b,2021,melt_sum_APE__NSE_meltseason2,-0.6426301108145904,Dischma
D0b,D0b,D0b,2021,melt_sum_APE__KGE_meltseason2,-0.23986869865212182,Dischma
D0b,D0b,D0b,2021,melt_sum_APE__Qmean_meltseason2_APE,0.3672710803481165,Dischma
D0b,D0b,D0b,2021,SWE_NSE__NSE_meltseason2,0.2563260196506347,Dischma
D0b,D0b,D0b,2021,SWE_NSE__KGE_meltseason2,-0.03124632943527877,Dischma
D0b,D0b,D0b,2021,SWE_NSE__Qmean_meltseason2_APE,0.2920716073144985,Dischma
D0b,D0b,D0b,2022,SWE_melt_NSE__NSE_meltseason2,-0.020480241983707265,Dischma
D0b,D0b,D0b,2022,SWE_melt_NSE__KGE_meltseason2,0.03170885972733805,Dischma
D0b,D0b,D0b,2022,SWE_melt_NSE__Qmean_meltseason2_APE,0.6766145902908096,Dischma
D0b,D0b,D0b,2022,melt_sum_APE__NSE_meltseason2,-0.45325808935289924,Dischma
D0b,D0b,D0b,2022,melt_sum_APE__KGE_meltseason2,-0.2833792134592577,Dischma
D0b,D0b,D0b,2022,melt_sum_APE__Qmean_meltseason2_APE,0.019354932644802477,Dischma
D0b,D0b,D0b,2022,SWE_NSE__NSE_meltseason2,0.09971839725971307,Dischma
D0b,D0b,D0b,2022,SWE_NSE__KGE_meltseason2,0.2687553397070479,Dischma
D0b,D0b,D0b,2022,SWE_NSE__Qmean_meltseason2_APE,0.5345050751516303,Dischma
D0c,D0c,D0c,2001,SWE_melt_NSE__NSE_meltseason2,0.48036688614009915,Dischma
D0c,D0c,D0c,2001,SWE_melt_NSE__KGE_meltseason2,0.4197070005621912,Dischma
D0c,D0c,D0c,2001,SWE_melt_NSE__Qmean_meltseason2_APE,0.735901659722052,Dischma
D0c,D0c,D0c,2001,melt_sum_APE__NSE_meltseason2,-0.6696528941624864,Dischma
D0c,D0c,D0c,2001,melt_sum_APE__KGE_meltseason2,-0.6536208349345795,Dischma
D0c,D0c,D0c,2001,melt_sum_APE__Qmean_meltseason2_APE,0.26269184497717085,Dischma
D0c,D0c,D0c,2001,SWE_NSE__NSE_meltseason2,0.18212855112272064,Dischma
D0c,D0c,D0c,2001,SWE_NSE__KGE_meltseason2,0.2504806338890046,Dischma
D0c,D0c,D0c,2001,SWE_NSE__Qmean_meltseason2_APE,0.5811991800531249,Dischma
D0c,D0c,D0c,2002,SWE_melt_NSE__NSE_meltseason2,0.10900077716137294,Dischma
D0c,D0c,D0c,2002,SWE_melt_NSE__KGE_meltseason2,0.14471090055707755,Dischma
D0c,D0c,D0c,2002,SWE_melt_NSE__Qmean_meltseason2_APE,0.6275115509831611,Dischma
D0c,D0c,D0c,2002,melt_sum_APE__NSE_meltseason2,-0.5496025735312199,Dischma
D0c,D0c,D0c,2002,melt_sum_APE__KGE_meltseason2,-0.38663532618354146,Dischma
D0c,D0c,D0c,2002,melt_sum_APE__Qmean_meltseason2_APE,0.1299778412732182,Dischma
D0c,D0c,D0c,2002,SWE_NSE__NSE_meltseason2,-0.15374382713658202,Dischma
D0c,D0c,D0c,2002,SWE_NSE__KGE_meltseason2,-0.04661094229158994,Dischma
D0c,D0c,D0c,2002,SWE_NSE__Qmean_meltseason2_APE,0.5140848685296526,Dischma
D0c,D0c,D0c,2003,SWE_melt_NSE__NSE_meltseason2,-0.26979529056723967,Dischma
D0c,D0c,D0c,2003,SWE_melt_NSE__KGE_meltseason2,0.12203198967197008,Dischma
D0c,D0c,D0c,2003,SWE_melt_NSE__Qmean_meltseason2_APE,0.8251464855899008,Dischma
D0c,D0c,D0c,2003,melt_sum_APE__NSE_meltseason2,-0.6316079431580615,Dischma
D0c,D0c,D0c,2003,melt_sum_APE__KGE_meltseason2,-0.5695070290259292,Dischma
D0c,D0c,D0c,2003,melt_sum_APE__Qmean_meltseason2_APE,-0.30077939570932044,Dischma
D0c,D0c,D0c,2003,SWE_NSE__NSE_meltseason2,-0.19846569037621634,Dischma
D0c,D0c,D0c,2003,SWE_NSE__KGE_meltseason2,-0.029325204162544596,Dischma
D0c,D0c,D0c,2003,SWE_NSE__Qmean_meltseason2_APE,0.3659170863417775,Dischma
D0c,D0c,D0c,2004,SWE_melt_NSE__NSE_meltseason2,-0.00090168442990735,Dischma
D0c,D0c,D0c,2004,SWE_melt_NSE__KGE_meltseason2,-0.019165234413855526,Dischma
D0c,D0c,D0c,2004,SWE_melt_NSE__Qmean_meltseason2_APE,0.5795044594400105,Dischma
D0c,D0c,D0c,2004,melt_sum_APE__NSE_meltseason2,-0.4436374512003784,Dischma
D0c,D0c,D0c,2004,melt_sum_APE__KGE_meltseason2,-0.17064023374137413,Dischma
D0c,D0c,D0c,2004,melt_sum_APE__Qmean_meltseason2_APE,0.32900436234017005,Dischma
D0c,D0c,D0c,2004,SWE_NSE__NSE_meltseason2,-0.21975030810499388,Dischma
D0c,D0c,D0c,2004,SWE_NSE__KGE_meltseason2,-0.16098127209041493,Dischma
D0c,D0c,D0c,2004,SWE_NSE__Qmean_meltseason2_APE,0.5597438238013575,Dischma
D0c,D0c,D0c,2005,SWE_melt_NSE__NSE_meltseason2,0.17398445250373495,Dischma
D0c,D0c,D0c,2005,SWE_melt_NSE__KGE_meltseason2,0.8334353076373318,Dischma
D0c,D0c,D0c,2005,SWE_melt_NSE__Qmean_meltseason2_APE,0.9047894151550268,Dischma
D0c,D0c,D0c,2005,melt_sum_APE__NSE_meltseason2,-0.5864120085702988,Dischma
D0c,D0c,D0c,2005,melt_sum_APE__KGE_meltseason2,-0.12276552025078692,Dischma
D0c,D0c,D0c,2005,melt_sum_APE__Qmean_meltseason2_APE,0.6148379299714549,Dischma
D0c,D0c,D0c,2005,SWE_NSE__NSE_meltseason2,-0.27722452434692235,Dischma
D0c,D0c,D0c,2005,SWE_NSE__KGE_meltseason2,0.3962211073310677,Dischma
D0c,D0c,D0c,2005,SWE_NSE__Qmean_meltseason2_APE,0.6133607214286318,Dischma
D0c,D0c,D0c,2006,SWE_melt_NSE__NSE_meltseason2,0.28267517808891474,Dischma
D0c,D0c,D0c,2006,SWE_melt_NSE__KGE_meltseason2,0.22549833220426935,Dischma
D0c,D0c,D0c,2006,SWE_melt_NSE__Qmean_meltseason2_APE,0.7060125338314558,Dischma
D0c,D0c,D0c,2006,melt_sum_APE__NSE_meltseason2,-0.3408396801505859,Dischma
D0c,D0c,D0c,2006,melt_sum_APE__KGE_meltseason2,-0.46534258112690935,Dischma
D0c,D0c,D0c,2006,melt_sum_APE__Qmean_meltseason2_APE,-0.06506218558251445,Dischma
D0c,D0c,D0c,2006,SWE_NSE__NSE_meltseason2,0.14326875988421525,Dischma
D0c,D0c,D0c,2006,SWE_NSE__KGE_meltseason2,0.0012550631856242547,Dischma
D0c,D0c,D0c,2006,SWE_NSE__Qmean_meltseason2_APE,0.3197089903684852,Dischma
D0c,D0c,D0c,2007,SWE_melt_NSE__NSE_meltseason2,-0.1532491023977077,Dischma
D0c,D0c,D0c,2007,SWE_melt_NSE__KGE_meltseason2,-0.21661154767199636,Dischma
D0c,D0c,D0c,2007,SWE_melt_NSE__Qmean_meltseason2_APE,0.1867698255111052,Dischma
D0c,D0c,D0c,2007,melt_sum_APE__NSE_meltseason2,-0.27096132160542274,Dischma
D0c,D0c,D0c,2007,melt_sum_APE__KGE_meltseason2,-0.26612218703970636,Dischma
D0c,D0c,D0c,2007,melt_sum_APE__Qmean_meltseason2_APE,-0.026905463708475442,Dischma
D0c,D0c,D0c,2007,SWE_NSE__NSE_meltseason2,0.3318385919336227,Dischma
D0c,D0c,D0c,2007,SWE_NSE__KGE_meltseason2,0.13497864116666747,Dischma
D0c,D0c,D0c,2007,SWE_NSE__Qmean_meltseason2_APE,0.26325153203495444,Dischma
D0c,D0c,D0c,2008,SWE_melt_NSE__NSE_meltseason2,0.4682527372707719,Dischma
D0c,D0c,D0c,2008,SWE_melt_NSE__KGE_meltseason2,0.2796887203004095,Dischma
D0c,D0c,D0c,2008,SWE_melt_NSE__Qmean_meltseason2_APE,1.0948235462015934,Dischma
D0c,D0c,D0c,2008,melt_sum_APE__NSE_meltseason2,-0.4103425896329073,Dischma
D0c,D0c,D0c,2008,melt_sum_APE__KGE_meltseason2,-0.06906598200635979,Dischma
D0c,D0c,D0c,2008,melt_sum_APE__Qmean_meltseason2_APE,0.47481518089907726,Dischma
D0c,D0c,D0c,2008,SWE_NSE__NSE_meltseason2,0.034389889993279,Dischma
D0c,D0c,D0c,2008,SWE_NSE__KGE_meltseason2,0.12726830155548002,Dischma
D0c,D0c,D0c,2008,SWE_NSE__Qmean_meltseason2_APE,0.6792957875451496,Dischma
D0c,D0c,D0c,2009,SWE_melt_NSE__NSE_meltseason2,0.19513996847680784,Dischma
D0c,D0c,D0c,2009,SWE_melt_NSE__KGE_meltseason2,0.27381341533304804,Dischma
D0c,D0c,D0c,2009,SWE_melt_NSE__Qmean_meltseason2_APE,0.4223905305788156,Dischma
D0c,D0c,D0c,2009,melt_sum_APE__NSE_meltseason2,-0.7336512579310877,Dischma
D0c,D0c,D0c,2009,melt_sum_APE__KGE_meltseason2,-0.6963867093777468,Dischma
D0c,D0c,D0c,2009,melt_sum_APE__Qmean_meltseason2_APE,-0.07436695772644042,Dischma
D0c,D0c,D0c,2009,SWE_NSE__NSE_meltseason2,-0.16953788633558253,Dischma
D0c,D0c,D0c,2009,SWE_NSE__KGE_meltseason2,-0.40662114125967613,Dischma
D0c,D0c,D0c,2009,SWE_NSE__Qmean_meltseason2_APE,-0.10576495865654618,Dischma
D0c,D0c,D0c,2010,SWE_melt_NSE__NSE_meltseason2,0.1640746250823622,Dischma
D0c,D0c,D0c,2010,SWE_melt_NSE__KGE_meltseason2,0.2578211672009,Dischma
D0c,D0c,D0c,2010,SWE_melt_NSE__Qmean_meltseason2_APE,0.8630830130784881,Dischma
D0c,D0c,D0c,2010,melt_sum_APE__NSE_meltseason2,-0.5368049232000172,Dischma
D0c,D0c,D0c,2010,melt_sum_APE__KGE_meltseason2,-0.3897352891734855,Dischma
D0c,D0c,D0c,2010,melt_sum_APE__Qmean_meltseason2_APE,0.031036569599903873,Dischma
D0c,D0c,D0c,2010,SWE_NSE__NSE_meltseason2,0.12723117107369813,Dischma
D0c,D0c,D0c,2010,SWE_NSE__KGE_meltseason2,0.16183568306023502,Dischma
D0c,D0c,D0c,2010,SWE_NSE__Qmean_meltseason2_APE,0.778587697434559,Dischma
D0c,D0c,D0c,2011,SWE_melt_NSE__NSE_meltseason2,-0.015281917568912003,Dischma
D0c,D0c,D0c,2011,SWE_melt_NSE__KGE_meltseason2,0.08237574280652728,Dischma
D0c,D0c,D0c,2011,SWE_melt_NSE__Qmean_meltseason2_APE,0.6933765977442418,Dischma
D0c,D0c,D0c,2011,melt_sum_APE__NSE_meltseason2,-0.36583779321861926,Dischma
D0c,D0c,D0c,2011,melt_sum_APE__KGE_meltseason2,-0.18354381217311175,Dischma
D0c,D0c,D0c,2011,melt_sum_APE__Qmean_meltseason2_APE,0.3268103162671085,Dischma
D0c,D0c,D0c,2011,SWE_NSE__NSE_meltseason2,0.040998689911671014,Dischma
D0c,D0c,D0c,2011,SWE_NSE__KGE_meltseason2,0.2427303093787053,Dischma
D0c,D0c,D0c,2011,SWE_NSE__Qmean_meltseason2_APE,0.7176168121649136,Dischma
D0c,D0c,D0c,2012,SWE_melt_NSE__NSE_meltseason2,0.01601393379557207,Dischma
D0c,D0c,D0c,2012,SWE_melt_NSE__KGE_meltseason2,0.5476670486603078,Dischma
D0c,D0c,D0c,2012,SWE_melt_NSE__Qmean_meltseason2_APE,1.0202486838438054,Dischma
D0c,D0c,D0c,2012,melt_sum_APE__NSE_meltseason2,-0.23693044187952558,Dischma
D0c,D0c,D0c,2012,melt_sum_APE__KGE_meltseason2,0.06742532267468555,Dischma
D0c,D0c,D0c,2012,melt_sum_APE__Qmean_meltseason2_APE,-0.026064275006897387,Dischma
D0c,D0c,D0c,2012,SWE_NSE__NSE_meltseason2,0.13463308919111142,Dischma
D0c,D0c,D0c,2012,SWE_NSE__KGE_meltseason2,0.31981091490232283,Dischma
D0c,D0c,D0c,2012,SWE_NSE__Qmean_meltseason2_APE,0.5718874153868398,Dischma
D0c,D0c,D0c,2013,SWE_melt_NSE__NSE_meltseason2,0.20774564537204646,Dischma
D0c,D0c,D0c,2013,SWE_melt_NSE__KGE_meltseason2,0.42400212909969937,Dischma
D0c,D0c,D0c,2013,SWE_melt_NSE__Qmean_meltseason2_APE,1.0466061746470041,Dischma
D0c,D0c,D0c,2013,melt_sum_APE__NSE_meltseason2,-0.5887146355822637,Dischma
D0c,D0c,D0c,2013,melt_sum_APE__KGE_meltseason2,-0.3995237203839609,Dischma
D0c,D0c,D0c,2013,melt_sum_APE__Qmean_meltseason2_APE,0.5437329077082655,Dischma
D0c,D0c,D0c,2013,SWE_NSE__NSE_meltseason2,-0.09468831060047508,Dischma
D0c,D0c,D0c,2013,SWE_NSE__KGE_meltseason2,0.20032016125528201,Dischma
D0c,D0c,D0c,2013,SWE_NSE__Qmean_meltseason2_APE,0.722844130137555,Dischma
D0c,D0c,D0c,2014,SWE_melt_NSE__NSE_meltseason2,0.16159298086769258,Dischma
D0c,D0c,D0c,2014,SWE_melt_NSE__KGE_meltseason2,0.2650279967188139,Dischma
D0c,D0c,D0c,2014,SWE_melt_NSE__Qmean_meltseason2_APE,0.37029655944104356,Dischma
D0c,D0c,D0c,2014,melt_sum_APE__NSE_meltseason2,-0.4908675440177555,Dischma
D0c,D0c,D0c,2014,melt_sum_APE__KGE_meltseason2,-0.19414004720423536,Dischma
D0c,D0c,D0c,2014,melt_sum_APE__Qmean_meltseason2_APE,0.150451391181035,Dischma
D0c,D0c,D0c,2014,SWE_NSE__NSE_meltseason2,0.16649409604203902,Dischma
D0c,D0c,D0c,2014,SWE_NSE__KGE_meltseason2,0.1397636908964568,Dischma
D0c,D0c,D0c,2014,SWE_NSE__Qmean_meltseason2_APE,0.10570345677928161,Dischma
D0c,D0c,D0c,2015,SWE_melt_NSE__NSE_meltseason2,0.3643084317386631,Dischma
D0c,D0c,D0c,2015,SWE_melt_NSE__KGE_meltseason2,0.6179749224877458,Dischma
D0c,D0c,D0c,2015,SWE_melt_NSE__Qmean_meltseason2_APE,0.9700609348057726,Dischma
D0c,D0c,D0c,2015,melt_sum_APE__NSE_meltseason2,-0.34774773967918493,Dischma
D0c,D0c,D0c,2015,melt_sum_APE__KGE_meltseason2,-0.18229715955218978,Dischma
D0c,D0c,D0c,2015,melt_sum_APE__Qmean_meltseason2_APE,0.40355175458653575,Dischma
D0c,D0c,D0c,2015,SWE_NSE__NSE_meltseason2,0.1294840754138153,Dischma
D0c,D0c,D0c,2015,SWE_NSE__KGE_meltseason2,0.5288548344984249,Dischma
D0c,D0c,D0c,2015,SWE_NSE__Qmean_meltseason2_APE,0.8496154288271245,Dischma
D0c,D0c,D0c,2016,SWE_melt_NSE__NSE_meltseason2,0.40878879170024396,Dischma
D0c,D0c,D0c,2016,SWE_melt_NSE__KGE_meltseason2,0.06394691677985415,Dischma
D0c,D0c,D0c,2016,SWE_melt_NSE__Qmean_meltseason2_APE,0.6273230024448013,Dischma
D0c,D0c,D0c,2016,melt_sum_APE__NSE_meltseason2,-0.16902718882954934,Dischma
D0c,D0c,D0c,2016,melt_sum_APE__KGE_meltseason2,0.180615944472365,Dischma
D0c,D0c,D0c,2016,melt_sum_APE__Qmean_meltseason2_APE,0.2789358221985495,Dischma
D0c,D0c,D0c,2016,SWE_NSE__NSE_meltseason2,0.5593737731726545,Dischma
D0c,D0c,D0c,2016,SWE_NSE__KGE_meltseason2,0.3495659445450742,Dischma
D0c,D0c,D0c,2016,SWE_NSE__Qmean_meltseason2_APE,0.7460225371254292,Dischma
D0c,D0c,D0c,2017,SWE_melt_NSE__NSE_meltseason2,-0.16251028569427214,Dischma
D0c,D0c,D0c,2017,SWE_melt_NSE__KGE_meltseason2,0.21846808715771524,Dischma
D0c,D0c,D0c,2017,SWE_melt_NSE__Qmean_meltseason2_APE,0.6404470229506274,Dischma
D0c,D0c,D0c,2017,melt_sum_APE__NSE_meltseason2,-0.46458449209784125,Dischma
D0c,D0c,D0c,2017,melt_sum_APE__KGE_meltseason2,-0.31864551089806076,Dischma
D0c,D0c,D0c,2017,melt_sum_APE__Qmean_meltseason2_APE,0.06964967391934465,Dischma
D0c,D0c,D0c,2017,SWE_NSE__NSE_meltseason2,-0.2972879628493937,Dischma
D0c,D0c,D0c,2017,SWE_NSE__KGE_meltseason2,-0.1508473873447898,Dischma
D0c,D0c,D0c,2017,SWE_NSE__Qmean_meltseason2_APE,0.2805933611102532,Dischma
D0c,D0c,D0c,2018,SWE_melt_NSE__NSE_meltseason2,0.2837061628116402,Dischma
D0c,D0c,D0c,2018,SWE_melt_NSE__KGE_meltseason2,0.25280177172792107,Dischma
D0c,D0c,D0c,2018,SWE_melt_NSE__Qmean_meltseason2_APE,0.7050017517007869,Dischma
D0c,D0c,D0c,2018,melt_sum_APE__NSE_meltseason2,-0.7572646719406178,Dischma
D0c,D0c,D0c,2018,melt_sum_APE__KGE_meltseason2,-0.6166887938816119,Dischma
D0c,D0c,D0c,2018,melt_sum_APE__Qmean_meltseason2_APE,0.11245170734535084,Dischma
D0c,D0c,D0c,2018,SWE_NSE__NSE_meltseason2,0.16637501509149832,Dischma
D0c,D0c,D0c,2018,SWE_NSE__KGE_meltseason2,0.23505137931034617,Dischma
D0c,D0c,D0c,2018,SWE_NSE__Qmean_meltseason2_APE,0.5079640217765455,Dischma
D0c,D0c,D0c,2019,SWE_melt_NSE__NSE_meltseason2,0.2994721379736879,Dischma
D0c,D0c,D0c,2019,SWE_melt_NSE__KGE_meltseason2,0.02096106877789254,Dischma
D0c,D0c,D0c,2019,SWE_melt_NSE__Qmean_meltseason2_APE,0.5796617168978473,Dischma
D0c,D0c,D0c,2019,melt_sum_APE__NSE_meltseason2,-0.6845670593696505,Dischma
D0c,D0c,D0c,2019,melt_sum_APE__KGE_meltseason2,-0.5157518823527345,Dischma
D0c,D0c,D0c,2019,melt_sum_APE__Qmean_meltseason2_APE,-0.08131144703184835,Dischma
D0c,D0c,D0c,2019,SWE_NSE__NSE_meltseason2,-0.16755560427030466,Dischma
D0c,D0c,D0c,2019,SWE_NSE__KGE_meltseason2,-0.1738392848937004,Dischma
D0c,D0c,D0c,2019,SWE_NSE__Qmean_meltseason2_APE,0.04364428426830446,Dischma
D0c,D0c,D0c,2020,SWE_melt_NSE__NSE_meltseason2,0.06368067921164842,Dischma
D0c,D0c,D0c,2020,SWE_melt_NSE__KGE_meltseason2,-0.013291378039498512,Dischma
D0c,D0c,D0c,2020,SWE_melt_NSE__Qmean_meltseason2_APE,0.44830403593537493,Dischma
D0c,D0c,D0c,2020,melt_sum_APE__NSE_meltseason2,-0.4030129669177063,Dischma
D0c,D0c,D0c,2020,melt_sum_APE__KGE_meltseason2,-0.47062982524216124,Dischma
D0c,D0c,D0c,2020,melt_sum_APE__Qmean_meltseason2_APE,0.15139264750590337,Dischma
D0c,D0c,D0c,2020,SWE_NSE__NSE_meltseason2,0.2707700546133989,Dischma
D0c,D0c,D0c,2020,SWE_NSE__KGE_meltseason2,0.18670071419313933,Dischma
D0c,D0c,D0c,2020,SWE_NSE__Qmean_meltseason2_APE,0.5066470881675729,Dischma
D0c,D0c,D0c,2021,SWE_melt_NSE__NSE_meltseason2,0.09305576363220754,Dischma
D0c,D0c,D0c,2021,SWE_melt_NSE__KGE_meltseason2,0.10020612827752785,Dischma
D0c,D0c,D0c,2021,SWE_melt_NSE__Qmean_meltseason2_APE,0.6004010820665855,Dischma
D0c,D0c,D0c,2021,melt_sum_APE__NSE_meltseason2,-0.3078049831903763,Dischma
D0c,D0c,D0c,2021,melt_sum_APE__KGE_meltseason2,0.35930236555079714,Dischma
D0c,D0c,D0c,2021,melt_sum_APE__Qmean_meltseason2_APE,0.32062862040122747,Dischma
D0c,D0c,D0c,2021,SWE_NSE__NSE_meltseason2,0.012221290809038303,Dischma
D0c,D0c,D0c,2021,SWE_NSE__KGE_meltseason2,0.22043064688052488,Dischma
D0c,D0c,D0c,2021,SWE_NSE__Qmean_meltseason2_APE,0.2228167808538439,Dischma
D0c,D0c,D0c,2022,SWE_melt_NSE__NSE_meltseason2,-0.2369236754173837,Dischma
D0c,D0c,D0c,2022,SWE_melt_NSE__KGE_meltseason2,0.2932240600544271,Dischma
D0c,D0c,D0c,2022,SWE_melt_NSE__Qmean_meltseason2_APE,0.6854490268738082,Dischma
D0c,D0c,D0c,2022,melt_sum_APE__NSE_meltseason2,-0.15786810004949337,Dischma
D0c,D0c,D0c,2022,melt_sum_APE__KGE_meltseason2,0.05152348391530156,Dischma
D0c,D0c,D0c,2022,melt_sum_APE__Qmean_meltseason2_APE,0.0421254756726766,Dischma
D0c,D0c,D0c,2022,SWE_NSE__NSE_meltseason2,0.04535592390755147,Dischma
D0c,D0c,D0c,2022,SWE_NSE__KGE_meltseason2,0.05010652140620785,Dischma
D0c,D0c,D0c,2022,SWE_NSE__Qmean_meltseason2_APE,0.5644603678332485,Dischma
D0d,D0d,D0d,2001,SWE_melt_NSE__NSE_meltseason2,0.017934285324214684,Dischma
D0d,D0d,D0d,2001,SWE_melt_NSE__KGE_meltseason2,-0.015978715234603588,Dischma
D0d,D0d,D0d,2001,SWE_melt_NSE__Qmean_meltseason2_APE,0.5503124474032812,Dischma
D0d,D0d,D0d,2001,melt_sum_APE__NSE_meltseason2,-0.40169507980451086,Dischma
D0d,D0d,D0d,2001,melt_sum_APE__KGE_meltseason2,-0.188418329104997,Dischma
D0d,D0d,D0d,2001,melt_sum_APE__Qmean_meltseason2_APE,-0.16750640063966873,Dischma
D0d,D0d,D0d,2001,SWE_NSE__NSE_meltseason2,0.3125149271767155,Dischma
D0d,D0d,D0d,2001,SWE_NSE__KGE_meltseason2,0.17002888587374448,Dischma
D0d,D0d,D0d,2001,SWE_NSE__Qmean_meltseason2_APE,0.41606323344284113,Dischma
D0d,D0d,D0d,2002,SWE_melt_NSE__NSE_meltseason2,0.2675817881309253,Dischma
D0d,D0d,D0d,2002,SWE_melt_NSE__KGE_meltseason2,0.3878993192767229,Dischma
D0d,D0d,D0d,2002,SWE_melt_NSE__Qmean_meltseason2_APE,0.6388076758048706,Dischma
D0d,D0d,D0d,2002,melt_sum_APE__NSE_meltseason2,-0.24127505926539966,Dischma
D0d,D0d,D0d,2002,melt_sum_APE__KGE_meltseason2,-0.046911743399146555,Dischma
D0d,D0d,D0d,2002,melt_sum_APE__Qmean_meltseason2_APE,-0.009204185374255982,Dischma
D0d,D0d,D0d,2002,SWE_NSE__NSE_meltseason2,0.1557584605161677,Dischma
D0d,D0d,D0d,2002,SWE_NSE__KGE_meltseason2,0.23916983052683946,Dischma
D0d,D0d,D0d,2002,SWE_NSE__Qmean_meltseason2_APE,0.4411785042533477,Dischma
D0d,D0d,D0d,2003,SWE_melt_NSE__NSE_meltseason2,0.25244898471757,Dischma
D0d,D0d,D0d,2003,SWE_melt_NSE__KGE_meltseason2,0.3579386306530626,Dischma
D0d,D0d,D0d,2003,SWE_melt_NSE__Qmean_meltseason2_APE,0.9733802319272318,Dischma
D0d,D0d,D0d,2003,melt_sum_APE__NSE_meltseason2,-0.23297223238303089,Dischma
D0d,D0d,D0d,2003,melt_sum_APE__KGE_meltseason2,-0.04960097147681424,Dischma
D0d,D0d,D0d,2003,melt_sum_APE__Qmean_meltseason2_APE,0.29426135227110173,Dischma
D0d,D0d,D0d,2003,SWE_NSE__NSE_meltseason2,-0.24780941946890409,Dischma
D0d,D0d,D0d,2003,SWE_NSE__KGE_meltseason2,-0.14514942240398757,Dischma
D0d,D0d,D0d,2003,SWE_NSE__Qmean_meltseason2_APE,0.46844264753936316,Dischma
D0d,D0d,D0d,2004,SWE_melt_NSE__NSE_meltseason2,-0.19226228175011179,Dischma
D0d,D0d,D0d,2004,SWE_melt_NSE__KGE_meltseason2,0.04304249655643916,Dischma
D0d,D0d,D0d,2004,SWE_melt_NSE__Qmean_meltseason2_APE,0.46077435089895336,Dischma
D0d,D0d,D0d,2004,melt_sum_APE__NSE_meltseason2,-0.3618962459729111,Dischma
D0d,D0d,D0d,2004,melt_sum_APE__KGE_meltseason2,-0.3510411472002413,Dischma
D0d,D0d,D0d,2004,melt_sum_APE__Qmean_meltseason2_APE,0.0639289202771162,Dischma
D0d,D0d,D0d,2004,SWE_NSE__NSE_meltseason2,-0.35035250233466253,Dischma
D0d,D0d,D0d,2004,SWE_NSE__KGE_meltseason2,0.04881393422044982,Dischma
D0d,D0d,D0d,2004,SWE_NSE__Qmean_meltseason2_APE,0.539373693770983,Dischma
D0d,D0d,D0d,2005,SWE_melt_NSE__NSE_meltseason2,0.4651412793769488,Dischma
D0d,D0d,D0d,2005,SWE_melt_NSE__KGE_meltseason2,0.7229308289665581,Dischma
D0d,D0d,D0d,2005,SWE_melt_NSE__Qmean_meltseason2_APE,0.4975776312456357,Dischma
D0d,D0d,D0d,2005,melt_sum_APE__NSE_meltseason2,-0.2492001492356429,Dischma
D0d,D0d,D0d,2005,melt_sum_APE__KGE_meltseason2,0.41743376050654196,Dischma
D0d,D0d,D0d,2005,melt_sum_APE__Qmean_meltseason2_APE,0.4981435406660498,Dischma
D0d,D0d,D0d,2005,SWE_NSE__NSE_meltseason2,0.02394645415512918,Dischma
D0d,D0d,D0d,2005,SWE_NSE__KGE_meltseason2,0.5621292372983013,Dischma
D0d,D0d,D0d,2005,SWE_NSE__Qmean_meltseason2_APE,0.39285374485617736,Dischma
D0d,D0d,D0d,2006,SWE_melt_NSE__NSE_meltseason2,-0.11204949311305225,Dischma
D0d,D0d,D0d,2006,SWE_melt_NSE__KGE_meltseason2,0.11643359467795499,Dischma
D0d,D0d,D0d,2006,SWE_melt_NSE__Qmean_meltseason2_APE,0.49457399948466874,Dischma
D0d,D0d,D0d,2006,melt_sum_APE__NSE_meltseason2,-0.11551936512998123,Dischma
D0d,D0d,D0d,2006,melt_sum_APE__KGE_meltseason2,-0.01670820665314616,Dischma
D0d,D0d,D0d,2006,melt_sum_APE__Qmean_meltseason2_APE,-0.20961242032780833,Dischma
D0d,D0d,D0d,2006,SWE_NSE__NSE_meltseason2,-0.18839114983069544,Dischma
D0d,D0d,D0d,2006,SWE_NSE__KGE_meltseason2,-0.20265152504057662,Dischma
D0d,D0d,D0d,2006,SWE_NSE__Qmean_meltseason2_APE,0.043300172256875366,Dischma
D0d,D0d,D0d,2007,SWE_melt_NSE__NSE_meltseason2,0.03362802721078696,Dischma
D0d,D0d,D0d,2007,SWE_melt_NSE__KGE_meltseason2,0.26497221007528643,Dischma
D0d,D0d,D0d,2007,SWE_melt_NSE__Qmean_meltseason2_APE,0.2971750043121509,Dischma
D0d,D0d,D0d,2007,melt_sum_APE__NSE_meltseason2,-0.3603613333005861,Dischma
D0d,D0d,D0d,2007,melt_sum_APE__KGE_meltseason2,0.026618011769692224,Dischma
D0d,D0d,D0d,2007,melt_sum_APE__Qmean_meltseason2_APE,0.14310578822455794,Dischma
D0d,D0d,D0d,2007,SWE_NSE__NSE_meltseason2,-0.484588422957046,Dischma
D0d,D0d,D0d,2007,SWE_NSE__KGE_meltseason2,-0.03430274007269654,Dischma
D0d,D0d,D0d,2007,SWE_NSE__Qmean_meltseason2_APE,0.1583665002984081,Dischma
D0d,D0d,D0d,2008,SWE_melt_NSE__NSE_meltseason2,0.09641384489961262,Dischma
D0d,D0d,D0d,2008,SWE_melt_NSE__KGE_meltseason2,0.053189670242581366,Dischma
D0d,D0d,D0d,2008,SWE_melt_NSE__Qmean_meltseason2_APE,0.6307457159746349,Dischma
D0d,D0d,D0d,2008,melt_sum_APE__NSE_meltseason2,-0.3759508148762214,Dischma
D0d,D0d,D0d,2008,melt_sum_APE__KGE_meltseason2,-0.3174276234429376,Dischma
D0d,D0d,D0d,2008,melt_sum_APE__Qmean_meltseason2_APE,0.06058808834786454,Dischma
D0d,D0d,D0d,2008,SWE_NSE__NSE_meltseason2,-0.2612035743179246,Dischma
D0d,D0d,D0d,2008,SWE_NSE__KGE_meltseason2,-0.16527525091843528,Dischma
D0d,D0d,D0d,2008,SWE_NSE__Qmean_meltseason2_APE,0.4666955530699066,Dischma
D0d,D0d,D0d,2009,SWE_melt_NSE__NSE_meltseason2,0.278576047181351,Dischma
D0d,D0d,D0d,2009,SWE_melt_NSE__KGE_meltseason2,0.04731165914594248,Dischma
D0d,D0d,D0d,2009,SWE_melt_NSE__Qmean_meltseason2_APE,0.3446861765517869,Dischma
D0d,D0d,D0d,2009,melt_sum_APE__NSE_meltseason2,-0.39458205814686015,Dischma
D0d,D0d,D0d,2009,melt_sum_APE__KGE_meltseason2,-0.46011679760381785,Dischma
D0d,D0d,D0d,2009,melt_sum_APE__Qmean_meltseason2_APE,0.06775655065500627,Dischma
D0d,D0d,D0d,2009,SWE_NSE__NSE_meltseason2,0.042598165189977735,Dischma
D0d,D0d,D0d,2009,SWE_NSE__KGE_meltseason2,-0.3291767626250059,Dischma
D0d,D0d,D0d,2009,SWE_NSE__Qmean_meltseason2_APE,0.09660086342303134,Dischma
D0d,D0d,D0d,2010,SWE_melt_NSE__NSE_meltseason2,0.15061294302080414,Dischma
D0d,D0d,D0d,2010,SWE_melt_NSE__KGE_meltseason2,0.2538403333204801,Dischma
D0d,D0d,D0d,2010,SWE_melt_NSE__Qmean_meltseason2_APE,0.6344912937242806,Dischma
D0d,D0d,D0d,2010,melt_sum_APE__NSE_meltseason2,-0.19229912173413838,Dischma
D0d,D0d,D0d,2010,melt_sum_APE__KGE_meltseason2,-0.18586654531133415,Dischma
D0d,D0d,D0d,2010,melt_sum_APE__Qmean_meltseason2_APE,0.3634349396824043,Dischma
D0d,D0d,D0d,2010,SWE_NSE__NSE_meltseason2,-0.24512388844846927,Dischma
D0d,D0d,D0d,2010,SWE_NSE__KGE_meltseason2,-0.1219533818183221,Dischma
D0d,D0d,D0d,2010,SWE_NSE__Qmean_meltseason2_APE,0.4429234763517374,Dischma
D0d,D0d,D0d,2011,SWE_melt_NSE__NSE_meltseason2,0.7394782972642857,Dischma
D0d,D0d,D0d,2011,SWE_melt_NSE__KGE_meltseason2,0.757294226042608,Dischma
D0d,D0d,D0d,2011,SWE_melt_NSE__Qmean_meltseason2_APE,0.5834643748950612,Dischma
D0d,D0d,D0d,2011,melt_sum_APE__NSE_meltseason2,0.08354920143435735,Dischma
D0d,D0d,D0d,2011,melt_sum_APE__KGE_meltseason2,0.20284405500756217,Dischma
D0d,D0d,D0d,2011,melt_sum_APE__Qmean_meltseason2_APE,0.10250253934879165,Dischma
D0d,D0d,D0d,2011,SWE_NSE__NSE_meltseason2,0.8549923592332795,Dischma
D0d,D0d,D0d,2011,SWE_NSE__KGE_meltseason2,0.9687801600330457,Dischma
D0d,D0d,D0d,2011,SWE_NSE__Qmean_meltseason2_APE,0.6778433645351719,Dischma
D0d,D0d,D0d,2012,SWE_melt_NSE__NSE_meltseason2,-0.035223523524229215,Dischma
D0d,D0d,D0d,2012,SWE_melt_NSE__KGE_meltseason2,0.2740654429580867,Dischma
D0d,D0d,D0d,2012,SWE_melt_NSE__Qmean_meltseason2_APE,0.511471661602424,Dischma
D0d,D0d,D0d,2012,melt_sum_APE__NSE_meltseason2,-0.08987613028533965,Dischma
D0d,D0d,D0d,2012,melt_sum_APE__KGE_meltseason2,0.08632142182385226,Dischma
D0d,D0d,D0d,2012,melt_sum_APE__Qmean_meltseason2_APE,-0.5720013370345967,Dischma
D0d,D0d,D0d,2012,SWE_NSE__NSE_meltseason2,0.20588604224710008,Dischma
D0d,D0d,D0d,2012,SWE_NSE__KGE_meltseason2,0.04173860374811874,Dischma
D0d,D0d,D0d,2012,SWE_NSE__Qmean_meltseason2_APE,0.10366355917359109,Dischma
D0d,D0d,D0d,2013,SWE_melt_NSE__NSE_meltseason2,0.37892046930200385,Dischma
D0d,D0d,D0d,2013,SWE_melt_NSE__KGE_meltseason2,0.8613862837821294,Dischma
D0d,D0d,D0d,2013,SWE_melt_NSE__Qmean_meltseason2_APE,0.883495819618579,Dischma
D0d,D0d,D0d,2013,melt_sum_APE__NSE_meltseason2,-0.2837381367353725,Dischma
D0d,D0d,D0d,2013,melt_sum_APE__KGE_meltseason2,0.8002709936816363,Dischma
D0d,D0d,D0d,2013,melt_sum_APE__Qmean_meltseason2_APE,0.8384933052588511,Dischma
D0d,D0d,D0d,2013,SWE_NSE__NSE_meltseason2,0.1583080376678994,Dischma
D0d,D0d,D0d,2013,SWE_NSE__KGE_meltseason2,0.90270879310243,Dischma
D0d,D0d,D0d,2013,SWE_NSE__Qmean_meltseason2_APE,0.7976171552646211,Dischma
D0d,D0d,D0d,2014,SWE_melt_NSE__NSE_meltseason2,0.18507040941168637,Dischma
D0d,D0d,D0d,2014,SWE_melt_NSE__KGE_meltseason2,0.4890072272053472,Dischma
D0d,D0d,D0d,2014,SWE_melt_NSE__Qmean_meltseason2_APE,0.5227335527271687,Dischma
D0d,D0d,D0d,2014,melt_sum_APE__NSE_meltseason2,-0.13929322357075838,Dischma
D0d,D0d,D0d,2014,melt_sum_APE__KGE_meltseason2,0.3991129842876133,Dischma
D0d,D0d,D0d,2014,melt_sum_APE__Qmean_meltseason2_APE,0.49898585635294657,Dischma
D0d,D0d,D0d,2014,SWE_NSE__NSE_meltseason2,-0.055197373442800665,Dischma
D0d,D0d,D0d,2014,SWE_NSE__KGE_meltseason2,0.3628393745604642,Dischma
D0d,D0d,D0d,2014,SWE_NSE__Qmean_meltseason2_APE,0.40505747343998266,Dischma
D0d,D0d,D0d,2015,SWE_melt_NSE__NSE_meltseason2,0.39753279376767164,Dischma
D0d,D0d,D0d,2015,SWE_melt_NSE__KGE_meltseason2,0.759410179396761,Dischma
D0d,D0d,D0d,2015,SWE_melt_NSE__Qmean_meltseason2_APE,0.7294322727189415,Dischma
D0d,D0d,D0d,2015,melt_sum_APE__NSE_meltseason2,0.009994729839229088,Dischma
D0d,D0d,D0d,2015,melt_sum_APE__KGE_meltseason2,0.880184009290937,Dischma
D0d,D0d,D0d,2015,melt_sum_APE__Qmean_meltseason2_APE,0.8235221821264178,Dischma
D0d,D0d,D0d,2015,SWE_NSE__NSE_meltseason2,0.38217028348188037,Dischma
D0d,D0d,D0d,2015,SWE_NSE__KGE_meltseason2,0.8829718071590479,Dischma
D0d,D0d,D0d,2015,SWE_NSE__Qmean_meltseason2_APE,0.7226646759999797,Dischma
D0d,D0d,D0d,2016,SWE_melt_NSE__NSE_meltseason2,0.14756402827855303,Dischma
D0d,D0d,D0d,2016,SWE_melt_NSE__KGE_meltseason2,0.2033938692620639,Dischma
D0d,D0d,D0d,2016,SWE_melt_NSE__Qmean_meltseason2_APE,0.46567517806554115,Dischma
D0d,D0d,D0d,2016,melt_sum_APE__NSE_meltseason2,-0.2577093983191888,Dischma
D0d,D0d,D0d,2016,melt_sum_APE__KGE_meltseason2,-0.14301309254759814,Dischma
D0d,D0d,D0d,2016,melt_sum_APE__Qmean_meltseason2_APE,0.1734463481768356,Dischma
D0d,D0d,D0d,2016,SWE_NSE__NSE_meltseason2,0.31561432095515995,Dischma
D0d,D0d,D0d,2016,SWE_NSE__KGE_meltseason2,0.34751397627970987,Dischma
D0d,D0d,D0d,2016,SWE_NSE__Qmean_meltseason2_APE,0.5893311718061298,Dischma
D0d,D0d,D0d,2017,SWE_melt_NSE__NSE_meltseason2,0.06219888747974705,Dischma
D0d,D0d,D0d,2017,SWE_melt_NSE__KGE_meltseason2,0.31048023740490743,Dischma
D0d,D0d,D0d,2017,SWE_melt_NSE__Qmean_meltseason2_APE,0.4461723121305182,Dischma
D0d,D0d,D0d,2017,melt_sum_APE__NSE_meltseason2,-0.25256970749507746,Dischma
D0d,D0d,D0d,2017,melt_sum_APE__KGE_meltseason2,-0.15682547690189338,Dischma
D0d,D0d,D0d,2017,melt_sum_APE__Qmean_meltseason2_APE,0.049917873813342235,Dischma
D0d,D0d,D0d,2017,SWE_NSE__NSE_meltseason2,0.003245051132100201,Dischma
D0d,D0d,D0d,2017,SWE_NSE__KGE_meltseason2,0.08217451288947689,Dischma
D0d,D0d,D0d,2017,SWE_NSE__Qmean_meltseason2_APE,0.2729460368559691,Dischma
D0d,D0d,D0d,2018,SWE_melt_NSE__NSE_meltseason2,-0.2266960571921551,Dischma
D0d,D0d,D0d,2018,SWE_melt_NSE__KGE_meltseason2,-0.004825071523980625,Dischma
D0d,D0d,D0d,2018,SWE_melt_NSE__Qmean_meltseason2_APE,0.663627437565735,Dischma
D0d,D0d,D0d,2018,melt_sum_APE__NSE_meltseason2,-0.13937868378778678,Dischma
D0d,D0d,D0d,2018,melt_sum_APE__KGE_meltseason2,-0.036708836095475456,Dischma
D0d,D0d,D0d,2018,melt_sum_APE__Qmean_meltseason2_APE,0.20480001168247033,Dischma
D0d,D0d,D0d,2018,SWE_NSE__NSE_meltseason2,0.08434283586883226,Dischma
D0d,D0d,D0d,2018,SWE_NSE__KGE_meltseason2,0.1376262071158738,Dischma
D0d,D0d,D0d,2018,SWE_NSE__Qmean_meltseason2_APE,0.6150894780017306,Dischma
D0d,D0d,D0d,2019,SWE_melt_NSE__NSE_meltseason2,-0.234855018221619,Dischma
D0d,D0d,D0d,2019,SWE_melt_NSE__KGE_meltseason2,0.10254368539613494,Dischma
D0d,D0d,D0d,2019,SWE_melt_NSE__Qmean_meltseason2_APE,0.548747999150929,Dischma
D0d,D0d,D0d,2019,melt_sum_APE__NSE_meltseason2,-0.38236550795526025,Dischma
D0d,D0d,D0d,2019,melt_sum_APE__KGE_meltseason2,-0.05686505730489157,Dischma
D0d,D0d,D0d,2019,melt_sum_APE__Qmean_meltseason2_APE,0.20933523649194702,Dischma
D0d,D0d,D0d,2019,SWE_NSE__NSE_meltseason2,-0.09122967117325864,Dischma
D0d,D0d,D0d,2019,SWE_NSE__KGE_meltseason2,0.21397242945062617,Dischma
D0d,D0d,D0d,2019,SWE_NSE__Qmean_meltseason2_APE,0.7985011847015412,Dischma
D0d,D0d,D0d,2020,SWE_melt_NSE__NSE_meltseason2,0.369592816118986,Dischma
D0d,D0d,D0d,2020,SWE_melt_NSE__KGE_meltseason2,0.7680697702073953,Dischma
D0d,D0d,D0d,2020,SWE_melt_NSE__Qmean_meltseason2_APE,0.9289592263050681,Dischma
D0d,D0d,D0d,2020,melt_sum_APE__NSE_meltseason2,-0.12163658788842292,Dischma
D0d,D0d,D0d,2020,melt_sum_APE__KGE_meltseason2,0.35054305180838774,Dischma
D0d,D0d,D0d,2020,melt_sum_APE__Qmean_meltseason2_APE,0.478712012667747,Dischma
D0d,D0d,D0d,2020,SWE_NSE__NSE_meltseason2,0.26849479099152634,Dischma
D0d,D0d,D0d,2020,SWE_NSE__KGE_meltseason2,0.796805002716694,Dischma
D0d,D0d,D0d,2020,SWE_NSE__Qmean_meltseason2_APE,0.7937419446447143,Dischma
D0d,D0d,D0d,2021,SWE_melt_NSE__NSE_meltseason2,-0.17873277108714186,Dischma
D0d,D0d,D0d,2021,SWE_melt_NSE__KGE_meltseason2,0.2416210993179417,Dischma
D0d,D0d,D0d,2021,SWE_melt_NSE__Qmean_meltseason2_APE,0.6095567428838689,Dischma
D0d,D0d,D0d,2021,melt_sum_APE__NSE_meltseason2,-0.4042596385219899,Dischma
D0d,D0d,D0d,2021,melt_sum_APE__KGE_meltseason2,-0.08444600212675124,Dischma
D0d,D0d,D0d,2021,melt_sum_APE__Qmean_meltseason2_APE,-0.19487892877459387,Dischma
D0d,D0d,D0d,2021,SWE_NSE__NSE_meltseason2,-0.22201723733285392,Dischma
D0d,D0d,D0d,2021,SWE_NSE__KGE_meltseason2,0.11094107627157092,Dischma
D0d,D0d,D0d,2021,SWE_NSE__Qmean_meltseason2_APE,0.13826489780908846,Dischma
D0d,D0d,D0d,2022,SWE_melt_NSE__NSE_meltseason2,0.420970455032585,Dischma
D0d,D0d,D0d,2022,SWE_melt_NSE__KGE_meltseason2,0.7411242951939705,Dischma
D0d,D0d,D0d,2022,SWE_melt_NSE__Qmean_meltseason2_APE,0.7202620193968718,Dischma
D0d,D0d,D0d,2022,melt_sum_APE__NSE_meltseason2,0.049962912276446676,Dischma
D0d,D0d,D0d,2022,melt_sum_APE__KGE_meltseason2,0.2911301673279408,Dischma
D0d,D0d,D0d,2022,melt_sum_APE__Qmean_meltseason2_APE,0.3349713612259279,Dischma
D0d,D0d,D0d,2022,SWE_NSE__NSE_meltseason2,0.24569150678816004,Dischma
D0d,D0d,D0d,2022,SWE_NSE__KGE_meltseason2,0.5092056042661401,Dischma
D0d,D0d,D0d,2022,SWE_NSE__Qmean_meltseason2_APE,0.5538264384114941,Dischma
D0.5a,D0.5a,D0.5a,2001,SWE_melt_NSE__NSE_meltseason2,0.4140564077477404,Dischma
D0.5a,D0.5a,D0.5a,2001,SWE_melt_NSE__KGE_meltseason2,0.17943363163045656,Dischma
D0.5a,D0.5a,D0.5a,2001,SWE_melt_NSE__Qmean_meltseason2_APE,0.3525976622665675,Dischma
D0.5a,D0.5a,D0.5a,2001,melt_sum_APE__NSE_meltseason2,-0.2198299072686262,Dischma
D0.5a,D0.5a,D0.5a,2001,melt_sum_APE__KGE_meltseason2,0.001184187081908274,Dischma
D0.5a,D0.5a,D0.5a,2001,melt_sum_APE__Qmean_meltseason2_APE,-0.07330659596588568,Dischma
D0.5a,D0.5a,D0.5a,2001,SWE_NSE__NSE_meltseason2,0.09650997110558925,Dischma
D0.5a,D0.5a,D0.5a,2001,SWE_NSE__KGE_meltseason2,0.01542135965005894,Dischma
D0.5a,D0.5a,D0.5a,2001,SWE_NSE__Qmean_meltseason2_APE,0.08619413631175327,Dischma
D0.5a,D0.5a,D0.5a,2002,SWE_melt_NSE__NSE_meltseason2,0.43666269202500396,Dischma
D0.5a,D0.5a,D0.5a,2002,SWE_melt_NSE__KGE_meltseason2,0.2632658109254582,Dischma
D0.5a,D0.5a,D0.5a,2002,SWE_melt_NSE__Qmean_meltseason2_APE,0.5851856381496248,Dischma
D0.5a,D0.5a,D0.5a,2002,melt_sum_APE__NSE_meltseason2,-0.27523485943932063,Dischma
D0.5a,D0.5a,D0.5a,2002,melt_sum_APE__KGE_meltseason2,-0.18902377255225364,Dischma
D0.5a,D0.5a,D0.5a,2002,melt_sum_APE__Qmean_meltseason2_APE,-0.13237545540917253,Dischma
D0.5a,D0.5a,D0.5a,2002,SWE_NSE__NSE_meltseason2,0.4773882524961087,Dischma
D0.5a,D0.5a,D0.5a,2002,SWE_NSE__KGE_meltseason2,0.3783836169503861,Dischma
D0.5a,D0.5a,D0.5a,2002,SWE_NSE__Qmean_meltseason2_APE,0.2690485352844136,Dischma
D0.5a,D0.5a,D0.5a,2003,SWE_melt_NSE__NSE_meltseason2,0.4231998692322042,Dischma
D0.5a,D0.5a,D0.5a,2003,SWE_melt_NSE__KGE_meltseason2,0.3967275740088771,Dischma
D0.5a,D0.5a,D0.5a,2003,SWE_melt_NSE__Qmean_meltseason2_APE,0.8629782980933643,Dischma
D0.5a,D0.5a,D0.5a,2003,melt_sum_APE__NSE_meltseason2,-0.5202661563731992,Dischma
D0.5a,D0.5a,D0.5a,2003,melt_sum_APE__KGE_meltseason2,-0.15681844650110074,Dischma
D0.5a,D0.5a,D0.5a,2003,melt_sum_APE__Qmean_meltseason2_APE,0.09660708580913462,Dischma
D0.5a,D0.5a,D0.5a,2003,SWE_NSE__NSE_meltseason2,-0.17698701755196755,Dischma
D0.5a,D0.5a,D0.5a,2003,SWE_NSE__KGE_meltseason2,0.09303732550056255,Dischma
D0.5a,D0.5a,D0.5a,2003,SWE_NSE__Qmean_meltseason2_APE,0.32141610752495725,Dischma
D0.5a,D0.5a,D0.5a,2004,SWE_melt_NSE__NSE_meltseason2,-0.02531108852918753,Dischma
D0.5a,D0.5a,D0.5a,2004,SWE_melt_NSE__KGE_meltseason2,0.07378687824305995,Dischma
D0.5a,D0.5a,D0.5a,2004,SWE_melt_NSE__Qmean_meltseason2_APE,0.6413638956482852,Dischma
D0.5a,D0.5a,D0.5a,2004,melt_sum_APE__NSE_meltseason2,-0.5728917875394124,Dischma
D0.5a,D0.5a,D0.5a,2004,melt_sum_APE__KGE_meltseason2,-0.1613498546801329,Dischma
D0.5a,D0.5a,D0.5a,2004,melt_sum_APE__Qmean_meltseason2_APE,0.013748984673439029,Dischma
D0.5a,D0.5a,D0.5a,2004,SWE_NSE__NSE_meltseason2,0.0850491812812855,Dischma
D0.5a,D0.5a,D0.5a,2004,SWE_NSE__KGE_meltseason2,0.10005734957933932,Dischma
D0.5a,D0.5a,D0.5a,2004,SWE_NSE__Qmean_meltseason2_APE,0.21054044165688407,Dischma
D0.5a,D0.5a,D0.5a,2005,SWE_melt_NSE__NSE_meltseason2,-0.10195128114328829,Dischma
D0.5a,D0.5a,D0.5a,2005,SWE_melt_NSE__KGE_meltseason2,-0.15065774394554204,Dischma
D0.5a,D0.5a,D0.5a,2005,SWE_melt_NSE__Qmean_meltseason2_APE,0.2108768799999024,Dischma
D0.5a,D0.5a,D0.5a,2005,melt_sum_APE__NSE_meltseason2,-0.25347095668355357,Dischma
D0.5a,D0.5a,D0.5a,2005,melt_sum_APE__KGE_meltseason2,-0.13127533377016007,Dischma
D0.5a,D0.5a,D0.5a,2005,melt_sum_APE__Qmean_meltseason2_APE,0.021720995212419443,Dischma
D0.5a,D0.5a,D0.5a,2005,SWE_NSE__NSE_meltseason2,0.44121593366682704,Dischma
D0.5a,D0.5a,D0.5a,2005,SWE_NSE__KGE_meltseason2,-0.22312328414387014,Dischma
D0.5a,D0.5a,D0.5a,2005,SWE_NSE__Qmean_meltseason2_APE,0.07518499449304711,Dischma
D0.5a,D0.5a,D0.5a,2006,SWE_melt_NSE__NSE_meltseason2,-0.43775471364937246,Dischma
D0.5a,D0.5a,D0.5a,2006,SWE_melt_NSE__KGE_meltseason2,-0.040228071127446266,Dischma
D0.5a,D0.5a,D0.5a,2006,SWE_melt_NSE__Qmean_meltseason2_APE,0.30938444563568146,Dischma
D0.5a,D0.5a,D0.5a,2006,melt_sum_APE__NSE_meltseason2,-0.8173604129207367,Dischma
D0.5a,D0.5a,D0.5a,2006,melt_sum_APE__KGE_meltseason2,-0.23459985851124723,Dischma
D0.5a,D0.5a,D0.5a,2006,melt_sum_APE__Qmean_meltseason2_APE,-0.116002081921992,Dischma
D0.5a,D0.5a,D0.5a,2006,SWE_NSE__NSE_meltseason2,-0.15877826157815708,Dischma
D0.5a,D0.5a,D0.5a,2006,SWE_NSE__KGE_meltseason2,-0.05677491453576126,Dischma
D0.5a,D0.5a,D0.5a,2006,SWE_NSE__Qmean_meltseason2_APE,0.06516504666645619,Dischma
D0.5a,D0.5a,D0.5a,2007,SWE_melt_NSE__NSE_meltseason2,0.016832371338442495,Dischma
D0.5a,D0.5a,D0.5a,2007,SWE_melt_NSE__KGE_meltseason2,0.12932849602765853,Dischma
D0.5a,D0.5a,D0.5a,2007,SWE_melt_NSE__Qmean_meltseason2_APE,0.4466455322354932,Dischma
D0.5a,D0.5a,D0.5a,2007,melt_sum_APE__NSE_meltseason2,-0.35758174876110316,Dischma
D0.5a,D0.5a,D0.5a,2007,melt_sum_APE__KGE_meltseason2,-0.46062869974792287,Dischma
D0.5a,D0.5a,D0.5a,2007,melt_sum_APE__Qmean_meltseason2_APE,0.024935710549842123,Dischma
D0.5a,D0.5a,D0.5a,2007,SWE_NSE__NSE_meltseason2,-0.22794819999753446,Dischma
D0.5a,D0.5a,D0.5a,2007,SWE_NSE__KGE_meltseason2,-0.264201162905789,Dischma
D0.5a,D0.5a,D0.5a,2007,SWE_NSE__Qmean_meltseason2_APE,0.21187602789580562,Dischma
D0.5a,D0.5a,D0.5a,2008,SWE_melt_NSE__NSE_meltseason2,-0.10438371521488951,Dischma
D0.5a,D0.5a,D0.5a,2008,SWE_melt_NSE__KGE_meltseason2,-0.09234506263008578,Dischma
D0.5a,D0.5a,D0.5a,2008,SWE_melt_NSE__Qmean_meltseason2_APE,0.4667065301656447,Dischma
D0.5a,D0.5a,D0.5a,2008,melt_sum_APE__NSE_meltseason2,-0.39631863880270646,Dischma
D0.5a,D0.5a,D0.5a,2008,melt_sum_APE__KGE_meltseason2,-0.1323450755798608,Dischma
D0.5a,D0.5a,D0.5a,2008,melt_sum_APE__Qmean_meltseason2_APE,-0.0590754917178995,Dischma
D0.5a,D0.5a,D0.5a,2008,SWE_NSE__NSE_meltseason2,0.004114804046925686,Dischma
D0.5a,D0.5a,D0.5a,2008,SWE_NSE__KGE_meltseason2,-0.002352860060872067,Dischma
D0.5a,D0.5a,D0.5a,2008,SWE_NSE__Qmean_meltseason2_APE,0.17992386764915902,Dischma
D0.5a,D0.5a,D0.5a,2009,SWE_melt_NSE__NSE_meltseason2,0.05468503427219801,Dischma
D0.5a,D0.5a,D0.5a,2009,SWE_melt_NSE__KGE_meltseason2,-0.15459394833536838,Dischma
D0.5a,D0.5a,D0.5a,2009,SWE_melt_NSE__Qmean_meltseason2_APE,0.5097836622862317,Dischma
D0.5a,D0.5a,D0.5a,2009,melt_sum_APE__NSE_meltseason2,-0.34199398956150845,Dischma
D0.5a,D0.5a,D0.5a,2009,melt_sum_APE__KGE_meltseason2,0.015846313533402063,Dischma
D0.5a,D0.5a,D0.5a,2009,melt_sum_APE__Qmean_meltseason2_APE,0.013821359976528917,Dischma
D0.5a,D0.5a,D0.5a,2009,SWE_NSE__NSE_meltseason2,0.1753303844644028,Dischma
D0.5a,D0.5a,D0.5a,2009,SWE_NSE__KGE_meltseason2,0.07697256725584228,Dischma
D0.5a,D0.5a,D0.5a,2009,SWE_NSE__Qmean_meltseason2_APE,0.5615161762616643,Dischma
D0.5a,D0.5a,D0.5a,2010,SWE_melt_NSE__NSE_meltseason2,0.4027458148607863,Dischma
D0.5a,D0.5a,D0.5a,2010,SWE_melt_NSE__KGE_meltseason2,0.1496910177831242,Dischma
D0.5a,D0.5a,D0.5a,2010,SWE_melt_NSE__Qmean_meltseason2_APE,0.294703107594201,Dischma
D0.5a,D0.5a,D0.5a,2010,melt_sum_APE__NSE_meltseason2,-0.16105024228512324,Dischma
D0.5a,D0.5a,D0.5a,2010,melt_sum_APE__KGE_meltseason2,0.0005523334833502944,Dischma
D0.5a,D0.5a,D0.5a,2010,melt_sum_APE__Qmean_meltseason2_APE,-0.135076584759271,Dischma
D0.5a,D0.5a,D0.5a,2010,SWE_NSE__NSE_meltseason2,0.5633298189396339,Dischma
D0.5a,D0.5a,D0.5a,2010,SWE_NSE__KGE_meltseason2,0.15505965187838852,Dischma
D0.5a,D0.5a,D0.5a,2010,SWE_NSE__Qmean_meltseason2_APE,-0.11111817528832756,Dischma
D0.5a,D0.5a,D0.5a,2011,SWE_melt_NSE__NSE_meltseason2,-0.04979328559580998,Dischma
D0.5a,D0.5a,D0.5a,2011,SWE_melt_NSE__KGE_meltseason2,-0.07421816609706466,Dischma
D0.5a,D0.5a,D0.5a,2011,SWE_melt_NSE__Qmean_meltseason2_APE,0.38545763019531604,Dischma
D0.5a,D0.5a,D0.5a,2011,melt_sum_APE__NSE_meltseason2,-0.2995043565822498,Dischma
D0.5a,D0.5a,D0.5a,2011,melt_sum_APE__KGE_meltseason2,-0.07506023693478275,Dischma
D0.5a,D0.5a,D0.5a,2011,melt_sum_APE__Qmean_meltseason2_APE,-0.10447726925520316,Dischma
D0.5a,D0.5a,D0.5a,2011,SWE_NSE__NSE_meltseason2,0.058329300144401304,Dischma
D0.5a,D0.5a,D0.5a,2011,SWE_NSE__KGE_meltseason2,-0.11085128460022681,Dischma
D0.5a,D0.5a,D0.5a,2011,SWE_NSE__Qmean_meltseason2_APE,0.06261197729967878,Dischma
D0.5a,D0.5a,D0.5a,2012,SWE_melt_NSE__NSE_meltseason2,0.10801349366635468,Dischma
D0.5a,D0.5a,D0.5a,2012,SWE_melt_NSE__KGE_meltseason2,0.29804149548757397,Dischma
D0.5a,D0.5a,D0.5a,2012,SWE_melt_NSE__Qmean_meltseason2_APE,0.506420775662066,Dischma
D0.5a,D0.5a,D0.5a,2012,melt_sum_APE__NSE_meltseason2,-0.5883846864282194,Dischma
D0.5a,D0.5a,D0.5a,2012,melt_sum_APE__KGE_meltseason2,-0.06150235235996042,Dischma
D0.5a,D0.5a,D0.5a,2012,melt_sum_APE__Qmean_meltseason2_APE,-0.109055524982937,Dischma
D0.5a,D0.5a,D0.5a,2012,SWE_NSE__NSE_meltseason2,-0.0005125937310590669,Dischma
D0.5a,D0.5a,D0.5a,2012,SWE_NSE__KGE_meltseason2,0.4019618156659006,Dischma
D0.5a,D0.5a,D0.5a,2012,SWE_NSE__Qmean_meltseason2_APE,0.33843718205280177,Dischma
D0.5a,D0.5a,D0.5a,2013,SWE_melt_NSE__NSE_meltseason2,0.14274642094408535,Dischma
D0.5a,D0.5a,D0.5a,2013,SWE_melt_NSE__KGE_meltseason2,0.2060467045999869,Dischma
D0.5a,D0.5a,D0.5a,2013,SWE_melt_NSE__Qmean_meltseason2_APE,0.610934800423827,Dischma
D0.5a,D0.5a,D0.5a,2013,melt_sum_APE__NSE_meltseason2,-0.45699433911802323,Dischma
D0.5a,D0.5a,D0.5a,2013,melt_sum_APE__KGE_meltseason2,-0.35761074746875604,Dischma
D0.5a,D0.5a,D0.5a,2013,melt_sum_APE__Qmean_meltseason2_APE,0.41698183251234155,Dischma
D0.5a,D0.5a,D0.5a,2013,SWE_NSE__NSE_meltseason2,-0.23629348505063058,Dischma
D0.5a,D0.5a,D0.5a,2013,SWE_NSE__KGE_meltseason2,-0.24541708878897464,Dischma
D0.5a,D0.5a,D0.5a,2013,SWE_NSE__Qmean_meltseason2_APE,0.31406769056250694,Dischma
D0.5a,D0.5a,D0.5a,2014,SWE_melt_NSE__NSE_meltseason2,-0.0897886438512514,Dischma
D0.5a,D0.5a,D0.5a,2014,SWE_melt_NSE__KGE_meltseason2,-0.15717320663405746,Dischma
D0.5a,D0.5a,D0.5a,2014,SWE_melt_NSE__Qmean_meltseason2_APE,0.4465918982736842,Dischma
D0.5a,D0.5a,D0.5a,2014,melt_sum_APE__NSE_meltseason2,-0.08404716628190681,Dischma
D0.5a,D0.5a,D0.5a,2014,melt_sum_APE__KGE_meltseason2,0.0004986847754071676,Dischma
D0.5a,D0.5a,D0.5a,2014,melt_sum_APE__Qmean_meltseason2_APE,0.21561321540476608,Dischma
D0.5a,D0.5a,D0.5a,2014,SWE_NSE__NSE_meltseason2,0.15431637346950755,Dischma
D0.5a,D0.5a,D0.5a,2014,SWE_NSE__KGE_meltseason2,-0.28762279315249284,Dischma
D0.5a,D0.5a,D0.5a,2014,SWE_NSE__Qmean_meltseason2_APE,0.3644966270982406,Dischma
D0.5a,D0.5a,D0.5a,2015,SWE_melt_NSE__NSE_meltseason2,-0.3270233148287758,Dischma
D0.5a,D0.5a,D0.5a,2015,SWE_melt_NSE__KGE_meltseason2,0.15916510649510418,Dischma
D0.5a,D0.5a,D0.5a,2015,SWE_melt_NSE__Qmean_meltseason2_APE,0.5212453631022715,Dischma
D0.5a,D0.5a,D0.5a,2015,melt_sum_APE__NSE_meltseason2,-0.4276190293209035,Dischma
D0.5a,D0.5a,D0.5a,2015,melt_sum_APE__KGE_meltseason2,-0.1696392343737561,Dischma
D0.5a,D0.5a,D0.5a,2015,melt_sum_APE__Qmean_meltseason2_APE,-0.2920707578436219,Dischma
D0.5a,D0.5a,D0.5a,2015,SWE_NSE__NSE_meltseason2,-0.0005380179219128038,Dischma
D0.5a,D0.5a,D0.5a,2015,SWE_NSE__KGE_meltseason2,0.21332396672911588,Dischma
D0.5a,D0.5a,D0.5a,2015,SWE_NSE__Qmean_meltseason2_APE,0.14454459539893588,Dischma
D0.5a,D0.5a,D0.5a,2016,SWE_melt_NSE__NSE_meltseason2,-0.424071311143905,Dischma
D0.5a,D0.5a,D0.5a,2016,SWE_melt_NSE__KGE_meltseason2,-0.15320412405329956,Dischma
D0.5a,D0.5a,D0.5a,2016,SWE_melt_NSE__Qmean_meltseason2_APE,0.22900632120304337,Dischma
D0.5a,D0.5a,D0.5a,2016,melt_sum_APE__NSE_meltseason2,-0.5374585221181922,Dischma
D0.5a,D0.5a,D0.5a,2016,melt_sum_APE__KGE_meltseason2,-0.256473062520893,Dischma
D0.5a,D0.5a,D0.5a,2016,melt_sum_APE__Qmean_meltseason2_APE,-0.1717645108491879,Dischma
D0.5a,D0.5a,D0.5a,2016,SWE_NSE__NSE_meltseason2,-0.045176138552353806,Dischma
D0.5a,D0.5a,D0.5a,2016,SWE_NSE__KGE_meltseason2,-0.1070053582699791,Dischma
D0.5a,D0.5a,D0.5a,2016,SWE_NSE__Qmean_meltseason2_APE,0.06027203417638614,Dischma
D0.5a,D0.5a,D0.5a,2017,SWE_melt_NSE__NSE_meltseason2,-0.12553088208385899,Dischma
D0.5a,D0.5a,D0.5a,2017,SWE_melt_NSE__KGE_meltseason2,0.06006656857197811,Dischma
D0.5a,D0.5a,D0.5a,2017,SWE_melt_NSE__Qmean_meltseason2_APE,0.3822294965244843,Dischma
D0.5a,D0.5a,D0.5a,2017,melt_sum_APE__NSE_meltseason2,-0.7369655941662062,Dischma
D0.5a,D0.5a,D0.5a,2017,melt_sum_APE__KGE_meltseason2,-0.13829795427844793,Dischma
D0.5a,D0.5a,D0.5a,2017,melt_sum_APE__Qmean_meltseason2_APE,0.07766738341585243,Dischma
D0.5a,D0.5a,D0.5a,2017,SWE_NSE__NSE_meltseason2,-0.4174483401207476,Dischma
D0.5a,D0.5a,D0.5a,2017,SWE_NSE__KGE_meltseason2,-0.19026089863085247,Dischma
D0.5a,D0.5a,D0.5a,2017,SWE_NSE__Qmean_meltseason2_APE,0.049451481723607284,Dischma
D0.5a,D0.5a,D0.5a,2018,SWE_melt_NSE__NSE_meltseason2,0.020622906374110236,Dischma
D0.5a,D0.5a,D0.5a,2018,SWE_melt_NSE__KGE_meltseason2,0.36087099187129085,Dischma
D0.5a,D0.5a,D0.5a,2018,SWE_melt_NSE__Qmean_meltseason2_APE,0.5637269173751849,Dischma
D0.5a,D0.5a,D0.5a,2018,melt_sum_APE__NSE_meltseason2,-0.29630896392420464,Dischma
D0.5a,D0.5a,D0.5a,2018,melt_sum_APE__KGE_meltseason2,-0.3475112519956167,Dischma
D0.5a,D0.5a,D0.5a,2018,melt_sum_APE__Qmean_meltseason2_APE,-0.15400021643559522,Dischma
D0.5a,D0.5a,D0.5a,2018,SWE_NSE__NSE_meltseason2,0.24397321938015473,Dischma
D0.5a,D0.5a,D0.5a,2018,SWE_NSE__KGE_meltseason2,0.04241556584941186,Dischma
D0.5a,D0.5a,D0.5a,2018,SWE_NSE__Qmean_meltseason2_APE,0.1571090263079998,Dischma
D0.5a,D0.5a,D0.5a,2019,SWE_melt_NSE__NSE_meltseason2,-0.14831633445189146,Dischma
D0.5a,D0.5a,D0.5a,2019,SWE_melt_NSE__KGE_meltseason2,0.09993159185680138,Dischma
D0.5a,D0.5a,D0.5a,2019,SWE_melt_NSE__Qmean_meltseason2_APE,0.40979042590878123,Dischma
D0.5a,D0.5a,D0.5a,2019,melt_sum_APE__NSE_meltseason2,-0.39548214214245875,Dischma
D0.5a,D0.5a,D0.5a,2019,melt_sum_APE__KGE_meltseason2,-0.3353871343960884,Dischma
D0.5a,D0.5a,D0.5a,2019,melt_sum_APE__Qmean_meltseason2_APE,0.2086931370051526,Dischma
D0.5a,D0.5a,D0.5a,2019,SWE_NSE__NSE_meltseason2,0.02496234405845094,Dischma
D0.5a,D0.5a,D0.5a,2019,SWE_NSE__KGE_meltseason2,-0.21308097590251382,Dischma
D0.5a,D0.5a,D0.5a,2019,SWE_NSE__Qmean_meltseason2_APE,-0.06373722357521909,Dischma
D0.5a,D0.5a,D0.5a,2020,SWE_melt_NSE__NSE_meltseason2,0.16025719465770638,Dischma
D0.5a,D0.5a,D0.5a,2020,SWE_melt_NSE__KGE_meltseason2,0.1624904145369353,Dischma
D0.5a,D0.5a,D0.5a,2020,SWE_melt_NSE__Qmean_meltseason2_APE,0.3362009998224646,Dischma
D0.5a,D0.5a,D0.5a,2020,melt_sum_APE__NSE_meltseason2,-0.5106023644545684,Dischma
D0.5a,D0.5a,D0.5a,2020,melt_sum_APE__KGE_meltseason2,-0.14634364982480366,Dischma
D0.5a,D0.5a,D0.5a,2020,melt_sum_APE__Qmean_meltseason2_APE,-0.050728936487788666,Dischma
D0.5a,D0.5a,D0.5a,2020,SWE_NSE__NSE_meltseason2,0.18782669244220326,Dischma
D0.5a,D0.5a,D0.5a,2020,SWE_NSE__KGE_meltseason2,0.2249893628237708,Dischma
D0.5a,D0.5a,D0.5a,2020,SWE_NSE__Qmean_meltseason2_APE,0.12752764049022947,Dischma
D0.5a,D0.5a,D0.5a,2021,SWE_melt_NSE__NSE_meltseason2,0.01650209311873634,Dischma
D0.5a,D0.5a,D0.5a,2021,SWE_melt_NSE__KGE_meltseason2,-0.15966049433469323,Dischma
D0.5a,D0.5a,D0.5a,2021,SWE_melt_NSE__Qmean_meltseason2_APE,0.432465774053327,Dischma
D0.5a,D0.5a,D0.5a,2021,melt_sum_APE__NSE_meltseason2,-0.6946869049841592,Dischma
D0.5a,D0.5a,D0.5a,2021,melt_sum_APE__KGE_meltseason2,-0.5211160186965302,Dischma
D0.5a,D0.5a,D0.5a,2021,melt_sum_APE__Qmean_meltseason2_APE,-0.20303898596401077,Dischma
D0.5a,D0.5a,D0.5a,2021,SWE_NSE__NSE_meltseason2,-0.26243382508236507,Dischma
D0.5a,D0.5a,D0.5a,2021,SWE_NSE__KGE_meltseason2,-0.2978751968429821,Dischma
D0.5a,D0.5a,D0.5a,2021,SWE_NSE__Qmean_meltseason2_APE,-0.13095711519962694,Dischma
D0.5a,D0.5a,D0.5a,2022,SWE_melt_NSE__NSE_meltseason2,0.11394780453326063,Dischma
D0.5a,D0.5a,D0.5a,2022,SWE_melt_NSE__KGE_meltseason2,0.513811454205469,Dischma
D0.5a,D0.5a,D0.5a,2022,SWE_melt_NSE__Qmean_meltseason2_APE,0.7992701052145536,Dischma
D0.5a,D0.5a,D0.5a,2022,melt_sum_APE__NSE_meltseason2,-0.5667218376887742,Dischma
D0.5a,D0.5a,D0.5a,2022,melt_sum_APE__KGE_meltseason2,-0.12576385665697562,Dischma
D0.5a,D0.5a,D0.5a,2022,melt_sum_APE__Qmean_meltseason2_APE,0.08462946672070171,Dischma
D0.5a,D0.5a,D0.5a,2022,SWE_NSE__NSE_meltseason2,-0.434924932158996,Dischma
D0.5a,D0.5a,D0.5a,2022,SWE_NSE__KGE_meltseason2,0.0033703468587200094,Dischma
D0.5a,D0.5a,D0.5a,2022,SWE_NSE__Qmean_meltseason2_APE,0.23479364435244862,Dischma
D0.5b,D0.5b,D0.5b,2001,SWE_melt_NSE__NSE_meltseason2,0.06133273450498584,Dischma
D0.5b,D0.5b,D0.5b,2001,SWE_melt_NSE__KGE_meltseason2,0.2606440306199092,Dischma
D0.5b,D0.5b,D0.5b,2001,SWE_melt_NSE__Qmean_meltseason2_APE,0.6127436546611406,Dischma
D0.5b,D0.5b,D0.5b,2001,melt_sum_APE__NSE_meltseason2,-0.41853605582425246,Dischma
D0.5b,D0.5b,D0.5b,2001,melt_sum_APE__KGE_meltseason2,-0.16649627042760887,Dischma
D0.5b,D0.5b,D0.5b,2001,melt_sum_APE__Qmean_meltseason2_APE,0.07633911624980275,Dischma
D0.5b,D0.5b,D0.5b,2001,SWE_NSE__NSE_meltseason2,0.183917134643603,Dischma
D0.5b,D0.5b,D0.5b,2001,SWE_NSE__KGE_meltseason2,0.223983044475403,Dischma
D0.5b,D0.5b,D0.5b,2001,SWE_NSE__Qmean_meltseason2_APE,0.26674185697475966,Dischma
D0.5b,D0.5b,D0.5b,2002,SWE_melt_NSE__NSE_meltseason2,0.06795949749191203,Dischma
D0.5b,D0.5b,D0.5b,2002,SWE_melt_NSE__KGE_meltseason2,0.1276447213497769,Dischma
D0.5b,D0.5b,D0.5b,2002,SWE_melt_NSE__Qmean_meltseason2_APE,0.5240302066605134,Dischma
D0.5b,D0.5b,D0.5b,2002,melt_sum_APE__NSE_meltseason2,-0.6584443978729675,Dischma
D0.5b,D0.5b,D0.5b,2002,melt_sum_APE__KGE_meltseason2,-0.2835283241506537,Dischma
D0.5b,D0.5b,D0.5b,2002,melt_sum_APE__Qmean_meltseason2_APE,0.004980540185477932,Dischma
D0.5b,D0.5b,D0.5b,2002,SWE_NSE__NSE_meltseason2,0.22812476864556797,Dischma
D0.5b,D0.5b,D0.5b,2002,SWE_NSE__KGE_meltseason2,0.35255396974521475,Dischma
D0.5b,D0.5b,D0.5b,2002,SWE_NSE__Qmean_meltseason2_APE,0.37622140981091673,Dischma
D0.5b,D0.5b,D0.5b,2003,SWE_melt_NSE__NSE_meltseason2,-0.053349424592933674,Dischma
D0.5b,D0.5b,D0.5b,2003,SWE_melt_NSE__KGE_meltseason2,-0.05537126441361158,Dischma
D0.5b,D0.5b,D0.5b,2003,SWE_melt_NSE__Qmean_meltseason2_APE,0.8939669403676083,Dischma
D0.5b,D0.5b,D0.5b,2003,melt_sum_APE__NSE_meltseason2,-0.6544379001196765,Dischma
D0.5b,D0.5b,D0.5b,2003,melt_sum_APE__KGE_meltseason2,-0.7561446276194108,Dischma
D0.5b,D0.5b,D0.5b,2003,melt_sum_APE__Qmean_meltseason2_APE,-0.1655454216506154,Dischma
D0.5b,D0.5b,D0.5b,2003,SWE_NSE__NSE_meltseason2,-0.15967202925305335,Dischma
D0.5b,D0.5b,D0.5b,2003,SWE_NSE__KGE_meltseason2,-0.43101113548658443,Dischma
D0.5b,D0.5b,D0.5b,2003,SWE_NSE__Qmean_meltseason2_APE,-0.07470322897265516,Dischma
D0.5b,D0.5b,D0.5b,2004,SWE_melt_NSE__NSE_meltseason2,-0.10514815043754971,Dischma
D0.5b,D0.5b,D0.5b,2004,SWE_melt_NSE__KGE_meltseason2,0.32221747309330473,Dischma
D0.5b,D0.5b,D0.5b,2004,SWE_melt_NSE__Qmean_meltseason2_APE,0.6372516230137685,Dischma
D0.5b,D0.5b,D0.5b,2004,melt_sum_APE__NSE_meltseason2,-0.4527312731248623,Dischma
D0.5b,D0.5b,D0.5b,2004,melt_sum_APE__KGE_meltseason2,-0.431062071518715,Dischma
D0.5b,D0.5b,D0.5b,2004,melt_sum_APE__Qmean_meltseason2_APE,-0.05784545282109962,Dischma
D0.5b,D0.5b,D0.5b,2004,SWE_NSE__NSE_meltseason2,-0.34898459637180973,Dischma
D0.5b,D0.5b,D0.5b,2004,SWE_NSE__KGE_meltseason2,-0.01822640499128266,Dischma
D0.5b,D0.5b,D0.5b,2004,SWE_NSE__Qmean_meltseason2_APE,0.37943403576152684,Dischma
D0.5b,D0.5b,D0.5b,2005,SWE_melt_NSE__NSE_meltseason2,0.16703542345641326,Dischma
D0.5b,D0.5b,D0.5b,2005,SWE_melt_NSE__KGE_meltseason2,-0.11968738130683367,Dischma
D0.5b,D0.5b,D0.5b,2005,SWE_melt_NSE__Qmean_meltseason2_APE,0.34054141836274715,Dischma
D0.5b,D0.5b,D0.5b,2005,melt_sum_APE__NSE_meltseason2,-0.131522637523308,Dischma
D0.5b,D0.5b,D0.5b,2005,melt_sum_APE__KGE_meltseason2,0.05901330346448435,Dischma
D0.5b,D0.5b,D0.5b,2005,melt_sum_APE__Qmean_meltseason2_APE,0.19956622757314263,Dischma
D0.5b,D0.5b,D0.5b,2005,SWE_NSE__NSE_meltseason2,0.44135517618460623,Dischma
D0.5b,D0.5b,D0.5b,2005,SWE_NSE__KGE_meltseason2,0.07005979498889435,Dischma
D0.5b,D0.5b,D0.5b,2005,SWE_NSE__Qmean_meltseason2_APE,0.41521093139312243,Dischma
D0.5b,D0.5b,D0.5b,2006,SWE_melt_NSE__NSE_meltseason2,0.08517953280215952,Dischma
D0.5b,D0.5b,D0.5b,2006,SWE_melt_NSE__KGE_meltseason2,0.1048306853615653,Dischma
D0.5b,D0.5b,D0.5b,2006,SWE_melt_NSE__Qmean_meltseason2_APE,0.7123503948394718,Dischma
D0.5b,D0.5b,D0.5b,2006,melt_sum_APE__NSE_meltseason2,-0.22699400420588767,Dischma
D0.5b,D0.5b,D0.5b,2006,melt_sum_APE__KGE_meltseason2,0.21164043356998982,Dischma
D0.5b,D0.5b,D0.5b,2006,melt_sum_APE__Qmean_meltseason2_APE,0.05254761194223109,Dischma
D0.5b,D0.5b,D0.5b,2006,SWE_NSE__NSE_meltseason2,0.09961040329327851,Dischma
D0.5b,D0.5b,D0.5b,2006,SWE_NSE__KGE_meltseason2,0.21297420067756925,Dischma
D0.5b,D0.5b,D0.5b,2006,SWE_NSE__Qmean_meltseason2_APE,0.32144143775983025,Dischma
D0.5b,D0.5b,D0.5b,2007,SWE_melt_NSE__NSE_meltseason2,-0.0785441658619212,Dischma
D0.5b,D0.5b,D0.5b,2007,SWE_melt_NSE__KGE_meltseason2,0.011498415256264051,Dischma
D0.5b,D0.5b,D0.5b,2007,SWE_melt_NSE__Qmean_meltseason2_APE,0.4086321869233493,Dischma
D0.5b,D0.5b,D0.5b,2007,melt_sum_APE__NSE_meltseason2,-0.41740238605577834,Dischma
D0.5b,D0.5b,D0.5b,2007,melt_sum_APE__KGE_meltseason2,-0.3461844086251192,Dischma
D0.5b,D0.5b,D0.5b,2007,melt_sum_APE__Qmean_meltseason2_APE,0.10055701774660064,Dischma
D0.5b,D0.5b,D0.5b,2007,SWE_NSE__NSE_meltseason2,0.05137856008104992,Dischma
D0.5b,D0.5b,D0.5b,2007,SWE_NSE__KGE_meltseason2,-0.0009893897113489563,Dischma
D0.5b,D0.5b,D0.5b,2007,SWE_NSE__Qmean_meltseason2_APE,0.041909270691861185,Dischma
D0.5b,D0.5b,D0.5b,2008,SWE_melt_NSE__NSE_meltseason2,-0.07959242968813075,Dischma
D0.5b,D0.5b,D0.5b,2008,SWE_melt_NSE__KGE_meltseason2,0.016292371379957312,Dischma
D0.5b,D0.5b,D0.5b,2008,SWE_melt_NSE__Qmean_meltseason2_APE,0.6514687874290418,Dischma
D0.5b,D0.5b,D0.5b,2008,melt_sum_APE__NSE_meltseason2,-0.5051690290307145,Dischma
D0.5b,D0.5b,D0.5b,2008,melt_sum_APE__KGE_meltseason2,-0.3350893429626011,Dischma
D0.5b,D0.5b,D0.5b,2008,melt_sum_APE__Qmean_meltseason2_APE,-0.10486470724411684,Dischma
D0.5b,D0.5b,D0.5b,2008,SWE_NSE__NSE_meltseason2,-0.15460986629595935,Dischma
D0.5b,D0.5b,D0.5b,2008,SWE_NSE__KGE_meltseason2,-0.17203479826710974,Dischma
D0.5b,D0.5b,D0.5b,2008,SWE_NSE__Qmean_meltseason2_APE,0.179699339827329,Dischma
D0.5b,D0.5b,D0.5b,2009,SWE_melt_NSE__NSE_meltseason2,0.18086073107509404,Dischma
D0.5b,D0.5b,D0.5b,2009,SWE_melt_NSE__KGE_meltseason2,0.1396202059355572,Dischma
D0.5b,D0.5b,D0.5b,2009,SWE_melt_NSE__Qmean_meltseason2_APE,0.5119864892771016,Dischma
D0.5b,D0.5b,D0.5b,2009,melt_sum_APE__NSE_meltseason2,-0.40386375529050567,Dischma
D0.5b,D0.5b,D0.5b,2009,melt_sum_APE__KGE_meltseason2,-0.3014063688152929,Dischma
D0.5b,D0.5b,D0.5b,2009,melt_sum_APE__Qmean_meltseason2_APE,0.2757119915755263,Dischma
D0.5b,D0.5b,D0.5b,2009,SWE_NSE__NSE_meltseason2,0.13540911974180792,Dischma
D0.5b,D0.5b,D0.5b,2009,SWE_NSE__KGE_meltseason2,-0.047980028901821625,Dischma
D0.5b,D0.5b,D0.5b,2009,SWE_NSE__Qmean_meltseason2_APE,0.47096679816234654,Dischma
D0.5b,D0.5b,D0.5b,2010,SWE_melt_NSE__NSE_meltseason2,0.16234603960729638,Dischma
D0.5b,D0.5b,D0.5b,2010,SWE_melt_NSE__KGE_meltseason2,0.19153337982699845,Dischma
D0.5b,D0.5b,D0.5b,2010,SWE_melt_NSE__Qmean_meltseason2_APE,0.7196596496655117,Dischma
D0.5b,D0.5b,D0.5b,2010,melt_sum_APE__NSE_meltseason2,-0.03659146648866942,Dischma
D0.5b,D0.5b,D0.5b,2010,melt_sum_APE__KGE_meltseason2,0.08439218729037261,Dischma
D0.5b,D0.5b,D0.5b,2010,melt_sum_APE__Qmean_meltseason2_APE,0.07210051624480875,Dischma
D0.5b,D0.5b,D0.5b,2010,SWE_NSE__NSE_meltseason2,0.12907284941004904,Dischma
D0.5b,D0.5b,D0.5b,2010,SWE_NSE__KGE_meltseason2,0.060820939561779516,Dischma
D0.5b,D0.5b,D0.5b,2010,SWE_NSE__Qmean_meltseason2_APE,0.32688035364969226,Dischma
D0.5b,D0.5b,D0.5b,2011,SWE_melt_NSE__NSE_meltseason2,0.04987190127285164,Dischma
D0.5b,D0.5b,D0.5b,2011,SWE_melt_NSE__KGE_meltseason2,0.13830939027144218,Dischma
D0.5b,D0.5b,D0.5b,2011,SWE_melt_NSE__Qmean_meltseason2_APE,0.33780130182906204,Dischma
D0.5b,D0.5b,D0.5b,2011,melt_sum_APE__NSE_meltseason2,0.05480396104946366,Dischma
D0.5b,D0.5b,D0.5b,2011,melt_sum_APE__KGE_meltseason2,0.05232815689476221,Dischma
D0.5b,D0.5b,D0.5b,2011,melt_sum_APE__Qmean_meltseason2_APE,0.07862156158849684,Dischma
D0.5b,D0.5b,D0.5b,2011,SWE_NSE__NSE_meltseason2,0.05823139988355854,Dischma
D0.5b,D0.5b,D0.5b,2011,SWE_NSE__KGE_meltseason2,-0.053828177966616264,Dischma
D0.5b,D0.5b,D0.5b,2011,SWE_NSE__Qmean_meltseason2_APE,0.14032270354588317,Dischma
D0.5b,D0.5b,D0.5b,2012,SWE_melt_NSE__NSE_meltseason2,-0.07559761889415915,Dischma
D0.5b,D0.5b,D0.5b,2012,SWE_melt_NSE__KGE_meltseason2,0.04061106220434852,Dischma
D0.5b,D0.5b,D0.5b,2012,SWE_melt_NSE__Qmean_meltseason2_APE,0.4871272904280888,Dischma
D0.5b,D0.5b,D0.5b,2012,melt_sum_APE__NSE_meltseason2,-0.27904125735607,Dischma
D0.5b,D0.5b,D0.5b,2012,melt_sum_APE__KGE_meltseason2,0.08624864796133568,Dischma
D0.5b,D0.5b,D0.5b,2012,melt_sum_APE__Qmean_meltseason2_APE,-0.09241490555092026,Dischma
D0.5b,D0.5b,D0.5b,2012,SWE_NSE__NSE_meltseason2,0.08952007923943363,Dischma
D0.5b,D0.5b,D0.5b,2012,SWE_NSE__KGE_meltseason2,0.1571799528409106,Dischma
D0.5b,D0.5b,D0.5b,2012,SWE_NSE__Qmean_meltseason2_APE,-0.025322013167884374,Dischma
D0.5b,D0.5b,D0.5b,2013,SWE_melt_NSE__NSE_meltseason2,-0.001289848133203753,Dischma
D0.5b,D0.5b,D0.5b,2013,SWE_melt_NSE__KGE_meltseason2,-0.2963523113294643,Dischma
D0.5b,D0.5b,D0.5b,2013,SWE_melt_NSE__Qmean_meltseason2_APE,0.10765929702642049,Dischma
D0.5b,D0.5b,D0.5b,2013,melt_sum_APE__NSE_meltseason2,-0.5455038909182329,Dischma
D0.5b,D0.5b,D0.5b,2013,melt_sum_APE__KGE_meltseason2,-0.2406311488007459,Dischma
D0.5b,D0.5b,D0.5b,2013,melt_sum_APE__Qmean_meltseason2_APE,0.09610584543148191,Dischma
D0.5b,D0.5b,D0.5b,2013,SWE_NSE__NSE_meltseason2,0.03608730023791241,Dischma
D0.5b,D0.5b,D0.5b,2013,SWE_NSE__KGE_meltseason2,-0.11542778381507632,Dischma
D0.5b,D0.5b,D0.5b,2013,SWE_NSE__Qmean_meltseason2_APE,0.16379889864547081,Dischma
D0.5b,D0.5b,D0.5b,2014,SWE_melt_NSE__NSE_meltseason2,0.03477893635075735,Dischma
D0.5b,D0.5b,D0.5b,2014,SWE_melt_NSE__KGE_meltseason2,0.29435983487855755,Dischma
D0.5b,D0.5b,D0.5b,2014,SWE_melt_NSE__Qmean_meltseason2_APE,0.4329972221730556,Dischma
D0.5b,D0.5b,D0.5b,2014,melt_sum_APE__NSE_meltseason2,-0.04926516506927316,Dischma
D0.5b,D0.5b,D0.5b,2014,melt_sum_APE__KGE_meltseason2,0.20916652201654107,Dischma
D0.5b,D0.5b,D0.5b,2014,melt_sum_APE__Qmean_meltseason2_APE,0.06384437314816405,Dischma
D0.5b,D0.5b,D0.5b,2014,SWE_NSE__NSE_meltseason2,0.11392426243587511,Dischma
D0.5b,D0.5b,D0.5b,2014,SWE_NSE__KGE_meltseason2,0.13753832144505812,Dischma
D0.5b,D0.5b,D0.5b,2014,SWE_NSE__Qmean_meltseason2_APE,0.31156776744390446,Dischma
D0.5b,D0.5b,D0.5b,2015,SWE_melt_NSE__NSE_meltseason2,-0.1045343931052508,Dischma
D0.5b,D0.5b,D0.5b,2015,SWE_melt_NSE__KGE_meltseason2,-0.1392344834406639,Dischma
D0.5b,D0.5b,D0.5b,2015,SWE_melt_NSE__Qmean_meltseason2_APE,0.40942753093626044,Dischma
D0.5b,D0.5b,D0.5b,2015,melt_sum_APE__NSE_meltseason2,-0.38238787730250196,Dischma
D0.5b,D0.5b,D0.5b,2015,melt_sum_APE__KGE_meltseason2,-0.19562884694365837,Dischma
D0.5b,D0.5b,D0.5b,2015,melt_sum_APE__Qmean_meltseason2_APE,-0.03918764934527542,Dischma
D0.5b,D0.5b,D0.5b,2015,SWE_NSE__NSE_meltseason2,-0.1388101155743874,Dischma
D0.5b,D0.5b,D0.5b,2015,SWE_NSE__KGE_meltseason2,0.05843922534185979,Dischma
D0.5b,D0.5b,D0.5b,2015,SWE_NSE__Qmean_meltseason2_APE,0.4568026407351271,Dischma
D0.5b,D0.5b,D0.5b,2016,SWE_melt_NSE__NSE_meltseason2,0.15876264312173852,Dischma
D0.5b,D0.5b,D0.5b,2016,SWE_melt_NSE__KGE_meltseason2,-0.062325521876839006,Dischma
D0.5b,D0.5b,D0.5b,2016,SWE_melt_NSE__Qmean_meltseason2_APE,0.3824467044682278,Dischma
D0.5b,D0.5b,D0.5b,2016,melt_sum_APE__NSE_meltseason2,-0.004359539378743867,Dischma
D0.5b,D0.5b,D0.5b,2016,melt_sum_APE__KGE_meltseason2,0.0663684836083182,Dischma
D0.5b,D0.5b,D0.5b,2016,melt_sum_APE__Qmean_meltseason2_APE,0.2527559409558963,Dischma
D0.5b,D0.5b,D0.5b,2016,SWE_NSE__NSE_meltseason2,0.10343323511231677,Dischma
D0.5b,D0.5b,D0.5b,2016,SWE_NSE__KGE_meltseason2,0.00795727794370804,Dischma
D0.5b,D0.5b,D0.5b,2016,SWE_NSE__Qmean_meltseason2_APE,0.34768108327705516,Dischma
D0.5b,D0.5b,D0.5b,2017,SWE_melt_NSE__NSE_meltseason2,-0.17255677884791243,Dischma
D0.5b,D0.5b,D0.5b,2017,SWE_melt_NSE__KGE_meltseason2,-0.12814271214432846,Dischma
D0.5b,D0.5b,D0.5b,2017,SWE_melt_NSE__Qmean_meltseason2_APE,0.42675974766097935,Dischma
D0.5b,D0.5b,D0.5b,2017,melt_sum_APE__NSE_meltseason2,-0.5945952562609633,Dischma
D0.5b,D0.5b,D0.5b,2017,melt_sum_APE__KGE_meltseason2,-0.26051561375683835,Dischma
D0.5b,D0.5b,D0.5b,2017,melt_sum_APE__Qmean_meltseason2_APE,-0.2902164582071741,Dischma
D0.5b,D0.5b,D0.5b,2017,SWE_NSE__NSE_meltseason2,0.05416971512513623,Dischma
D0.5b,D0.5b,D0.5b,2017,SWE_NSE__KGE_meltseason2,0.1724311997214013,Dischma
D0.5b,D0.5b,D0.5b,2017,SWE_NSE__Qmean_meltseason2_APE,0.24943456237005146,Dischma
D0.5b,D0.5b,D0.5b,2018,SWE_melt_NSE__NSE_meltseason2,-0.3148063657751783,Dischma
D0.5b,D0.5b,D0.5b,2018,SWE_melt_NSE__KGE_meltseason2,-0.06325888161497048,Dischma
D0.5b,D0.5b,D0.5b,2018,SWE_melt_NSE__Qmean_meltseason2_APE,0.8975485025645717,Dischma
D0.5b,D0.5b,D0.5b,2018,melt_sum_APE__NSE_meltseason2,-0.6736917493296533,Dischma
D0.5b,D0.5b,D0.5b,2018,melt_sum_APE__KGE_meltseason2,-0.5072879009412328,Dischma
D0.5b,D0.5b,D0.5b,2018,melt_sum_APE__Qmean_meltseason2_APE,0.010566477039452803,Dischma
D0.5b,D0.5b,D0.5b,2018,SWE_NSE__NSE_meltseason2,0.11289995705948164,Dischma
D0.5b,D0.5b,D0.5b,2018,SWE_NSE__KGE_meltseason2,0.22239242133644804,Dischma
D0.5b,D0.5b,D0.5b,2018,SWE_NSE__Qmean_meltseason2_APE,0.4383515196495637,Dischma
D0.5b,D0.5b,D0.5b,2019,SWE_melt_NSE__NSE_meltseason2,-0.13271001489516424,Dischma
D0.5b,D0.5b,D0.5b,2019,SWE_melt_NSE__KGE_meltseason2,0.18445624356782778,Dischma
D0.5b,D0.5b,D0.5b,2019,SWE_melt_NSE__Qmean_meltseason2_APE,0.7239353267851054,Dischma
D0.5b,D0.5b,D0.5b,2019,melt_sum_APE__NSE_meltseason2,-0.5017317622192605,Dischma
D0.5b,D0.5b,D0.5b,2019,melt_sum_APE__KGE_meltseason2,-0.3338224497337654,Dischma
D0.5b,D0.5b,D0.5b,2019,melt_sum_APE__Qmean_meltseason2_APE,0.05344772049113872,Dischma
D0.5b,D0.5b,D0.5b,2019,SWE_NSE__NSE_meltseason2,0.08924971728668962,Dischma
D0.5b,D0.5b,D0.5b,2019,SWE_NSE__KGE_meltseason2,-0.22482324759121,Dischma
D0.5b,D0.5b,D0.5b,2019,SWE_NSE__Qmean_meltseason2_APE,0.15835284844689815,Dischma
D0.5b,D0.5b,D0.5b,2020,SWE_melt_NSE__NSE_meltseason2,0.05790669725235153,Dischma
D0.5b,D0.5b,D0.5b,2020,SWE_melt_NSE__KGE_meltseason2,-0.14848701571304262,Dischma
D0.5b,D0.5b,D0.5b,2020,SWE_melt_NSE__Qmean_meltseason2_APE,0.40553510202905735,Dischma
D0.5b,D0.5b,D0.5b,2020,melt_sum_APE__NSE_meltseason2,-0.4103601202041275,Dischma
D0.5b,D0.5b,D0.5b,2020,melt_sum_APE__KGE_meltseason2,-0.4044493232202644,Dischma
D0.5b,D0.5b,D0.5b,2020,melt_sum_APE__Qmean_meltseason2_APE,0.08324211152201462,Dischma
D0.5b,D0.5b,D0.5b,2020,SWE_NSE__NSE_meltseason2,0.4107512988405563,Dischma
D0.5b,D0.5b,D0.5b,2020,SWE_NSE__KGE_meltseason2,0.2622864432969214,Dischma
D0.5b,D0.5b,D0.5b,2020,SWE_NSE__Qmean_meltseason2_APE,0.1437080526666859,Dischma
D0.5b,D0.5b,D0.5b,2021,SWE_melt_NSE__NSE_meltseason2,-0.08039377985074377,Dischma
D0.5b,D0.5b,D0.5b,2021,SWE_melt_NSE__KGE_meltseason2,0.3808631053773251,Dischma
D0.5b,D0.5b,D0.5b,2021,SWE_melt_NSE__Qmean_meltseason2_APE,0.7372768216597849,Dischma
D0.5b,D0.5b,D0.5b,2021,melt_sum_APE__NSE_meltseason2,-0.7933462261057025,Dischma
D0.5b,D0.5b,D0.5b,2021,melt_sum_APE__KGE_meltseason2,-0.44762354607433585,Dischma
D0.5b,D0.5b,D0.5b,2021,melt_sum_APE__Qmean_meltseason2_APE,-0.23876925511806632,Dischma
D0.5b,D0.5b,D0.5b,2021,SWE_NSE__NSE_meltseason2,-0.26543606857870694,Dischma
D0.5b,D0.5b,D0.5b,2021,SWE_NSE__KGE_meltseason2,-0.07768897125266565,Dischma
D0.5b,D0.5b,D0.5b,2021,SWE_NSE__Qmean_meltseason2_APE,-0.12158562127899905,Dischma
D0.5b,D0.5b,D0.5b,2022,SWE_melt_NSE__NSE_meltseason2,0.02355472797889664,Dischma
D0.5b,D0.5b,D0.5b,2022,SWE_melt_NSE__KGE_meltseason2,0.1037094717281152,Dischma
D0.5b,D0.5b,D0.5b,2022,SWE_melt_NSE__Qmean_meltseason2_APE,0.681304577811614,Dischma
D0.5b,D0.5b,D0.5b,2022,melt_sum_APE__NSE_meltseason2,-0.4882042682659435,Dischma
D0.5b,D0.5b,D0.5b,2022,melt_sum_APE__KGE_meltseason2,-0.04049836844617077,Dischma
D0.5b,D0.5b,D0.5b,2022,melt_sum_APE__Qmean_meltseason2_APE,0.009910927739882959,Dischma
D0.5b,D0.5b,D0.5b,2022,SWE_NSE__NSE_meltseason2,-0.33295353446932036,Dischma
D0.5b,D0.5b,D0.5b,2022,SWE_NSE__KGE_meltseason2,-0.028569152196770954,Dischma
D0.5b,D0.5b,D0.5b,2022,SWE_NSE__Qmean_meltseason2_APE,0.1468307118617538,Dischma
D0.5c,D0.5c,D0.5c,2001,SWE_melt_NSE__NSE_meltseason2,-0.018391193588356232,Dischma
D0.5c,D0.5c,D0.5c,2001,SWE_melt_NSE__KGE_meltseason2,0.0767200827973689,Dischma
D0.5c,D0.5c,D0.5c,2001,SWE_melt_NSE__Qmean_meltseason2_APE,0.49117249176126554,Dischma
D0.5c,D0.5c,D0.5c,2001,melt_sum_APE__NSE_meltseason2,-0.2861654300131037,Dischma
D0.5c,D0.5c,D0.5c,2001,melt_sum_APE__KGE_meltseason2,-0.013439135317976558,Dischma
D0.5c,D0.5c,D0.5c,2001,melt_sum_APE__Qmean_meltseason2_APE,0.20956221623455082,Dischma
D0.5c,D0.5c,D0.5c,2001,SWE_NSE__NSE_meltseason2,0.08885421983121042,Dischma
D0.5c,D0.5c,D0.5c,2001,SWE_NSE__KGE_meltseason2,0.1541734174793965,Dischma
D0.5c,D0.5c,D0.5c,2001,SWE_NSE__Qmean_meltseason2_APE,0.22457671795707418,Dischma
D0.5c,D0.5c,D0.5c,2002,SWE_melt_NSE__NSE_meltseason2,-0.10762170454838778,Dischma
D0.5c,D0.5c,D0.5c,2002,SWE_melt_NSE__KGE_meltseason2,-0.2843971429515717,Dischma
D0.5c,D0.5c,D0.5c,2002,SWE_melt_NSE__Qmean_meltseason2_APE,0.5267034667016917,Dischma
D0.5c,D0.5c,D0.5c,2002,melt_sum_APE__NSE_meltseason2,-0.2965076938886473,Dischma
D0.5c,D0.5c,D0.5c,2002,melt_sum_APE__KGE_meltseason2,-0.36046247451788677,Dischma
D0.5c,D0.5c,D0.5c,2002,melt_sum_APE__Qmean_meltseason2_APE,0.22650852980867975,Dischma
D0.5c,D0.5c,D0.5c,2002,SWE_NSE__NSE_meltseason2,0.3450376566863443,Dischma
D0.5c,D0.5c,D0.5c,2002,SWE_NSE__KGE_meltseason2,0.09749396763399511,Dischma
D0.5c,D0.5c,D0.5c,2002,SWE_NSE__Qmean_meltseason2_APE,0.2763832421849914,Dischma
D0.5c,D0.5c,D0.5c,2003,SWE_melt_NSE__NSE_meltseason2,0.0060058756293974854,Dischma
D0.5c,D0.5c,D0.5c,2003,SWE_melt_NSE__KGE_meltseason2,-0.12113241818634193,Dischma
D0.5c,D0.5c,D0.5c,2003,SWE_melt_NSE__Qmean_meltseason2_APE,0.7770095428044947,Dischma
D0.5c,D0.5c,D0.5c,2003,melt_sum_APE__NSE_meltseason2,-0.5037396408374967,Dischma
D0.5c,D0.5c,D0.5c,2003,melt_sum_APE__KGE_meltseason2,-0.4542641548763357,Dischma
D0.5c,D0.5c,D0.5c,2003,melt_sum_APE__Qmean_meltseason2_APE,-0.018875476937370482,Dischma
D0.5c,D0.5c,D0.5c,2003,SWE_NSE__NSE_meltseason2,0.004131826330326183,Dischma
D0.5c,D0.5c,D0.5c,2003,SWE_NSE__KGE_meltseason2,-0.04508788952853803,Dischma
D0.5c,D0.5c,D0.5c,2003,SWE_NSE__Qmean_meltseason2_APE,0.2099374227635203,Dischma
D0.5c,D0.5c,D0.5c,2004,SWE_melt_NSE__NSE_meltseason2,0.12899064790132983,Dischma
D0.5c,D0.5c,D0.5c,2004,SWE_melt_NSE__KGE_meltseason2,0.05011311482780331,Dischma
D0.5c,D0.5c,D0.5c,2004,SWE_melt_NSE__Qmean_meltseason2_APE,0.752747198307149,Dischma
D0.5c,D0.5c,D0.5c,2004,melt_sum_APE__NSE_meltseason2,-0.49443985972175886,Dischma
D0.5c,D0.5c,D0.5c,2004,melt_sum_APE__KGE_meltseason2,-0.270201449257103,Dischma
D0.5c,D0.5c,D0.5c,2004,melt_sum_APE__Qmean_meltseason2_APE,0.13921693848920652,Dischma
D0.5c,D0.5c,D0.5c,2004,SWE_NSE__NSE_meltseason2,0.03212069690511281,Dischma
D0.5c,D0.5c,D0.5c,2004,SWE_NSE__KGE_meltseason2,-0.06862266007050363,Dischma
D0.5c,D0.5c,D0.5c,2004,SWE_NSE__Qmean_meltseason2_APE,0.5306291799677141,Dischma
D0.5c,D0.5c,D0.5c,2005,SWE_melt_NSE__NSE_meltseason2,-0.1647447623366322,Dischma
D0.5c,D0.5c,D0.5c,2005,SWE_melt_NSE__KGE_meltseason2,0.5684958858158703,Dischma
D0.5c,D0.5c,D0.5c,2005,SWE_melt_NSE__Qmean_meltseason2_APE,0.8265450831707971,Dischma
D0.5c,D0.5c,D0.5c,2005,melt_sum_APE__NSE_meltseason2,-0.45197401648114754,Dischma
D0.5c,D0.5c,D0.5c,2005,melt_sum_APE__KGE_meltseason2,-0.13433032980090343,Dischma
D0.5c,D0.5c,D0.5c,2005,melt_sum_APE__Qmean_meltseason2_APE,0.4866029961988023,Dischma
D0.5c,D0.5c,D0.5c,2005,SWE_NSE__NSE_meltseason2,-0.09395865516538221,Dischma
D0.5c,D0.5c,D0.5c,2005,SWE_NSE__KGE_meltseason2,0.5123079584557675,Dischma
D0.5c,D0.5c,D0.5c,2005,SWE_NSE__Qmean_meltseason2_APE,1.0250799100406887,Dischma
D0.5c,D0.5c,D0.5c,2006,SWE_melt_NSE__NSE_meltseason2,0.0204734707397479,Dischma
D0.5c,D0.5c,D0.5c,2006,SWE_melt_NSE__KGE_meltseason2,0.3293693487877797,Dischma
D0.5c,D0.5c,D0.5c,2006,SWE_melt_NSE__Qmean_meltseason2_APE,0.3643781947246381,Dischma
D0.5c,D0.5c,D0.5c,2006,melt_sum_APE__NSE_meltseason2,-0.4544083760417777,Dischma
D0.5c,D0.5c,D0.5c,2006,melt_sum_APE__KGE_meltseason2,-0.4403485878080312,Dischma
D0.5c,D0.5c,D0.5c,2006,melt_sum_APE__Qmean_meltseason2_APE,-0.015077023678577274,Dischma
D0.5c,D0.5c,D0.5c,2006,SWE_NSE__NSE_meltseason2,0.23585468114301064,Dischma
D0.5c,D0.5c,D0.5c,2006,SWE_NSE__KGE_meltseason2,0.2336579794487397,Dischma
D0.5c,D0.5c,D0.5c,2006,SWE_NSE__Qmean_meltseason2_APE,0.2645883426192612,Dischma
D0.5c,D0.5c,D0.5c,2007,SWE_melt_NSE__NSE_meltseason2,-0.09771083287862822,Dischma
D0.5c,D0.5c,D0.5c,2007,SWE_melt_NSE__KGE_meltseason2,0.1304377436101166,Dischma
D0.5c,D0.5c,D0.5c,2007,SWE_melt_NSE__Qmean_meltseason2_APE,0.7336703216219653,Dischma
D0.5c,D0.5c,D0.5c,2007,melt_sum_APE__NSE_meltseason2,-0.13108217960413573,Dischma
D0.5c,D0.5c,D0.5c,2007,melt_sum_APE__KGE_meltseason2,0.060707710980946065,Dischma
D0.5c,D0.5c,D0.5c,2007,melt_sum_APE__Qmean_meltseason2_APE,0.26087996499026156,Dischma
D0.5c,D0.5c,D0.5c,2007,SWE_NSE__NSE_meltseason2,0.1684445548876813,Dischma
D0.5c,D0.5c,D0.5c,2007,SWE_NSE__KGE_meltseason2,0.18042230072240212,Dischma
D0.5c,D0.5c,D0.5c,2007,SWE_NSE__Qmean_meltseason2_APE,0.6416919474694511,Dischma
D0.5c,D0.5c,D0.5c,2008,SWE_melt_NSE__NSE_meltseason2,-0.09225212103807588,Dischma
D0.5c,D0.5c,D0.5c,2008,SWE_melt_NSE__KGE_meltseason2,0.0865876849960907,Dischma
D0.5c,D0.5c,D0.5c,2008,SWE_melt_NSE__Qmean_meltseason2_APE,0.7133603000324047,Dischma
D0.5c,D0.5c,D0.5c,2008,melt_sum_APE__NSE_meltseason2,-0.14301830881270028,Dischma
D0.5c,D0.5c,D0.5c,2008,melt_sum_APE__KGE_meltseason2,-0.0762719936576983,Dischma
D0.5c,D0.5c,D0.5c,2008,melt_sum_APE__Qmean_meltseason2_APE,-0.05492770014544222,Dischma
D0.5c,D0.5c,D0.5c,2008,SWE_NSE__NSE_meltseason2,0.1288453724577975,Dischma
D0.5c,D0.5c,D0.5c,2008,SWE_NSE__KGE_meltseason2,0.06686127339143724,Dischma
D0.5c,D0.5c,D0.5c,2008,SWE_NSE__Qmean_meltseason2_APE,0.06437511891237134,Dischma
D0.5c,D0.5c,D0.5c,2009,SWE_melt_NSE__NSE_meltseason2,0.045369553034330413,Dischma
D0.5c,D0.5c,D0.5c,2009,SWE_melt_NSE__KGE_meltseason2,0.4239988919559561,Dischma
D0.5c,D0.5c,D0.5c,2009,SWE_melt_NSE__Qmean_meltseason2_APE,0.5781268704716669,Dischma
D0.5c,D0.5c,D0.5c,2009,melt_sum_APE__NSE_meltseason2,-0.8929510294865952,Dischma
D0.5c,D0.5c,D0.5c,2009,melt_sum_APE__KGE_meltseason2,-1.0123366598452328,Dischma
D0.5c,D0.5c,D0.5c,2009,melt_sum_APE__Qmean_meltseason2_APE,0.0002118028398268053,Dischma
D0.5c,D0.5c,D0.5c,2009,SWE_NSE__NSE_meltseason2,-0.21418087426032462,Dischma
D0.5c,D0.5c,D0.5c,2009,SWE_NSE__KGE_meltseason2,-0.24076653420861915,Dischma
D0.5c,D0.5c,D0.5c,2009,SWE_NSE__Qmean_meltseason2_APE,0.37949196068326335,Dischma
D0.5c,D0.5c,D0.5c,2010,SWE_melt_NSE__NSE_meltseason2,-0.10335738450332271,Dischma
D0.5c,D0.5c,D0.5c,2010,SWE_melt_NSE__KGE_meltseason2,0.19389273216993408,Dischma
D0.5c,D0.5c,D0.5c,2010,SWE_melt_NSE__Qmean_meltseason2_APE,0.5463538209302554,Dischma
D0.5c,D0.5c,D0.5c,2010,melt_sum_APE__NSE_meltseason2,-0.3994668296473549,Dischma
D0.5c,D0.5c,D0.5c,2010,melt_sum_APE__KGE_meltseason2,-0.09501521053505757,Dischma
D0.5c,D0.5c,D0.5c,2010,melt_sum_APE__Qmean_meltseason2_APE,0.0871462391147886,Dischma
D0.5c,D0.5c,D0.5c,2010,SWE_NSE__NSE_meltseason2,-0.08103657209090649,Dischma
D0.5c,D0.5c,D0.5c,2010,SWE_NSE__KGE_meltseason2,0.0075956479021566025,Dischma
D0.5c,D0.5c,D0.5c,2010,SWE_NSE__Qmean_meltseason2_APE,0.40102679142381864,Dischma
D0.5c,D0.5c,D0.5c,2011,SWE_melt_NSE__NSE_meltseason2,-0.41789200968931983,Dischma
D0.5c,D0.5c,D0.5c,2011,SWE_melt_NSE__KGE_meltseason2,-0.2761542692751127,Dischma
D0.5c,D0.5c,D0.5c,2011,SWE_melt_NSE__Qmean_meltseason2_APE,0.41751682039118193,Dischma
D0.5c,D0.5c,D0.5c,2011,melt_sum_APE__NSE_meltseason2,-0.17686192630344622,Dischma
D0.5c,D0.5c,D0.5c,2011,melt_sum_APE__KGE_meltseason2,-0.24486331125247293,Dischma
D0.5c,D0.5c,D0.5c,2011,melt_sum_APE__Qmean_meltseason2_APE,0.11557230986573319,Dischma
D0.5c,D0.5c,D0.5c,2011,SWE_NSE__NSE_meltseason2,-0.03535297825712952,Dischma
D0.5c,D0.5c,D0.5c,2011,SWE_NSE__KGE_meltseason2,-0.15792170946040668,Dischma
D0.5c,D0.5c,D0.5c,2011,SWE_NSE__Qmean_meltseason2_APE,0.4240740546560023,Dischma
D0.5c,D0.5c,D0.5c,2012,SWE_melt_NSE__NSE_meltseason2,-0.18838599586782986,Dischma
D0.5c,D0.5c,D0.5c,2012,SWE_melt_NSE__KGE_meltseason2,0.05917892768394535,Dischma
D0.5c,D0.5c,D0.5c,2012,SWE_melt_NSE__Qmean_meltseason2_APE,0.594246769046173,Dischma
D0.5c,D0.5c,D0.5c,2012,melt_sum_APE__NSE_meltseason2,-0.3299035093805875,Dischma
D0.5c,D0.5c,D0.5c,2012,melt_sum_APE__KGE_meltseason2,0.09661617746197458,Dischma
D0.5c,D0.5c,D0.5c,2012,melt_sum_APE__Qmean_meltseason2_APE,-0.004551889969974168,Dischma
D0.5c,D0.5c,D0.5c,2012,SWE_NSE__NSE_meltseason2,0.03180873823067627,Dischma
D0.5c,D0.5c,D0.5c,2012,SWE_NSE__KGE_meltseason2,0.15636604853280237,Dischma
D0.5c,D0.5c,D0.5c,2012,SWE_NSE__Qmean_meltseason2_APE,0.3731473856771879,Dischma
D0.5c,D0.5c,D0.5c,2013,SWE_melt_NSE__NSE_meltseason2,-0.050497652008926704,Dischma
D0.5c,D0.5c,D0.5c,2013,SWE_melt_NSE__KGE_meltseason2,0.11307885886444884,Dischma
D0.5c,D0.5c,D0.5c,2013,SWE_melt_NSE__Qmean_meltseason2_APE,0.6529633686836658,Dischma
D0.5c,D0.5c,D0.5c,2013,melt_sum_APE__NSE_meltseason2,-0.6314804827188323,Dischma
D0.5c,D0.5c,D0.5c,2013,melt_sum_APE__KGE_meltseason2,-0.479251804631586,Dischma
D0.5c,D0.5c,D0.5c,2013,melt_sum_APE__Qmean_meltseason2_APE,0.41139641774313745,Dischma
D0.5c,D0.5c,D0.5c,2013,SWE_NSE__NSE_meltseason2,0.06347068565076121,Dischma
D0.5c,D0.5c,D0.5c,2013,SWE_NSE__KGE_meltseason2,0.023229634206644513,Dischma
D0.5c,D0.5c,D0.5c,2013,SWE_NSE__Qmean_meltseason2_APE,0.6305643169582098,Dischma
D0.5c,D0.5c,D0.5c,2014,SWE_melt_NSE__NSE_meltseason2,-0.05301521914316249,Dischma
D0.5c,D0.5c,D0.5c,2014,SWE_melt_NSE__KGE_meltseason2,-0.10061528399523803,Dischma
D0.5c,D0.5c,D0.5c,2014,SWE_melt_NSE__Qmean_meltseason2_APE,0.5661401973775242,Dischma
D0.5c,D0.5c,D0.5c,2014,melt_sum_APE__NSE_meltseason2,-0.5871889834557484,Dischma
D0.5c,D0.5c,D0.5c,2014,melt_sum_APE__KGE_meltseason2,-0.21246283278878195,Dischma
D0.5c,D0.5c,D0.5c,2014,melt_sum_APE__Qmean_meltseason2_APE,0.1263929948991195,Dischma
D0.5c,D0.5c,D0.5c,2014,SWE_NSE__NSE_meltseason2,-0.06945433431305345,Dischma
D0.5c,D0.5c,D0.5c,2014,SWE_NSE__KGE_meltseason2,-0.1011077590389338,Dischma
D0.5c,D0.5c,D0.5c,2014,SWE_NSE__Qmean_meltseason2_APE,0.4367404347693663,Dischma
D0.5c,D0.5c,D0.5c,2015,SWE_melt_NSE__NSE_meltseason2,0.06904164442965112,Dischma
D0.5c,D0.5c,D0.5c,2015,SWE_melt_NSE__KGE_meltseason2,0.09998184489849063,Dischma
D0.5c,D0.5c,D0.5c,2015,SWE_melt_NSE__Qmean_meltseason2_APE,0.47920437760558776,Dischma
D0.5c,D0.5c,D0.5c,2015,melt_sum_APE__NSE_meltseason2,-0.2855317504476879,Dischma
D0.5c,D0.5c,D0.5c,2015,melt_sum_APE__KGE_meltseason2,-0.13946091234617977,Dischma
D0.5c,D0.5c,D0.5c,2015,melt_sum_APE__Qmean_meltseason2_APE,-0.11093393028216054,Dischma
D0.5c,D0.5c,D0.5c,2015,SWE_NSE__NSE_meltseason2,-0.12390151159868962,Dischma
D0.5c,D0.5c,D0.5c,2015,SWE_NSE__KGE_meltseason2,0.01631498047098577,Dischma
D0.5c,D0.5c,D0.5c,2015,SWE_NSE__Qmean_meltseason2_APE,0.4367656269082161,Dischma
D0.5c,D0.5c,D0.5c,2016,SWE_melt_NSE__NSE_meltseason2,-0.17364808748503,Dischma
D0.5c,D0.5c,D0.5c,2016,SWE_melt_NSE__KGE_meltseason2,-0.2580705044276971,Dischma
D0.5c,D0.5c,D0.5c,2016,SWE_melt_NSE__Qmean_meltseason2_APE,-0.03803696299411331,Dischma
D0.5c,D0.5c,D0.5c,2016,melt_sum_APE__NSE_meltseason2,-0.15208619560462425,Dischma
D0.5c,D0.5c,D0.5c,2016,melt_sum_APE__KGE_meltseason2,-0.0042413525796803665,Dischma
D0.5c,D0.5c,D0.5c,2016,melt_sum_APE__Qmean_meltseason2_APE,-0.2379542118699263,Dischma
D0.5c,D0.5c,D0.5c,2016,SWE_NSE__NSE_meltseason2,0.3148733373534119,Dischma
D0.5c,D0.5c,D0.5c,2016,SWE_NSE__KGE_meltseason2,0.02230034850783682,Dischma
D0.5c,D0.5c,D0.5c,2016,SWE_NSE__Qmean_meltseason2_APE,-0.021440678134058557,Dischma
D0.5c,D0.5c,D0.5c,2017,SWE_melt_NSE__NSE_meltseason2,-0.39004194622557564,Dischma
D0.5c,D0.5c,D0.5c,2017,SWE_melt_NSE__KGE_meltseason2,-0.17285235119383532,Dischma
D0.5c,D0.5c,D0.5c,2017,SWE_melt_NSE__Qmean_meltseason2_APE,0.48562597066436575,Dischma
D0.5c,D0.5c,D0.5c,2017,melt_sum_APE__NSE_meltseason2,-0.5991357373792789,Dischma
D0.5c,D0.5c,D0.5c,2017,melt_sum_APE__KGE_meltseason2,-0.2754526697272772,Dischma
D0.5c,D0.5c,D0.5c,2017,melt_sum_APE__Qmean_meltseason2_APE,-0.13160460555597386,Dischma
D0.5c,D0.5c,D0.5c,2017,SWE_NSE__NSE_meltseason2,-0.07169481620859389,Dischma
D0.5c,D0.5c,D0.5c,2017,SWE_NSE__KGE_meltseason2,0.08373171921429313,Dischma
D0.5c,D0.5c,D0.5c,2017,SWE_NSE__Qmean_meltseason2_APE,0.4506544836467664,Dischma
D0.5c,D0.5c,D0.5c,2018,SWE_melt_NSE__NSE_meltseason2,0.05904248953236441,Dischma
D0.5c,D0.5c,D0.5c,2018,SWE_melt_NSE__KGE_meltseason2,0.2891150593038887,Dischma
D0.5c,D0.5c,D0.5c,2018,SWE_melt_NSE__Qmean_meltseason2_APE,0.6296959760440584,Dischma
D0.5c,D0.5c,D0.5c,2018,melt_sum_APE__NSE_meltseason2,-0.4683957466424007,Dischma
D0.5c,D0.5c,D0.5c,2018,melt_sum_APE__KGE_meltseason2,-0.40490211344417865,Dischma
D0.5c,D0.5c,D0.5c,2018,melt_sum_APE__Qmean_meltseason2_APE,0.15058251866629255,Dischma
D0.5c,D0.5c,D0.5c,2018,SWE_NSE__NSE_meltseason2,-0.07874967398435594,Dischma
D0.5c,D0.5c,D0.5c,2018,SWE_NSE__KGE_meltseason2,-0.02567613410039582,Dischma
D0.5c,D0.5c,D0.5c,2018,SWE_NSE__Qmean_meltseason2_APE,0.3497045480128293,Dischma
D0.5c,D0.5c,D0.5c,2019,SWE_melt_NSE__NSE_meltseason2,-0.07607147403494359,Dischma
D0.5c,D0.5c,D0.5c,2019,SWE_melt_NSE__KGE_meltseason2,-0.0566947230206203,Dischma
D0.5c,D0.5c,D0.5c,2019,SWE_melt_NSE__Qmean_meltseason2_APE,0.82543438202852,Dischma
D0.5c,D0.5c,D0.5c,2019,melt_sum_APE__NSE_meltseason2,-0.6665762662748083,Dischma
D0.5c,D0.5c,D0.5c,2019,melt_sum_APE__KGE_meltseason2,-0.4656927755195526,Dischma
D0.5c,D0.5c,D0.5c,2019,melt_sum_APE__Qmean_meltseason2_APE,0.3569766825770059,Dischma
D0.5c,D0.5c,D0.5c,2019,SWE_NSE__NSE_meltseason2,-0.29662547827275015,Dischma
D0.5c,D0.5c,D0.5c,2019,SWE_NSE__KGE_meltseason2,-0.15668759020939874,Dischma
D0.5c,D0.5c,D0.5c,2019,SWE_NSE__Qmean_meltseason2_APE,0.4790713321304184,Dischma
D0.5c,D0.5c,D0.5c,2020,SWE_melt_NSE__NSE_meltseason2,0.03950025161435022,Dischma
D0.5c,D0.5c,D0.5c,2020,SWE_melt_NSE__KGE_meltseason2,0.19668826091815036,Dischma
D0.5c,D0.5c,D0.5c,2020,SWE_melt_NSE__Qmean_meltseason2_APE,0.2929524579784947,Dischma
D0.5c,D0.5c,D0.5c,2020,melt_sum_APE__NSE_meltseason2,-0.4019125795599461,Dischma
D0.5c,D0.5c,D0.5c,2020,melt_sum_APE__KGE_meltseason2,-0.37639360123858506,Dischma
D0.5c,D0.5c,D0.5c,2020,melt_sum_APE__Qmean_meltseason2_APE,0.04426397447812832,Dischma
D0.5c,D0.5c,D0.5c,2020,SWE_NSE__NSE_meltseason2,0.3913644149002949,Dischma
D0.5c,D0.5c,D0.5c,2020,SWE_NSE__KGE_meltseason2,0.5330731101620256,Dischma
D0.5c,D0.5c,D0.5c,2020,SWE_NSE__Qmean_meltseason2_APE,0.4258454997671544,Dischma
D0.5c,D0.5c,D0.5c,2021,SWE_melt_NSE__NSE_meltseason2,-0.1616227836841036,Dischma
D0.5c,D0.5c,D0.5c,2021,SWE_melt_NSE__KGE_meltseason2,0.25749622229236396,Dischma
D0.5c,D0.5c,D0.5c,2021,SWE_melt_NSE__Qmean_meltseason2_APE,0.8638426802446135,Dischma
D0.5c,D0.5c,D0.5c,2021,melt_sum_APE__NSE_meltseason2,-0.3348946485705004,Dischma
D0.5c,D0.5c,D0.5c,2021,melt_sum_APE__KGE_meltseason2,-0.06323397514118256,Dischma
D0.5c,D0.5c,D0.5c,2021,melt_sum_APE__Qmean_meltseason2_APE,0.18996431834624355,Dischma
D0.5c,D0.5c,D0.5c,2021,SWE_NSE__NSE_meltseason2,0.28359659279314897,Dischma
D0.5c,D0.5c,D0.5c,2021,SWE_NSE__KGE_meltseason2,-0.1719059094026964,Dischma
D0.5c,D0.5c,D0.5c,2021,SWE_NSE__Qmean_meltseason2_APE,0.48531219564653216,Dischma
D0.5c,D0.5c,D0.5c,2022,SWE_melt_NSE__NSE_meltseason2,-0.17540386952521403,Dischma
D0.5c,D0.5c,D0.5c,2022,SWE_melt_NSE__KGE_meltseason2,0.013984958247898359,Dischma
D0.5c,D0.5c,D0.5c,2022,SWE_melt_NSE__Qmean_meltseason2_APE,0.30980577811471516,Dischma
D0.5c,D0.5c,D0.5c,2022,melt_sum_APE__NSE_meltseason2,-0.12088545229951765,Dischma
D0.5c,D0.5c,D0.5c,2022,melt_sum_APE__KGE_meltseason2,-0.10958795106075238,Dischma
D0.5c,D0.5c,D0.5c,2022,melt_sum_APE__Qmean_meltseason2_APE,0.24369268353278856,Dischma
D0.5c,D0.5c,D0.5c,2022,SWE_NSE__NSE_meltseason2,-0.0037135027990641287,Dischma
D0.5c,D0.5c,D0.5c,2022,SWE_NSE__KGE_meltseason2,-0.21875995183652572,Dischma
D0.5c,D0.5c,D0.5c,2022,SWE_NSE__Qmean_meltseason2_APE,0.09706031024772149,Dischma
D0.5d,D0.5d,D0.5d,2001,SWE_melt_NSE__NSE_meltseason2,-0.0482424283969507,Dischma
D0.5d,D0.5d,D0.5d,2001,SWE_melt_NSE__KGE_meltseason2,-0.029185655615538313,Dischma
D0.5d,D0.5d,D0.5d,2001,SWE_melt_NSE__Qmean_meltseason2_APE,0.4449518051621426,Dischma
D0.5d,D0.5d,D0.5d,2001,melt_sum_APE__NSE_meltseason2,-0.449766225847792,Dischma
D0.5d,D0.5d,D0.5d,2001,melt_sum_APE__KGE_meltseason2,-0.32036236984896793,Dischma
D0.5d,D0.5d,D0.5d,2001,melt_sum_APE__Qmean_meltseason2_APE,-0.029426113933218048,Dischma
D0.5d,D0.5d,D0.5d,2001,SWE_NSE__NSE_meltseason2,0.09766768635378589,Dischma
D0.5d,D0.5d,D0.5d,2001,SWE_NSE__KGE_meltseason2,0.049445126353003375,Dischma
D0.5d,D0.5d,D0.5d,2001,SWE_NSE__Qmean_meltseason2_APE,0.40708049383915956,Dischma
D0.5d,D0.5d,D0.5d,2002,SWE_melt_NSE__NSE_meltseason2,-0.23228389613826608,Dischma
D0.5d,D0.5d,D0.5d,2002,SWE_melt_NSE__KGE_meltseason2,-0.15376633782146154,Dischma
D0.5d,D0.5d,D0.5d,2002,SWE_melt_NSE__Qmean_meltseason2_APE,0.4030785992450714,Dischma
D0.5d,D0.5d,D0.5d,2002,melt_sum_APE__NSE_meltseason2,-0.08760498569509598,Dischma
D0.5d,D0.5d,D0.5d,2002,melt_sum_APE__KGE_meltseason2,0.07197299277123545,Dischma
D0.5d,D0.5d,D0.5d,2002,melt_sum_APE__Qmean_meltseason2_APE,0.009230069297237931,Dischma
D0.5d,D0.5d,D0.5d,2002,SWE_NSE__NSE_meltseason2,0.2935798168887323,Dischma
D0.5d,D0.5d,D0.5d,2002,SWE_NSE__KGE_meltseason2,0.15182156528615803,Dischma
D0.5d,D0.5d,D0.5d,2002,SWE_NSE__Qmean_meltseason2_APE,0.3662642081921764,Dischma
D0.5d,D0.5d,D0.5d,2003,SWE_melt_NSE__NSE_meltseason2,0.012401466399753504,Dischma
D0.5d,D0.5d,D0.5d,2003,SWE_melt_NSE__KGE_meltseason2,-0.002021997585211609,Dischma
D0.5d,D0.5d,D0.5d,2003,SWE_melt_NSE__Qmean_meltseason2_APE,0.5869510538146101,Dischma
D0.5d,D0.5d,D0.5d,2003,melt_sum_APE__NSE_meltseason2,-0.13478183924024978,Dischma
D0.5d,D0.5d,D0.5d,2003,melt_sum_APE__KGE_meltseason2,0.005405144767736138,Dischma
D0.5d,D0.5d,D0.5d,2003,melt_sum_APE__Qmean_meltseason2_APE,0.09087720387035426,Dischma
D0.5d,D0.5d,D0.5d,2003,SWE_NSE__NSE_meltseason2,0.12066512691204286,Dischma
D0.5d,D0.5d,D0.5d,2003,SWE_NSE__KGE_meltseason2,0.09813330398097632,Dischma
D0.5d,D0.5d,D0.5d,2003,SWE_NSE__Qmean_meltseason2_APE,0.40544418854357933,Dischma
D0.5d,D0.5d,D0.5d,2004,SWE_melt_NSE__NSE_meltseason2,-0.15822791990330654,Dischma
D0.5d,D0.5d,D0.5d,2004,SWE_melt_NSE__KGE_meltseason2,-0.043015528674586405,Dischma
D0.5d,D0.5d,D0.5d,2004,SWE_melt_NSE__Qmean_meltseason2_APE,0.5884260590292179,Dischma
D0.5d,D0.5d,D0.5d,2004,melt_sum_APE__NSE_meltseason2,-0.2721326541425448,Dischma
D0.5d,D0.5d,D0.5d,2004,melt_sum_APE__KGE_meltseason2,-0.03259238853455537,Dischma
D0.5d,D0.5d,D0.5d,2004,melt_sum_APE__Qmean_meltseason2_APE,0.35422095983937024,Dischma
D0.5d,D0.5d,D0.5d,2004,SWE_NSE__NSE_meltseason2,-0.05041790698622323,Dischma
D0.5d,D0.5d,D0.5d,2004,SWE_NSE__KGE_meltseason2,-0.009637772497931124,Dischma
D0.5d,D0.5d,D0.5d,2004,SWE_NSE__Qmean_meltseason2_APE,0.6855306751691386,Dischma
D0.5d,D0.5d,D0.5d,2005,SWE_melt_NSE__NSE_meltseason2,-0.26286613207832354,Dischma
D0.5d,D0.5d,D0.5d,2005,SWE_melt_NSE__KGE_meltseason2,0.2186146556507181,Dischma
D0.5d,D0.5d,D0.5d,2005,SWE_melt_NSE__Qmean_meltseason2_APE,0.19824004198580986,Dischma
D0.5d,D0.5d,D0.5d,2005,melt_sum_APE__NSE_meltseason2,-0.5362078704364907,Dischma
D0.5d,D0.5d,D0.5d,2005,melt_sum_APE__KGE_meltseason2,0.2750010287596465,Dischma
D0.5d,D0.5d,D0.5d,2005,melt_sum_APE__Qmean_meltseason2_APE,0.5974678813106082,Dischma
D0.5d,D0.5d,D0.5d,2005,SWE_NSE__NSE_meltseason2,-0.4509346372988325,Dischma
D0.5d,D0.5d,D0.5d,2005,SWE_NSE__KGE_meltseason2,0.438060780825255,Dischma
D0.5d,D0.5d,D0.5d,2005,SWE_NSE__Qmean_meltseason2_APE,0.4179435747558294,Dischma
D0.5d,D0.5d,D0.5d,2006,SWE_melt_NSE__NSE_meltseason2,-0.25065259065305895,Dischma
D0.5d,D0.5d,D0.5d,2006,SWE_melt_NSE__KGE_meltseason2,-0.014317302824446152,Dischma
D0.5d,D0.5d,D0.5d,2006,SWE_melt_NSE__Qmean_meltseason2_APE,0.502544448178296,Dischma
D0.5d,D0.5d,D0.5d,2006,melt_sum_APE__NSE_meltseason2,-0.1142953927209059,Dischma
D0.5d,D0.5d,D0.5d,2006,melt_sum_APE__KGE_meltseason2,0.18138736598417268,Dischma
D0.5d,D0.5d,D0.5d,2006,melt_sum_APE__Qmean_meltseason2_APE,-0.2864039646484023,Dischma
D0.5d,D0.5d,D0.5d,2006,SWE_NSE__NSE_meltseason2,-0.32227155282039466,Dischma
D0.5d,D0.5d,D0.5d,2006,SWE_NSE__KGE_meltseason2,-0.13246457144050844,Dischma
D0.5d,D0.5d,D0.5d,2006,SWE_NSE__Qmean_meltseason2_APE,-0.06934675141899033,Dischma
D0.5d,D0.5d,D0.5d,2007,SWE_melt_NSE__NSE_meltseason2,-0.2729096323017886,Dischma
D0.5d,D0.5d,D0.5d,2007,SWE_melt_NSE__KGE_meltseason2,-0.13879789934073433,Dischma
D0.5d,D0.5d,D0.5d,2007,SWE_melt_NSE__Qmean_meltseason2_APE,0.2823449680352326,Dischma
D0.5d,D0.5d,D0.5d,2007,melt_sum_APE__NSE_meltseason2,-0.2810119881045529,Dischma
D0.5d,D0.5d,D0.5d,2007,melt_sum_APE__KGE_meltseason2,-0.15389105783080653,Dischma
D0.5d,D0.5d,D0.5d,2007,melt_sum_APE__Qmean_meltseason2_APE,0.2132019929275086,Dischma
D0.5d,D0.5d,D0.5d,2007,SWE_NSE__NSE_meltseason2,-0.39430619517178916,Dischma
D0.5d,D0.5d,D0.5d,2007,SWE_NSE__KGE_meltseason2,-0.15345429794305143,Dischma
D0.5d,D0.5d,D0.5d,2007,SWE_NSE__Qmean_meltseason2_APE,0.4244052410165224,Dischma
D0.5d,D0.5d,D0.5d,2008,SWE_melt_NSE__NSE_meltseason2,-0.17763035200510321,Dischma
D0.5d,D0.5d,D0.5d,2008,SWE_melt_NSE__KGE_meltseason2,0.19592517418117172,Dischma
D0.5d,D0.5d,D0.5d,2008,SWE_melt_NSE__Qmean_meltseason2_APE,0.6332580577619372,Dischma
D0.5d,D0.5d,D0.5d,2008,melt_sum_APE__NSE_meltseason2,-0.05810719463539976,Dischma
D0.5d,D0.5d,D0.5d,2008,melt_sum_APE__KGE_meltseason2,-0.10564078515863073,Dischma
D0.5d,D0.5d,D0.5d,2008,melt_sum_APE__Qmean_meltseason2_APE,0.1579783645896927,Dischma
D0.5d,D0.5d,D0.5d,2008,SWE_NSE__NSE_meltseason2,0.08343034061568357,Dischma
D0.5d,D0.5d,D0.5d,2008,SWE_NSE__KGE_meltseason2,0.0778551467746917,Dischma
D0.5d,D0.5d,D0.5d,2008,SWE_NSE__Qmean_meltseason2_APE,0.5214513238307619,Dischma
D0.5d,D0.5d,D0.5d,2009,SWE_melt_NSE__NSE_meltseason2,0.4968370335579879,Dischma
D0.5d,D0.5d,D0.5d,2009,SWE_melt_NSE__KGE_meltseason2,0.2799240652212623,Dischma
D0.5d,D0.5d,D0.5d,2009,SWE_melt_NSE__Qmean_meltseason2_APE,0.4280587976026819,Dischma
D0.5d,D0.5d,D0.5d,2009,melt_sum_APE__NSE_meltseason2,-0.02366267777436705,Dischma
D0.5d,D0.5d,D0.5d,2009,melt_sum_APE__KGE_meltseason2,-0.1412918985799183,Dischma
D0.5d,D0.5d,D0.5d,2009,melt_sum_APE__Qmean_meltseason2_APE,-0.053930804830859366,Dischma
D0.5d,D0.5d,D0.5d,2009,SWE_NSE__NSE_meltseason2,0.43158334718659186,Dischma
D0.5d,D0.5d,D0.5d,2009,SWE_NSE__KGE_meltseason2,-0.08949068663184598,Dischma
D0.5d,D0.5d,D0.5d,2009,SWE_NSE__Qmean_meltseason2_APE,0.3304956508815396,Dischma
D0.5d,D0.5d,D0.5d,2010,SWE_melt_NSE__NSE_meltseason2,-0.14249008213510214,Dischma
D0.5d,D0.5d,D0.5d,2010,SWE_melt_NSE__KGE_meltseason2,-0.23161761497653457,Dischma
D0.5d,D0.5d,D0.5d,2010,SWE_melt_NSE__Qmean_meltseason2_APE,0.20195009140674516,Dischma
D0.5d,D0.5d,D0.5d,2010,melt_sum_APE__NSE_meltseason2,-0.33083816309787184,Dischma
D0.5d,D0.5d,D0.5d,2010,melt_sum_APE__KGE_meltseason2,-0.044435557655792005,Dischma
D0.5d,D0.5d,D0.5d,2010,melt_sum_APE__Qmean_meltseason2_APE,0.11289405640593335,Dischma
D0.5d,D0.5d,D0.5d,2010,SWE_NSE__NSE_meltseason2,-0.12583103709188842,Dischma
D0.5d,D0.5d,D0.5d,2010,SWE_NSE__KGE_meltseason2,-0.08800487080836912,Dischma
D0.5d,D0.5d,D0.5d,2010,SWE_NSE__Qmean_meltseason2_APE,0.1822418385152192,Dischma
D0.5d,D0.5d,D0.5d,2011,SWE_melt_NSE__NSE_meltseason2,-0.009892804758431815,Dischma
D0.5d,D0.5d,D0.5d,2011,SWE_melt_NSE__KGE_meltseason2,-0.3944248058571169,Dischma
D0.5d,D0.5d,D0.5d,2011,SWE_melt_NSE__Qmean_meltseason2_APE,0.4719409350275324,Dischma
D0.5d,D0.5d,D0.5d,2011,melt_sum_APE__NSE_meltseason2,-0.44443662787800453,Dischma
D0.5d,D0.5d,D0.5d,2011,melt_sum_APE__KGE_meltseason2,-0.09086325141742647,Dischma
D0.5d,D0.5d,D0.5d,2011,melt_sum_APE__Qmean_meltseason2_APE,0.22160120499974637,Dischma
D0.5d,D0.5d,D0.5d,2011,SWE_NSE__NSE_meltseason2,-0.2547951199278758,Dischma
D0.5d,D0.5d,D0.5d,2011,SWE_NSE__KGE_meltseason2,-0.352467910172194,Dischma
D0.5d,D0.5d,D0.5d,2011,SWE_NSE__Qmean_meltseason2_APE,0.323166271241863,Dischma
D0.5d,D0.5d,D0.5d,2012,SWE_melt_NSE__NSE_meltseason2,-0.1776856174710617,Dischma
D0.5d,D0.5d,D0.5d,2012,SWE_melt_NSE__KGE_meltseason2,-0.17370147727315097,Dischma
D0.5d,D0.5d,D0.5d,2012,SWE_melt_NSE__Qmean_meltseason2_APE,0.6870735748330516,Dischma
D0.5d,D0.5d,D0.5d,2012,melt_sum_APE__NSE_meltseason2,-0.13453624620217616,Dischma
D0.5d,D0.5d,D0.5d,2012,melt_sum_APE__KGE_meltseason2,0.0008627699096295891,Dischma
D0.5d,D0.5d,D0.5d,2012,melt_sum_APE__Qmean_meltseason2_APE,0.033018342595062374,Dischma
D0.5d,D0.5d,D0.5d,2012,SWE_NSE__NSE_meltseason2,-0.039112170137798774,Dischma
D0.5d,D0.5d,D0.5d,2012,SWE_NSE__KGE_meltseason2,-0.23840743446270066,Dischma
D0.5d,D0.5d,D0.5d,2012,SWE_NSE__Qmean_meltseason2_APE,0.22931106357708453,Dischma
D0.5d,D0.5d,D0.5d,2013,SWE_melt_NSE__NSE_meltseason2,-0.1589436095832792,Dischma
D0.5d,D0.5d,D0.5d,2013,SWE_melt_NSE__KGE_meltseason2,-0.12164227550657904,Dischma
D0.5d,D0.5d,D0.5d,2013,SWE_melt_NSE__Qmean_meltseason2_APE,0.2898518480413882,Dischma
D0.5d,D0.5d,D0.5d,2013,melt_sum_APE__NSE_meltseason2,-0.5582489679094298,Dischma
D0.5d,D0.5d,D0.5d,2013,melt_sum_APE__KGE_meltseason2,-0.2179816162895796,Dischma
D0.5d,D0.5d,D0.5d,2013,melt_sum_APE__Qmean_meltseason2_APE,0.46513206495239423,Dischma
D0.5d,D0.5d,D0.5d,2013,SWE_NSE__NSE_meltseason2,-0.16539366918224113,Dischma
D0.5d,D0.5d,D0.5d,2013,SWE_NSE__KGE_meltseason2,-0.002641262745384611,Dischma
D0.5d,D0.5d,D0.5d,2013,SWE_NSE__Qmean_meltseason2_APE,0.3757340958757731,Dischma
D0.5d,D0.5d,D0.5d,2014,SWE_melt_NSE__NSE_meltseason2,-0.13637244173128601,Dischma
D0.5d,D0.5d,D0.5d,2014,SWE_melt_NSE__KGE_meltseason2,0.011234541191494071,Dischma
D0.5d,D0.5d,D0.5d,2014,SWE_melt_NSE__Qmean_meltseason2_APE,0.4958339671861729,Dischma
D0.5d,D0.5d,D0.5d,2014,melt_sum_APE__NSE_meltseason2,-0.4402098416703232,Dischma
D0.5d,D0.5d,D0.5d,2014,melt_sum_APE__KGE_meltseason2,-0.25597633874653547,Dischma
D0.5d,D0.5d,D0.5d,2014,melt_sum_APE__Qmean_meltseason2_APE,0.2579151165371729,Dischma
D0.5d,D0.5d,D0.5d,2014,SWE_NSE__NSE_meltseason2,0.07441508943136882,Dischma
D0.5d,D0.5d,D0.5d,2014,SWE_NSE__KGE_meltseason2,0.17589427905541588,Dischma
D0.5d,D0.5d,D0.5d,2014,SWE_NSE__Qmean_meltseason2_APE,0.5473000299555909,Dischma
D0.5d,D0.5d,D0.5d,2015,SWE_melt_NSE__NSE_meltseason2,0.02015337111030522,Dischma
D0.5d,D0.5d,D0.5d,2015,SWE_melt_NSE__KGE_meltseason2,0.034459879447477464,Dischma
D0.5d,D0.5d,D0.5d,2015,SWE_melt_NSE__Qmean_meltseason2_APE,0.6200227861972456,Dischma
D0.5d,D0.5d,D0.5d,2015,melt_sum_APE__NSE_meltseason2,-0.1624406213222236,Dischma
D0.5d,D0.5d,D0.5d,2015,melt_sum_APE__KGE_meltseason2,-0.1796044990624911,Dischma
D0.5d,D0.5d,D0.5d,2015,melt_sum_APE__Qmean_meltseason2_APE,0.23188353817540217,Dischma
D0.5d,D0.5d,D0.5d,2015,SWE_NSE__NSE_meltseason2,-0.295322331566725,Dischma
D0.5d,D0.5d,D0.5d,2015,SWE_NSE__KGE_meltseason2,-0.32259397122257605,Dischma
D0.5d,D0.5d,D0.5d,2015,SWE_NSE__Qmean_meltseason2_APE,0.24650110451883514,Dischma
D0.5d,D0.5d,D0.5d,2016,SWE_melt_NSE__NSE_meltseason2,0.3647676890803195,Dischma
D0.5d,D0.5d,D0.5d,2016,SWE_melt_NSE__KGE_meltseason2,0.019558951200465333,Dischma
D0.5d,D0.5d,D0.5d,2016,SWE_melt_NSE__Qmean_meltseason2_APE,0.436672735134428,Dischma
D0.5d,D0.5d,D0.5d,2016,melt_sum_APE__NSE_meltseason2,0.037568143208068734,Dischma
D0.5d,D0.5d,D0.5d,2016,melt_sum_APE__KGE_meltseason2,-0.06645234795780106,Dischma
D0.5d,D0.5d,D0.5d,2016,melt_sum_APE__Qmean_meltseason2_APE,0.2211695505289095,Dischma
D0.5d,D0.5d,D0.5d,2016,SWE_NSE__NSE_meltseason2,0.2675051098790196,Dischma
D0.5d,D0.5d,D0.5d,2016,SWE_NSE__KGE_meltseason2,0.0032569320998363403,Dischma
D0.5d,D0.5d,D0.5d,2016,SWE_NSE__Qmean_meltseason2_APE,0.3400803520557075,Dischma
D0.5d,D0.5d,D0.5d,2017,SWE_melt_NSE__NSE_meltseason2,0.20222506440365748,Dischma
D0.5d,D0.5d,D0.5d,2017,SWE_melt_NSE__KGE_meltseason2,0.17665657057979497,Dischma
D0.5d,D0.5d,D0.5d,2017,SWE_melt_NSE__Qmean_meltseason2_APE,0.5863135313746606,Dischma
D0.5d,D0.5d,D0.5d,2017,melt_sum_APE__NSE_meltseason2,-0.05258634130053256,Dischma
D0.5d,D0.5d,D0.5d,2017,melt_sum_APE__KGE_meltseason2,0.13176134611630153,Dischma
D0.5d,D0.5d,D0.5d,2017,melt_sum_APE__Qmean_meltseason2_APE,0.09589002372844099,Dischma
D0.5d,D0.5d,D0.5d,2017,SWE_NSE__NSE_meltseason2,0.01698534900483212,Dischma
D0.5d,D0.5d,D0.5d,2017,SWE_NSE__KGE_meltseason2,-0.08165296869059255,Dischma
D0.5d,D0.5d,D0.5d,2017,SWE_NSE__Qmean_meltseason2_APE,0.31302408558034217,Dischma
D0.5d,D0.5d,D0.5d,2018,SWE_melt_NSE__NSE_meltseason2,-0.06851762109590466,Dischma
D0.5d,D0.5d,D0.5d,2018,SWE_melt_NSE__KGE_meltseason2,-0.03829833140444325,Dischma
D0.5d,D0.5d,D0.5d,2018,SWE_melt_NSE__Qmean_meltseason2_APE,0.3197693716331398,Dischma
D0.5d,D0.5d,D0.5d,2018,melt_sum_APE__NSE_meltseason2,-0.26585870283354973,Dischma
D0.5d,D0.5d,D0.5d,2018,melt_sum_APE__KGE_meltseason2,-0.06114684434660491,Dischma
D0.5d,D0.5d,D0.5d,2018,melt_sum_APE__Qmean_meltseason2_APE,0.02016412462444075,Dischma
D0.5d,D0.5d,D0.5d,2018,SWE_NSE__NSE_meltseason2,0.153435985525788,Dischma
D0.5d,D0.5d,D0.5d,2018,SWE_NSE__KGE_meltseason2,0.12481240844306879,Dischma
D0.5d,D0.5d,D0.5d,2018,SWE_NSE__Qmean_meltseason2_APE,0.2867623594962742,Dischma
D0.5d,D0.5d,D0.5d,2019,SWE_melt_NSE__NSE_meltseason2,-0.47431216192634346,Dischma
D0.5d,D0.5d,D0.5d,2019,SWE_melt_NSE__KGE_meltseason2,0.19475374001416793,Dischma
D0.5d,D0.5d,D0.5d,2019,SWE_melt_NSE__Qmean_meltseason2_APE,0.554112716676884,Dischma
D0.5d,D0.5d,D0.5d,2019,melt_sum_APE__NSE_meltseason2,-0.17450674500582525,Dischma
D0.5d,D0.5d,D0.5d,2019,melt_sum_APE__KGE_meltseason2,-0.3292797699642419,Dischma
D0.5d,D0.5d,D0.5d,2019,melt_sum_APE__Qmean_meltseason2_APE,0.01996074173088764,Dischma
D0.5d,D0.5d,D0.5d,2019,SWE_NSE__NSE_meltseason2,-0.4010824455520304,Dischma
D0.5d,D0.5d,D0.5d,2019,SWE_NSE__KGE_meltseason2,-0.41031013728999455,Dischma
D0.5d,D0.5d,D0.5d,2019,SWE_NSE__Qmean_meltseason2_APE,0.23333770763129758,Dischma
D0.5d,D0.5d,D0.5d,2020,SWE_melt_NSE__NSE_meltseason2,-0.15939557359240153,Dischma
D0.5d,D0.5d,D0.5d,2020,SWE_melt_NSE__KGE_meltseason2,-0.18994926707277396,Dischma
D0.5d,D0.5d,D0.5d,2020,SWE_melt_NSE__Qmean_meltseason2_APE,0.5581570543577838,Dischma
D0.5d,D0.5d,D0.5d,2020,melt_sum_APE__NSE_meltseason2,-0.1915788282229114,Dischma
D0.5d,D0.5d,D0.5d,2020,melt_sum_APE__KGE_meltseason2,-0.17674626729832643,Dischma
D0.5d,D0.5d,D0.5d,2020,melt_sum_APE__Qmean_meltseason2_APE,-0.06112391637216143,Dischma
D0.5d,D0.5d,D0.5d,2020,SWE_NSE__NSE_meltseason2,0.19466888053783982,Dischma
D0.5d,D0.5d,D0.5d,2020,SWE_NSE__KGE_meltseason2,0.04716295142750167,Dischma
D0.5d,D0.5d,D0.5d,2020,SWE_NSE__Qmean_meltseason2_APE,0.44501567106304174,Dischma
D0.5d,D0.5d,D0.5d,2021,SWE_melt_NSE__NSE_meltseason2,0.027125500196381488,Dischma
D0.5d,D0.5d,D0.5d,2021,SWE_melt_NSE__KGE_meltseason2,0.3171010053455963,Dischma
D0.5d,D0.5d,D0.5d,2021,SWE_melt_NSE__Qmean_meltseason2_APE,0.6638988391257598,Dischma
D0.5d,D0.5d,D0.5d,2021,melt_sum_APE__NSE_meltseason2,-0.07076096494674762,Dischma
D0.5d,D0.5d,D0.5d,2021,melt_sum_APE__KGE_meltseason2,-0.0017870620901249603,Dischma
D0.5d,D0.5d,D0.5d,2021,melt_sum_APE__Qmean_meltseason2_APE,0.24078202195405946,Dischma
D0.5d,D0.5d,D0.5d,2021,SWE_NSE__NSE_meltseason2,0.27818019952219497,Dischma
D0.5d,D0.5d,D0.5d,2021,SWE_NSE__KGE_meltseason2,-0.21821220822456938,Dischma
D0.5d,D0.5d,D0.5d,2021,SWE_NSE__Qmean_meltseason2_APE,0.3132695372343924,Dischma
D0.5d,D0.5d,D0.5d,2022,SWE_melt_NSE__NSE_meltseason2,0.00027897032686535756,Dischma
D0.5d,D0.5d,D0.5d,2022,SWE_melt_NSE__KGE_meltseason2,0.3609785789024211,Dischma
D0.5d,D0.5d,D0.5d,2022,SWE_melt_NSE__Qmean_meltseason2_APE,0.6867647812440156,Dischma
D0.5d,D0.5d,D0.5d,2022,melt_sum_APE__NSE_meltseason2,0.016087708976663454,Dischma
D0.5d,D0.5d,D0.5d,2022,melt_sum_APE__KGE_meltseason2,-0.18013005452894731,Dischma
D0.5d,D0.5d,D0.5d,2022,melt_sum_APE__Qmean_meltseason2_APE,0.35632301393433824,Dischma
D0.5d,D0.5d,D0.5d,2022,SWE_NSE__NSE_meltseason2,-0.14464238849379593,Dischma
D0.5d,D0.5d,D0.5d,2022,SWE_NSE__KGE_meltseason2,-0.0839388184998959,Dischma
D0.5d,D0.5d,D0.5d,2022,SWE_NSE__Qmean_meltseason2_APE,0.4722950229370452,Dischma
D1a,D1a,D1a,2001,SWE_melt_NSE__NSE_meltseason2,-0.29998156819301225,Dischma
D1a,D1a,D1a,2001,SWE_melt_NSE__KGE_meltseason2,-0.30735239138045667,Dischma
D1a,D1a,D1a,2001,SWE_melt_NSE__Qmean_meltseason2_APE,0.48037413250843763,Dischma
D1a,D1a,D1a,2001,melt_sum_APE__NSE_meltseason2,-0.6117635084080529,Dischma
D1a,D1a,D1a,2001,melt_sum_APE__KGE_meltseason2,-0.6378581443440747,Dischma
D1a,D1a,D1a,2001,melt_sum_APE__Qmean_meltseason2_APE,-0.03383359507587515,Dischma
D1a,D1a,D1a,2001,SWE_NSE__NSE_meltseason2,-0.17198746789920472,Dischma
D1a,D1a,D1a,2001,SWE_NSE__KGE_meltseason2,-0.7819709073814196,Dischma
D1a,D1a,D1a,2001,SWE_NSE__Qmean_meltseason2_APE,-0.06303070872559899,Dischma
D1a,D1a,D1a,2002,SWE_melt_NSE__NSE_meltseason2,0.1989743396353526,Dischma
D1a,D1a,D1a,2002,SWE_melt_NSE__KGE_meltseason2,-0.08943686518072204,Dischma
D1a,D1a,D1a,2002,SWE_melt_NSE__Qmean_meltseason2_APE,0.5406663339744042,Dischma
D1a,D1a,D1a,2002,melt_sum_APE__NSE_meltseason2,-0.6929840474755963,Dischma
D1a,D1a,D1a,2002,melt_sum_APE__KGE_meltseason2,-0.39824403405034725,Dischma
D1a,D1a,D1a,2002,melt_sum_APE__Qmean_meltseason2_APE,0.014113913027312242,Dischma
D1a,D1a,D1a,2002,SWE_NSE__NSE_meltseason2,-0.07920952089055186,Dischma
D1a,D1a,D1a,2002,SWE_NSE__KGE_meltseason2,0.14861705156003868,Dischma
D1a,D1a,D1a,2002,SWE_NSE__Qmean_meltseason2_APE,0.38538485278777396,Dischma
D1a,D1a,D1a,2003,SWE_melt_NSE__NSE_meltseason2,-0.3826048079575046,Dischma
D1a,D1a,D1a,2003,SWE_melt_NSE__KGE_meltseason2,-0.0264535416183792,Dischma
D1a,D1a,D1a,2003,SWE_melt_NSE__Qmean_meltseason2_APE,0.7056589927605343,Dischma
D1a,D1a,D1a,2003,melt_sum_APE__NSE_meltseason2,-0.5122675601788759,Dischma
D1a,D1a,D1a,2003,melt_sum_APE__KGE_meltseason2,-0.3699931021922659,Dischma
D1a,D1a,D1a,2003,melt_sum_APE__Qmean_meltseason2_APE,-0.12147429564484291,Dischma
D1a,D1a,D1a,2003,SWE_NSE__NSE_meltseason2,-0.2745142732897681,Dischma
D1a,D1a,D1a,2003,SWE_NSE__KGE_meltseason2,-0.07493887506076014,Dischma
D1a,D1a,D1a,2003,SWE_NSE__Qmean_meltseason2_APE,0.31899479321764296,Dischma
D1a,D1a,D1a,2004,SWE_melt_NSE__NSE_meltseason2,-0.05162025053004333,Dischma
D1a,D1a,D1a,2004,SWE_melt_NSE__KGE_meltseason2,0.10755485707903333,Dischma
D1a,D1a,D1a,2004,SWE_melt_NSE__Qmean_meltseason2_APE,0.5665839714063017,Dischma
D1a,D1a,D1a,2004,melt_sum_APE__NSE_meltseason2,-0.31966959833169595,Dischma
D1a,D1a,D1a,2004,melt_sum_APE__KGE_meltseason2,0.2459237479217662,Dischma
D1a,D1a,D1a,2004,melt_sum_APE__Qmean_meltseason2_APE,-0.0018565799577025873,Dischma
D1a,D1a,D1a,2004,SWE_NSE__NSE_meltseason2,0.09026598894431728,Dischma
D1a,D1a,D1a,2004,SWE_NSE__KGE_meltseason2,0.17383134001189834,Dischma
D1a,D1a,D1a,2004,SWE_NSE__Qmean_meltseason2_APE,0.23765481285996193,Dischma
D1a,D1a,D1a,2005,SWE_melt_NSE__NSE_meltseason2,0.12083532089974482,Dischma
D1a,D1a,D1a,2005,SWE_melt_NSE__KGE_meltseason2,-0.10725699108891917,Dischma
D1a,D1a,D1a,2005,SWE_melt_NSE__Qmean_meltseason2_APE,0.6018132293566671,Dischma
D1a,D1a,D1a,2005,melt_sum_APE__NSE_meltseason2,-0.09718025255278478,Dischma
D1a,D1a,D1a,2005,melt_sum_APE__KGE_meltseason2,0.0643184651392682,Dischma
D1a,D1a,D1a,2005,melt_sum_APE__Qmean_meltseason2_APE,0.002000039656119168,Dischma
D1a,D1a,D1a,2005,SWE_NSE__NSE_meltseason2,0.13131021332383044,Dischma
D1a,D1a,D1a,2005,SWE_NSE__KGE_meltseason2,-0.4280688242829759,Dischma
D1a,D1a,D1a,2005,SWE_NSE__Qmean_meltseason2_APE,0.3042496145247392,Dischma
D1a,D1a,D1a,2006,SWE_melt_NSE__NSE_meltseason2,-0.02303511606479185,Dischma
D1a,D1a,D1a,2006,SWE_melt_NSE__KGE_meltseason2,-0.1103316906090709,Dischma
D1a,D1a,D1a,2006,SWE_melt_NSE__Qmean_meltseason2_APE,0.170932821979901,Dischma
D1a,D1a,D1a,2006,melt_sum_APE__NSE_meltseason2,-0.3893548147722091,Dischma
D1a,D1a,D1a,2006,melt_sum_APE__KGE_meltseason2,-0.0013094578079717765,Dischma
D1a,D1a,D1a,2006,melt_sum_APE__Qmean_meltseason2_APE,-0.007509164856007577,Dischma
D1a,D1a,D1a,2006,SWE_NSE__NSE_meltseason2,0.16010814308210516,Dischma
D1a,D1a,D1a,2006,SWE_NSE__KGE_meltseason2,-0.2009959468023685,Dischma
D1a,D1a,D1a,2006,SWE_NSE__Qmean_meltseason2_APE,-0.09351973555188615,Dischma
D1a,D1a,D1a,2007,SWE_melt_NSE__NSE_meltseason2,0.2552077393597434,Dischma
D1a,D1a,D1a,2007,SWE_melt_NSE__KGE_meltseason2,-0.05917298341914668,Dischma
D1a,D1a,D1a,2007,SWE_melt_NSE__Qmean_meltseason2_APE,0.3832427750686279,Dischma
D1a,D1a,D1a,2007,melt_sum_APE__NSE_meltseason2,-0.3745278357061883,Dischma
D1a,D1a,D1a,2007,melt_sum_APE__KGE_meltseason2,-0.34871613395942513,Dischma
D1a,D1a,D1a,2007,melt_sum_APE__Qmean_meltseason2_APE,0.17957762647737316,Dischma
D1a,D1a,D1a,2007,SWE_NSE__NSE_meltseason2,-0.02077954238037129,Dischma
D1a,D1a,D1a,2007,SWE_NSE__KGE_meltseason2,-0.4043403943580154,Dischma
D1a,D1a,D1a,2007,SWE_NSE__Qmean_meltseason2_APE,0.14236649379887775,Dischma
D1a,D1a,D1a,2008,SWE_melt_NSE__NSE_meltseason2,0.2593250802078374,Dischma
D1a,D1a,D1a,2008,SWE_melt_NSE__KGE_meltseason2,-0.16766401194051833,Dischma
D1a,D1a,D1a,2008,SWE_melt_NSE__Qmean_meltseason2_APE,0.4941524426369668,Dischma
D1a,D1a,D1a,2008,melt_sum_APE__NSE_meltseason2,-0.626729101391513,Dischma
D1a,D1a,D1a,2008,melt_sum_APE__KGE_meltseason2,-0.5985670982778375,Dischma
D1a,D1a,D1a,2008,melt_sum_APE__Qmean_meltseason2_APE,-0.2143306043462214,Dischma
D1a,D1a,D1a,2008,SWE_NSE__NSE_meltseason2,-0.18087266770936752,Dischma
D1a,D1a,D1a,2008,SWE_NSE__KGE_meltseason2,-0.25089384296158196,Dischma
D1a,D1a,D1a,2008,SWE_NSE__Qmean_meltseason2_APE,-0.01755725844744639,Dischma
D1a,D1a,D1a,2009,SWE_melt_NSE__NSE_meltseason2,-0.3746078731288717,Dischma
D1a,D1a,D1a,2009,SWE_melt_NSE__KGE_meltseason2,-0.2553588046754923,Dischma
D1a,D1a,D1a,2009,SWE_melt_NSE__Qmean_meltseason2_APE,0.43816131325405905,Dischma
D1a,D1a,D1a,2009,melt_sum_APE__NSE_meltseason2,-0.5494838960065697,Dischma
D1a,D1a,D1a,2009,melt_sum_APE__KGE_meltseason2,-0.4711941795800863,Dischma
D1a,D1a,D1a,2009,melt_sum_APE__Qmean_meltseason2_APE,-0.0788627700075646,Dischma
D1a,D1a,D1a,2009,SWE_NSE__NSE_meltseason2,0.06705361532814172,Dischma
D1a,D1a,D1a,2009,SWE_NSE__KGE_meltseason2,-0.12504340276146833,Dischma
D1a,D1a,D1a,2009,SWE_NSE__Qmean_meltseason2_APE,0.25709964221154225,Dischma
D1a,D1a,D1a,2010,SWE_melt_NSE__NSE_meltseason2,0.5084089974199585,Dischma
D1a,D1a,D1a,2010,SWE_melt_NSE__KGE_meltseason2,-0.22980989289893097,Dischma
D1a,D1a,D1a,2010,SWE_melt_NSE__Qmean_meltseason2_APE,0.4639287944282867,Dischma
D1a,D1a,D1a,2010,melt_sum_APE__NSE_meltseason2,-0.494008647166584,Dischma
D1a,D1a,D1a,2010,melt_sum_APE__KGE_meltseason2,-0.14175856709919815,Dischma
D1a,D1a,D1a,2010,melt_sum_APE__Qmean_meltseason2_APE,-0.06283843911234895,Dischma
D1a,D1a,D1a,2010,SWE_NSE__NSE_meltseason2,0.2920094923221238,Dischma
D1a,D1a,D1a,2010,SWE_NSE__KGE_meltseason2,-0.31337205526407885,Dischma
D1a,D1a,D1a,2010,SWE_NSE__Qmean_meltseason2_APE,0.018530029056148013,Dischma
D1a,D1a,D1a,2011,SWE_melt_NSE__NSE_meltseason2,0.08765869043537425,Dischma
D1a,D1a,D1a,2011,SWE_melt_NSE__KGE_meltseason2,-0.0449773233574734,Dischma
D1a,D1a,D1a,2011,SWE_melt_NSE__Qmean_meltseason2_APE,0.45286541685275095,Dischma
D1a,D1a,D1a,2011,melt_sum_APE__NSE_meltseason2,-0.05170936171029939,Dischma
D1a,D1a,D1a,2011,melt_sum_APE__KGE_meltseason2,-0.11872916609611502,Dischma
D1a,D1a,D1a,2011,melt_sum_APE__Qmean_meltseason2_APE,0.015726531230248066,Dischma
D1a,D1a,D1a,2011,SWE_NSE__NSE_meltseason2,0.31000821126341577,Dischma
D1a,D1a,D1a,2011,SWE_NSE__KGE_meltseason2,-0.15881214769666432,Dischma
D1a,D1a,D1a,2011,SWE_NSE__Qmean_meltseason2_APE,0.2511910877459654,Dischma
D1a,D1a,D1a,2012,SWE_melt_NSE__NSE_meltseason2,0.10543627499059863,Dischma
D1a,D1a,D1a,2012,SWE_melt_NSE__KGE_meltseason2,-0.15562233005533696,Dischma
D1a,D1a,D1a,2012,SWE_melt_NSE__Qmean_meltseason2_APE,0.6276880843360055,Dischma
D1a,D1a,D1a,2012,melt_sum_APE__NSE_meltseason2,-0.3590192652838671,Dischma
D1a,D1a,D1a,2012,melt_sum_APE__KGE_meltseason2,-0.2214097259501191,Dischma
D1a,D1a,D1a,2012,melt_sum_APE__Qmean_meltseason2_APE,-0.2693411327931428,Dischma
D1a,D1a,D1a,2012,SWE_NSE__NSE_meltseason2,0.14216490111979804,Dischma
D1a,D1a,D1a,2012,SWE_NSE__KGE_meltseason2,-0.14401683070860952,Dischma
D1a,D1a,D1a,2012,SWE_NSE__Qmean_meltseason2_APE,0.19173422808520083,Dischma
D1a,D1a,D1a,2013,SWE_melt_NSE__NSE_meltseason2,0.012232781638398487,Dischma
D1a,D1a,D1a,2013,SWE_melt_NSE__KGE_meltseason2,-0.042373628051826484,Dischma
D1a,D1a,D1a,2013,SWE_melt_NSE__Qmean_meltseason2_APE,0.661659938324497,Dischma
D1a,D1a,D1a,2013,melt_sum_APE__NSE_meltseason2,-0.46244350916940274,Dischma
D1a,D1a,D1a,2013,melt_sum_APE__KGE_meltseason2,-0.04385428958942752,Dischma
D1a,D1a,D1a,2013,melt_sum_APE__Qmean_meltseason2_APE,0.013007105755428855,Dischma
D1a,D1a,D1a,2013,SWE_NSE__NSE_meltseason2,-0.04699360357004582,Dischma
D1a,D1a,D1a,2013,SWE_NSE__KGE_meltseason2,0.004532504641952676,Dischma
D1a,D1a,D1a,2013,SWE_NSE__Qmean_meltseason2_APE,0.43630611603249503,Dischma
D1a,D1a,D1a,2014,SWE_melt_NSE__NSE_meltseason2,-0.020177881937630066,Dischma
D1a,D1a,D1a,2014,SWE_melt_NSE__KGE_meltseason2,-0.18924346197683556,Dischma
D1a,D1a,D1a,2014,SWE_melt_NSE__Qmean_meltseason2_APE,0.34316339375297805,Dischma
D1a,D1a,D1a,2014,melt_sum_APE__NSE_meltseason2,-0.010336891933852482,Dischma
D1a,D1a,D1a,2014,melt_sum_APE__KGE_meltseason2,0.0950559905725696,Dischma
D1a,D1a,D1a,2014,melt_sum_APE__Qmean_meltseason2_APE,0.15832199525748922,Dischma
D1a,D1a,D1a,2014,SWE_NSE__NSE_meltseason2,0.23214097568723555,Dischma
D1a,D1a,D1a,2014,SWE_NSE__KGE_meltseason2,-0.07229159312951497,Dischma
D1a,D1a,D1a,2014,SWE_NSE__Qmean_meltseason2_APE,0.3266342237347231,Dischma
D1a,D1a,D1a,2015,SWE_melt_NSE__NSE_meltseason2,0.31833610822433106,Dischma
D1a,D1a,D1a,2015,SWE_melt_NSE__KGE_meltseason2,0.2185766067930947,Dischma
D1a,D1a,D1a,2015,SWE_melt_NSE__Qmean_meltseason2_APE,0.6220140631530218,Dischma
D1a,D1a,D1a,2015,melt_sum_APE__NSE_meltseason2,-0.20414237386090814,Dischma
D1a,D1a,D1a,2015,melt_sum_APE__KGE_meltseason2,-0.10670243558070662,Dischma
D1a,D1a,D1a,2015,melt_sum_APE__Qmean_meltseason2_APE,-0.1263164497814006,Dischma
D1a,D1a,D1a,2015,SWE_NSE__NSE_meltseason2,0.22274348473783706,Dischma
D1a,D1a,D1a,2015,SWE_NSE__KGE_meltseason2,0.02282412780866556,Dischma
D1a,D1a,D1a,2015,SWE_NSE__Qmean_meltseason2_APE,0.2831526397492899,Dischma
D1a,D1a,D1a,2016,SWE_melt_NSE__NSE_meltseason2,0.05174635650653524,Dischma
D1a,D1a,D1a,2016,SWE_melt_NSE__KGE_meltseason2,-0.39587211478953793,Dischma
D1a,D1a,D1a,2016,SWE_melt_NSE__Qmean_meltseason2_APE,0.06161552254245442,Dischma
D1a,D1a,D1a,2016,melt_sum_APE__NSE_meltseason2,-0.23508396066613682,Dischma
D1a,D1a,D1a,2016,melt_sum_APE__KGE_meltseason2,-0.3818706353436447,Dischma
D1a,D1a,D1a,2016,melt_sum_APE__Qmean_meltseason2_APE,-0.057954940949254616,Dischma
D1a,D1a,D1a,2016,SWE_NSE__NSE_meltseason2,0.3626390682447487,Dischma
D1a,D1a,D1a,2016,SWE_NSE__KGE_meltseason2,-0.30989501117933954,Dischma
D1a,D1a,D1a,2016,SWE_NSE__Qmean_meltseason2_APE,0.10414518426672675,Dischma
D1a,D1a,D1a,2017,SWE_melt_NSE__NSE_meltseason2,-0.18737671344372178,Dischma
D1a,D1a,D1a,2017,SWE_melt_NSE__KGE_meltseason2,-0.02873707991817287,Dischma
D1a,D1a,D1a,2017,SWE_melt_NSE__Qmean_meltseason2_APE,0.39532296851695653,Dischma
D1a,D1a,D1a,2017,melt_sum_APE__NSE_meltseason2,-0.4034789622834035,Dischma
D1a,D1a,D1a,2017,melt_sum_APE__KGE_meltseason2,-0.18068066480186432,Dischma
D1a,D1a,D1a,2017,melt_sum_APE__Qmean_meltseason2_APE,-0.06635996873290524,Dischma
D1a,D1a,D1a,2017,SWE_NSE__NSE_meltseason2,0.06726502649546351,Dischma
D1a,D1a,D1a,2017,SWE_NSE__KGE_meltseason2,-0.09573457143269162,Dischma
D1a,D1a,D1a,2017,SWE_NSE__Qmean_meltseason2_APE,0.1617067789169602,Dischma
D1a,D1a,D1a,2018,SWE_melt_NSE__NSE_meltseason2,-0.19205465639092284,Dischma
D1a,D1a,D1a,2018,SWE_melt_NSE__KGE_meltseason2,-0.01506182999727359,Dischma
D1a,D1a,D1a,2018,SWE_melt_NSE__Qmean_meltseason2_APE,0.6859268884422005,Dischma
D1a,D1a,D1a,2018,melt_sum_APE__NSE_meltseason2,-0.5914719408257191,Dischma
D1a,D1a,D1a,2018,melt_sum_APE__KGE_meltseason2,-0.387161332147135,Dischma
D1a,D1a,D1a,2018,melt_sum_APE__Qmean_meltseason2_APE,-0.0921921456718748,Dischma
D1a,D1a,D1a,2018,SWE_NSE__NSE_meltseason2,-0.059596611899082615,Dischma
D1a,D1a,D1a,2018,SWE_NSE__KGE_meltseason2,-0.05534058779157492,Dischma
D1a,D1a,D1a,2018,SWE_NSE__Qmean_meltseason2_APE,0.13797452642727187,Dischma
D1a,D1a,D1a,2019,SWE_melt_NSE__NSE_meltseason2,0.01975095620763167,Dischma
D1a,D1a,D1a,2019,SWE_melt_NSE__KGE_meltseason2,0.14533346400640731,Dischma
D1a,D1a,D1a,2019,SWE_melt_NSE__Qmean_meltseason2_APE,0.7494239277870569,Dischma
D1a,D1a,D1a,2019,melt_sum_APE__NSE_meltseason2,-0.41623049946333013,Dischma
D1a,D1a,D1a,2019,melt_sum_APE__KGE_meltseason2,0.09398314725106724,Dischma
D1a,D1a,D1a,2019,melt_sum_APE__Qmean_meltseason2_APE,0.30485458152842093,Dischma
D1a,D1a,D1a,2019,SWE_NSE__NSE_meltseason2,0.1396932022715159,Dischma
D1a,D1a,D1a,2019,SWE_NSE__KGE_meltseason2,0.27836478179482227,Dischma
D1a,D1a,D1a,2019,SWE_NSE__Qmean_meltseason2_APE,0.39422760769858484,Dischma
D1a,D1a,D1a,2020,SWE_melt_NSE__NSE_meltseason2,-0.20869894187382693,Dischma
D1a,D1a,D1a,2020,SWE_melt_NSE__KGE_meltseason2,-0.5394149941932983,Dischma
D1a,D1a,D1a,2020,SWE_melt_NSE__Qmean_meltseason2_APE,0.3063328009572351,Dischma
D1a,D1a,D1a,2020,melt_sum_APE__NSE_meltseason2,-0.5478530962094643,Dischma
D1a,D1a,D1a,2020,melt_sum_APE__KGE_meltseason2,-0.36457946025062465,Dischma
D1a,D1a,D1a,2020,melt_sum_APE__Qmean_meltseason2_APE,0.056826018499031766,Dischma
D1a,D1a,D1a,2020,SWE_NSE__NSE_meltseason2,0.08152988549659816,Dischma
D1a,D1a,D1a,2020,SWE_NSE__KGE_meltseason2,-0.2024154356750785,Dischma
D1a,D1a,D1a,2020,SWE_NSE__Qmean_meltseason2_APE,0.14427521401843207,Dischma
D1a,D1a,D1a,2021,SWE_melt_NSE__NSE_meltseason2,0.06771240254326516,Dischma
D1a,D1a,D1a,2021,SWE_melt_NSE__KGE_meltseason2,0.29716418553140045,Dischma
D1a,D1a,D1a,2021,SWE_melt_NSE__Qmean_meltseason2_APE,0.5053684084311169,Dischma
D1a,D1a,D1a,2021,melt_sum_APE__NSE_meltseason2,-0.3576264302318848,Dischma
D1a,D1a,D1a,2021,melt_sum_APE__KGE_meltseason2,-0.007679302562624064,Dischma
D1a,D1a,D1a,2021,melt_sum_APE__Qmean_meltseason2_APE,0.05074640696006181,Dischma
D1a,D1a,D1a,2021,SWE_NSE__NSE_meltseason2,0.32476501162592497,Dischma
D1a,D1a,D1a,2021,SWE_NSE__KGE_meltseason2,0.06357826179711443,Dischma
D1a,D1a,D1a,2021,SWE_NSE__Qmean_meltseason2_APE,-0.07038932789139801,Dischma
D1a,D1a,D1a,2022,SWE_melt_NSE__NSE_meltseason2,-0.11092454889865687,Dischma
D1a,D1a,D1a,2022,SWE_melt_NSE__KGE_meltseason2,-0.06085202617040974,Dischma
D1a,D1a,D1a,2022,SWE_melt_NSE__Qmean_meltseason2_APE,0.5558958641719056,Dischma
D1a,D1a,D1a,2022,melt_sum_APE__NSE_meltseason2,-0.6860766903613602,Dischma
D1a,D1a,D1a,2022,melt_sum_APE__KGE_meltseason2,-0.13079462783238985,Dischma
D1a,D1a,D1a,2022,melt_sum_APE__Qmean_meltseason2_APE,-0.001964186880513944,Dischma
D1a,D1a,D1a,2022,SWE_NSE__NSE_meltseason2,-0.1779852245525084,Dischma
D1a,D1a,D1a,2022,SWE_NSE__KGE_meltseason2,0.26563327173070245,Dischma
D1a,D1a,D1a,2022,SWE_NSE__Qmean_meltseason2_APE,0.3879066522414416,Dischma
D1b,D1b,D1b,2001,SWE_melt_NSE__NSE_meltseason2,-0.47155712230353014,Dischma
D1b,D1b,D1b,2001,SWE_melt_NSE__KGE_meltseason2,-0.6097316468495186,Dischma
D1b,D1b,D1b,2001,SWE_melt_NSE__Qmean_meltseason2_APE,0.3861622527202432,Dischma
D1b,D1b,D1b,2001,melt_sum_APE__NSE_meltseason2,-0.21496089606374869,Dischma
D1b,D1b,D1b,2001,melt_sum_APE__KGE_meltseason2,-0.06477220214875433,Dischma
D1b,D1b,D1b,2001,melt_sum_APE__Qmean_meltseason2_APE,0.06144517739619437,Dischma
D1b,D1b,D1b,2001,SWE_NSE__NSE_meltseason2,0.10939223526475453,Dischma
D1b,D1b,D1b,2001,SWE_NSE__KGE_meltseason2,-0.4059404379382306,Dischma
D1b,D1b,D1b,2001,SWE_NSE__Qmean_meltseason2_APE,-0.11316808264957336,Dischma
D1b,D1b,D1b,2002,SWE_melt_NSE__NSE_meltseason2,0.06662740909519865,Dischma
D1b,D1b,D1b,2002,SWE_melt_NSE__KGE_meltseason2,0.044846009229390124,Dischma
D1b,D1b,D1b,2002,SWE_melt_NSE__Qmean_meltseason2_APE,0.5908911291122858,Dischma
D1b,D1b,D1b,2002,melt_sum_APE__NSE_meltseason2,-0.41276862391668634,Dischma
D1b,D1b,D1b,2002,melt_sum_APE__KGE_meltseason2,-0.3528940200356679,Dischma
D1b,D1b,D1b,2002,melt_sum_APE__Qmean_meltseason2_APE,-0.0006490342949184308,Dischma
D1b,D1b,D1b,2002,SWE_NSE__NSE_meltseason2,0.14733391285187233,Dischma
D1b,D1b,D1b,2002,SWE_NSE__KGE_meltseason2,0.12814920411087255,Dischma
D1b,D1b,D1b,2002,SWE_NSE__Qmean_meltseason2_APE,0.19545965854999756,Dischma
D1b,D1b,D1b,2003,SWE_melt_NSE__NSE_meltseason2,-0.025487604572665665,Dischma
D1b,D1b,D1b,2003,SWE_melt_NSE__KGE_meltseason2,0.11788847368452023,Dischma
D1b,D1b,D1b,2003,SWE_melt_NSE__Qmean_meltseason2_APE,0.49899091360283354,Dischma
D1b,D1b,D1b,2003,melt_sum_APE__NSE_meltseason2,-0.639307944329494,Dischma
D1b,D1b,D1b,2003,melt_sum_APE__KGE_meltseason2,-0.42721884531459187,Dischma
D1b,D1b,D1b,2003,melt_sum_APE__Qmean_meltseason2_APE,-0.04417783019864615,Dischma
D1b,D1b,D1b,2003,SWE_NSE__NSE_meltseason2,-0.2574834369198578,Dischma
D1b,D1b,D1b,2003,SWE_NSE__KGE_meltseason2,-0.0643530561814801,Dischma
D1b,D1b,D1b,2003,SWE_NSE__Qmean_meltseason2_APE,-0.10236772276630335,Dischma
D1b,D1b,D1b,2004,SWE_melt_NSE__NSE_meltseason2,0.31914718660892816,Dischma
D1b,D1b,D1b,2004,SWE_melt_NSE__KGE_meltseason2,0.4945132799745475,Dischma
D1b,D1b,D1b,2004,SWE_melt_NSE__Qmean_meltseason2_APE,0.7153405539347106,Dischma
D1b,D1b,D1b,2004,melt_sum_APE__NSE_meltseason2,-0.5177435529990126,Dischma
D1b,D1b,D1b,2004,melt_sum_APE__KGE_meltseason2,-0.14646666971596553,Dischma
D1b,D1b,D1b,2004,melt_sum_APE__Qmean_meltseason2_APE,0.0426938303686141,Dischma
D1b,D1b,D1b,2004,SWE_NSE__NSE_meltseason2,0.09700709694235478,Dischma
D1b,D1b,D1b,2004,SWE_NSE__KGE_meltseason2,-0.055669433832777296,Dischma
D1b,D1b,D1b,2004,SWE_NSE__Qmean_meltseason2_APE,0.166002920949781,Dischma
D1b,D1b,D1b,2005,SWE_melt_NSE__NSE_meltseason2,0.03342716521357581,Dischma
D1b,D1b,D1b,2005,SWE_melt_NSE__KGE_meltseason2,-0.19032111234503443,Dischma
D1b,D1b,D1b,2005,SWE_melt_NSE__Qmean_meltseason2_APE,0.2960776339716697,Dischma
D1b,D1b,D1b,2005,melt_sum_APE__NSE_meltseason2,-0.41732114841556284,Dischma
D1b,D1b,D1b,2005,melt_sum_APE__KGE_meltseason2,-0.39514270056455825,Dischma
D1b,D1b,D1b,2005,melt_sum_APE__Qmean_meltseason2_APE,0.11780278144193146,Dischma
D1b,D1b,D1b,2005,SWE_NSE__NSE_meltseason2,0.2296514519039712,Dischma
D1b,D1b,D1b,2005,SWE_NSE__KGE_meltseason2,-0.18922555740124866,Dischma
D1b,D1b,D1b,2005,SWE_NSE__Qmean_meltseason2_APE,0.3015098575031522,Dischma
D1b,D1b,D1b,2006,SWE_melt_NSE__NSE_meltseason2,0.08525908833589649,Dischma
D1b,D1b,D1b,2006,SWE_melt_NSE__KGE_meltseason2,0.08418568482698874,Dischma
D1b,D1b,D1b,2006,SWE_melt_NSE__Qmean_meltseason2_APE,0.5160008770936158,Dischma
D1b,D1b,D1b,2006,melt_sum_APE__NSE_meltseason2,-0.6221343393957021,Dischma
D1b,D1b,D1b,2006,melt_sum_APE__KGE_meltseason2,-0.34701907585019254,Dischma
D1b,D1b,D1b,2006,melt_sum_APE__Qmean_meltseason2_APE,-0.09148762242316631,Dischma
D1b,D1b,D1b,2006,SWE_NSE__NSE_meltseason2,0.09147139855195809,Dischma
D1b,D1b,D1b,2006,SWE_NSE__KGE_meltseason2,0.183446141095931,Dischma
D1b,D1b,D1b,2006,SWE_NSE__Qmean_meltseason2_APE,0.2354413929006311,Dischma
D1b,D1b,D1b,2007,SWE_melt_NSE__NSE_meltseason2,-0.31940335364510736,Dischma
D1b,D1b,D1b,2007,SWE_melt_NSE__KGE_meltseason2,-0.16340580805877153,Dischma
D1b,D1b,D1b,2007,SWE_melt_NSE__Qmean_meltseason2_APE,0.030066611596666976,Dischma
D1b,D1b,D1b,2007,melt_sum_APE__NSE_meltseason2,-0.18373384576153506,Dischma
D1b,D1b,D1b,2007,melt_sum_APE__KGE_meltseason2,-0.08860373355013927,Dischma
D1b,D1b,D1b,2007,melt_sum_APE__Qmean_meltseason2_APE,-0.20230274838364387,Dischma
D1b,D1b,D1b,2007,SWE_NSE__NSE_meltseason2,0.002320245252838691,Dischma
D1b,D1b,D1b,2007,SWE_NSE__KGE_meltseason2,-0.011815750247195975,Dischma
D1b,D1b,D1b,2007,SWE_NSE__Qmean_meltseason2_APE,-0.04914078308554151,Dischma
D1b,D1b,D1b,2008,SWE_melt_NSE__NSE_meltseason2,0.394109961888088,Dischma
D1b,D1b,D1b,2008,SWE_melt_NSE__KGE_meltseason2,0.1667059920277405,Dischma
D1b,D1b,D1b,2008,SWE_melt_NSE__Qmean_meltseason2_APE,0.39117592935153894,Dischma
D1b,D1b,D1b,2008,melt_sum_APE__NSE_meltseason2,-0.08169017010458354,Dischma
D1b,D1b,D1b,2008,melt_sum_APE__KGE_meltseason2,0.03645686241363495,Dischma
D1b,D1b,D1b,2008,melt_sum_APE__Qmean_meltseason2_APE,0.07249057932488424,Dischma
D1b,D1b,D1b,2008,SWE_NSE__NSE_meltseason2,0.45176895644746984,Dischma
D1b,D1b,D1b,2008,SWE_NSE__KGE_meltseason2,0.2253816895198957,Dischma
D1b,D1b,D1b,2008,SWE_NSE__Qmean_meltseason2_APE,0.17296065756683685,Dischma
D1b,D1b,D1b,2009,SWE_melt_NSE__NSE_meltseason2,-0.0072937215052890835,Dischma
D1b,D1b,D1b,2009,SWE_melt_NSE__KGE_meltseason2,0.05688102193188994,Dischma
D1b,D1b,D1b,2009,SWE_melt_NSE__Qmean_meltseason2_APE,0.48803560961094805,Dischma
D1b,D1b,D1b,2009,melt_sum_APE__NSE_meltseason2,-0.30130048049246244,Dischma
D1b,D1b,D1b,2009,melt_sum_APE__KGE_meltseason2,-0.41843361411673297,Dischma
D1b,D1b,D1b,2009,melt_sum_APE__Qmean_meltseason2_APE,0.29548589621698235,Dischma
D1b,D1b,D1b,2009,SWE_NSE__NSE_meltseason2,0.0007314043456473439,Dischma
D1b,D1b,D1b,2009,SWE_NSE__KGE_meltseason2,-0.07906016511517311,Dischma
D1b,D1b,D1b,2009,SWE_NSE__Qmean_meltseason2_APE,0.46618013857754825,Dischma
D1b,D1b,D1b,2010,SWE_melt_NSE__NSE_meltseason2,0.13283242934555367,Dischma
D1b,D1b,D1b,2010,SWE_melt_NSE__KGE_meltseason2,-0.14533476858652902,Dischma
D1b,D1b,D1b,2010,SWE_melt_NSE__Qmean_meltseason2_APE,0.5339054402052603,Dischma
D1b,D1b,D1b,2010,melt_sum_APE__NSE_meltseason2,-0.3403610637308221,Dischma
D1b,D1b,D1b,2010,melt_sum_APE__KGE_meltseason2,-0.18481669268490206,Dischma
D1b,D1b,D1b,2010,melt_sum_APE__Qmean_meltseason2_APE,-0.11077759436615156,Dischma
D1b,D1b,D1b,2010,SWE_NSE__NSE_meltseason2,0.021240781797783662,Dischma
D1b,D1b,D1b,2010,SWE_NSE__KGE_meltseason2,-0.3846257658130881,Dischma
D1b,D1b,D1b,2010,SWE_NSE__Qmean_meltseason2_APE,0.0892502882223676,Dischma
D1b,D1b,D1b,2011,SWE_melt_NSE__NSE_meltseason2,-0.20759541940836754,Dischma
D1b,D1b,D1b,2011,SWE_melt_NSE__KGE_meltseason2,-0.17528287816540847,Dischma
D1b,D1b,D1b,2011,SWE_melt_NSE__Qmean_meltseason2_APE,0.04792310261674948,Dischma
D1b,D1b,D1b,2011,melt_sum_APE__NSE_meltseason2,-0.3952707001309697,Dischma
D1b,D1b,D1b,2011,melt_sum_APE__KGE_meltseason2,-0.38871941377014585,Dischma
D1b,D1b,D1b,2011,melt_sum_APE__Qmean_meltseason2_APE,-0.25128544715471346,Dischma
D1b,D1b,D1b,2011,SWE_NSE__NSE_meltseason2,-0.4210055591790904,Dischma
D1b,D1b,D1b,2011,SWE_NSE__KGE_meltseason2,-0.4981860578855831,Dischma
D1b,D1b,D1b,2011,SWE_NSE__Qmean_meltseason2_APE,-0.19064063852181262,Dischma
D1b,D1b,D1b,2012,SWE_melt_NSE__NSE_meltseason2,0.07220041462850074,Dischma
D1b,D1b,D1b,2012,SWE_melt_NSE__KGE_meltseason2,-0.027606947259037114,Dischma
D1b,D1b,D1b,2012,SWE_melt_NSE__Qmean_meltseason2_APE,0.4906424405502632,Dischma
D1b,D1b,D1b,2012,melt_sum_APE__NSE_meltseason2,-0.38725640847837595,Dischma
D1b,D1b,D1b,2012,melt_sum_APE__KGE_meltseason2,-0.16945130188878926,Dischma
D1b,D1b,D1b,2012,melt_sum_APE__Qmean_meltseason2_APE,-0.04669785077987957,Dischma
D1b,D1b,D1b,2012,SWE_NSE__NSE_meltseason2,-0.032672945340586734,Dischma
D1b,D1b,D1b,2012,SWE_NSE__KGE_meltseason2,-0.18721119189176788,Dischma
D1b,D1b,D1b,2012,SWE_NSE__Qmean_meltseason2_APE,0.061946090157839695,Dischma
D1b,D1b,D1b,2013,SWE_melt_NSE__NSE_meltseason2,0.04091865436891753,Dischma
D1b,D1b,D1b,2013,SWE_melt_NSE__KGE_meltseason2,0.14178946694764907,Dischma
D1b,D1b,D1b,2013,SWE_melt_NSE__Qmean_meltseason2_APE,0.4996376260591091,Dischma
D1b,D1b,D1b,2013,melt_sum_APE__NSE_meltseason2,-0.30714419699206147,Dischma
D1b,D1b,D1b,2013,melt_sum_APE__KGE_meltseason2,-0.057035281471306966,Dischma
D1b,D1b,D1b,2013,melt_sum_APE__Qmean_meltseason2_APE,0.06831743701375381,Dischma
D1b,D1b,D1b,2013,SWE_NSE__NSE_meltseason2,0.08098527717913467,Dischma
D1b,D1b,D1b,2013,SWE_NSE__KGE_meltseason2,0.013823053443752679,Dischma
D1b,D1b,D1b,2013,SWE_NSE__Qmean_meltseason2_APE,0.41334862900946057,Dischma
D1b,D1b,D1b,2014,SWE_melt_NSE__NSE_meltseason2,0.20148270657357858,Dischma
D1b,D1b,D1b,2014,SWE_melt_NSE__KGE_meltseason2,0.1948881906630845,Dischma
D1b,D1b,D1b,2014,SWE_melt_NSE__Qmean_meltseason2_APE,0.7241899964940203,Dischma
D1b,D1b,D1b,2014,melt_sum_APE__NSE_meltseason2,-0.2146517416254499,Dischma
D1b,D1b,D1b,2014,melt_sum_APE__KGE_meltseason2,-0.07765600517106996,Dischma
D1b,D1b,D1b,2014,melt_sum_APE__Qmean_meltseason2_APE,-0.12569331115866322,Dischma
D1b,D1b,D1b,2014,SWE_NSE__NSE_meltseason2,0.03040921800940861,Dischma
D1b,D1b,D1b,2014,SWE_NSE__KGE_meltseason2,0.20490113968528711,Dischma
D1b,D1b,D1b,2014,SWE_NSE__Qmean_meltseason2_APE,0.49757853190015555,Dischma
D1b,D1b,D1b,2015,SWE_melt_NSE__NSE_meltseason2,-0.14376078146378082,Dischma
D1b,D1b,D1b,2015,SWE_melt_NSE__KGE_meltseason2,-0.03343767364408899,Dischma
D1b,D1b,D1b,2015,SWE_melt_NSE__Qmean_meltseason2_APE,0.6946121539795742,Dischma
D1b,D1b,D1b,2015,melt_sum_APE__NSE_meltseason2,-0.30185817728639786,Dischma
D1b,D1b,D1b,2015,melt_sum_APE__KGE_meltseason2,0.136242402641166,Dischma
D1b,D1b,D1b,2015,melt_sum_APE__Qmean_meltseason2_APE,0.19729001807729357,Dischma
D1b,D1b,D1b,2015,SWE_NSE__NSE_meltseason2,-0.1370740721147541,Dischma
D1b,D1b,D1b,2015,SWE_NSE__KGE_meltseason2,-0.0966621514110308,Dischma
D1b,D1b,D1b,2015,SWE_NSE__Qmean_meltseason2_APE,0.42401385410476566,Dischma
D1b,D1b,D1b,2016,SWE_melt_NSE__NSE_meltseason2,-0.23572879135018812,Dischma
D1b,D1b,D1b,2016,SWE_melt_NSE__KGE_meltseason2,-0.574970729063995,Dischma
D1b,D1b,D1b,2016,SWE_melt_NSE__Qmean_meltseason2_APE,0.16931095093853354,Dischma
D1b,D1b,D1b,2016,melt_sum_APE__NSE_meltseason2,-0.1868935307375312,Dischma
D1b,D1b,D1b,2016,melt_sum_APE__KGE_meltseason2,-0.0031257025793491435,Dischma
D1b,D1b,D1b,2016,melt_sum_APE__Qmean_meltseason2_APE,0.14866697959807043,Dischma
D1b,D1b,D1b,2016,SWE_NSE__NSE_meltseason2,0.20131542058985874,Dischma
D1b,D1b,D1b,2016,SWE_NSE__KGE_meltseason2,-0.1728470377195233,Dischma
D1b,D1b,D1b,2016,SWE_NSE__Qmean_meltseason2_APE,0.10852204043224381,Dischma
D1b,D1b,D1b,2017,SWE_melt_NSE__NSE_meltseason2,0.05639917017291634,Dischma
D1b,D1b,D1b,2017,SWE_melt_NSE__KGE_meltseason2,-0.24791329136225795,Dischma
D1b,D1b,D1b,2017,SWE_melt_NSE__Qmean_meltseason2_APE,0.3903032548607668,Dischma
D1b,D1b,D1b,2017,melt_sum_APE__NSE_meltseason2,-0.24778401057585184,Dischma
D1b,D1b,D1b,2017,melt_sum_APE__KGE_meltseason2,-0.12940503623212757,Dischma
D1b,D1b,D1b,2017,melt_sum_APE__Qmean_meltseason2_APE,0.00932212428500201,Dischma
D1b,D1b,D1b,2017,SWE_NSE__NSE_meltseason2,-0.11271768901663058,Dischma
D1b,D1b,D1b,2017,SWE_NSE__KGE_meltseason2,-0.32789852612803766,Dischma
D1b,D1b,D1b,2017,SWE_NSE__Qmean_meltseason2_APE,0.11844493211165232,Dischma
D1b,D1b,D1b,2018,SWE_melt_NSE__NSE_meltseason2,0.36471682453346743,Dischma
D1b,D1b,D1b,2018,SWE_melt_NSE__KGE_meltseason2,0.09176441324575765,Dischma
D1b,D1b,D1b,2018,SWE_melt_NSE__Qmean_meltseason2_APE,0.6436949857921122,Dischma
D1b,D1b,D1b,2018,melt_sum_APE__NSE_meltseason2,-0.761932104485942,Dischma
D1b,D1b,D1b,2018,melt_sum_APE__KGE_meltseason2,-0.8086356522574145,Dischma
D1b,D1b,D1b,2018,melt_sum_APE__Qmean_meltseason2_APE,-0.3341191760336155,Dischma
D1b,D1b,D1b,2018,SWE_NSE__NSE_meltseason2,0.06150611209314904,Dischma
D1b,D1b,D1b,2018,SWE_NSE__KGE_meltseason2,-0.19559727098046414,Dischma
D1b,D1b,D1b,2018,SWE_NSE__Qmean_meltseason2_APE,0.08546794073831201,Dischma
D1b,D1b,D1b,2019,SWE_melt_NSE__NSE_meltseason2,0.019373713823735393,Dischma
D1b,D1b,D1b,2019,SWE_melt_NSE__KGE_meltseason2,0.20789578514378843,Dischma
D1b,D1b,D1b,2019,SWE_melt_NSE__Qmean_meltseason2_APE,0.7508341967655484,Dischma
D1b,D1b,D1b,2019,melt_sum_APE__NSE_meltseason2,-0.7592067668782072,Dischma
D1b,D1b,D1b,2019,melt_sum_APE__KGE_meltseason2,-0.5155538044508161,Dischma
D1b,D1b,D1b,2019,melt_sum_APE__Qmean_meltseason2_APE,-0.25650143599456043,Dischma
D1b,D1b,D1b,2019,SWE_NSE__NSE_meltseason2,0.10164279327727405,Dischma
D1b,D1b,D1b,2019,SWE_NSE__KGE_meltseason2,0.17182589953726227,Dischma
D1b,D1b,D1b,2019,SWE_NSE__Qmean_meltseason2_APE,0.40106524716803177,Dischma
D1b,D1b,D1b,2020,SWE_melt_NSE__NSE_meltseason2,-0.2801501186820514,Dischma
D1b,D1b,D1b,2020,SWE_melt_NSE__KGE_meltseason2,-0.1290283263200859,Dischma
D1b,D1b,D1b,2020,SWE_melt_NSE__Qmean_meltseason2_APE,0.3923395909736744,Dischma
D1b,D1b,D1b,2020,melt_sum_APE__NSE_meltseason2,-0.42250661462937594,Dischma
D1b,D1b,D1b,2020,melt_sum_APE__KGE_meltseason2,-0.2660577423401887,Dischma
D1b,D1b,D1b,2020,melt_sum_APE__Qmean_meltseason2_APE,-0.22323015934616994,Dischma
D1b,D1b,D1b,2020,SWE_NSE__NSE_meltseason2,0.21049383808987915,Dischma
D1b,D1b,D1b,2020,SWE_NSE__KGE_meltseason2,0.20260873593714898,Dischma
D1b,D1b,D1b,2020,SWE_NSE__Qmean_meltseason2_APE,-0.15459043880703968,Dischma
D1b,D1b,D1b,2021,SWE_melt_NSE__NSE_meltseason2,-0.1944076866416557,Dischma
D1b,D1b,D1b,2021,SWE_melt_NSE__KGE_meltseason2,0.1574523324601385,Dischma
D1b,D1b,D1b,2021,SWE_melt_NSE__Qmean_meltseason2_APE,0.5199854381836585,Dischma
D1b,D1b,D1b,2021,melt_sum_APE__NSE_meltseason2,-0.7216364466533322,Dischma
D1b,D1b,D1b,2021,melt_sum_APE__KGE_meltseason2,-0.4774738139250865,Dischma
D1b,D1b,D1b,2021,melt_sum_APE__Qmean_meltseason2_APE,-0.3931640894361876,Dischma
D1b,D1b,D1b,2021,SWE_NSE__NSE_meltseason2,-0.33577074629782805,Dischma
D1b,D1b,D1b,2021,SWE_NSE__KGE_meltseason2,-0.23469157649275244,Dischma
D1b,D1b,D1b,2021,SWE_NSE__Qmean_meltseason2_APE,-0.12228690674291672,Dischma
D1b,D1b,D1b,2022,SWE_melt_NSE__NSE_meltseason2,0.062434046758817106,Dischma
D1b,D1b,D1b,2022,SWE_melt_NSE__KGE_meltseason2,0.10761424831888668,Dischma
D1b,D1b,D1b,2022,SWE_melt_NSE__Qmean_meltseason2_APE,0.5344695390890968,Dischma
D1b,D1b,D1b,2022,melt_sum_APE__NSE_meltseason2,-0.5730465982378179,Dischma
D1b,D1b,D1b,2022,melt_sum_APE__KGE_meltseason2,-0.0396040743512209,Dischma
D1b,D1b,D1b,2022,melt_sum_APE__Qmean_meltseason2_APE,-0.09927597505839242,Dischma
D1b,D1b,D1b,2022,SWE_NSE__NSE_meltseason2,-0.3839290120282885,Dischma
D1b,D1b,D1b,2022,SWE_NSE__KGE_meltseason2,-0.026557298503493428,Dischma
D1b,D1b,D1b,2022,SWE_NSE__Qmean_meltseason2_APE,0.0,Dischma
D1c,D1c,D1c,2001,SWE_melt_NSE__NSE_meltseason2,0.006988847775496628,Dischma
D1c,D1c,D1c,2001,SWE_melt_NSE__KGE_meltseason2,0.10921478783722186,Dischma
D1c,D1c,D1c,2001,SWE_melt_NSE__Qmean_meltseason2_APE,0.561713554690115,Dischma
D1c,D1c,D1c,2001,melt_sum_APE__NSE_meltseason2,-0.4051291987107734,Dischma
D1c,D1c,D1c,2001,melt_sum_APE__KGE_meltseason2,-0.25192412863957364,Dischma
D1c,D1c,D1c,2001,melt_sum_APE__Qmean_meltseason2_APE,-0.032921254882518465,Dischma
D1c,D1c,D1c,2001,SWE_NSE__NSE_meltseason2,-0.0020102581620728365,Dischma
D1c,D1c,D1c,2001,SWE_NSE__KGE_meltseason2,-0.15241523315386313,Dischma
D1c,D1c,D1c,2001,SWE_NSE__Qmean_meltseason2_APE,0.019772114707024772,Dischma
D1c,D1c,D1c,2002,SWE_melt_NSE__NSE_meltseason2,0.20586429683690655,Dischma
D1c,D1c,D1c,2002,SWE_melt_NSE__KGE_meltseason2,0.049119523368314016,Dischma
D1c,D1c,D1c,2002,SWE_melt_NSE__Qmean_meltseason2_APE,0.42251500815389575,Dischma
D1c,D1c,D1c,2002,melt_sum_APE__NSE_meltseason2,-0.529500214141909,Dischma
D1c,D1c,D1c,2002,melt_sum_APE__KGE_meltseason2,-0.6792277221589849,Dischma
D1c,D1c,D1c,2002,melt_sum_APE__Qmean_meltseason2_APE,-0.40452500567869015,Dischma
D1c,D1c,D1c,2002,SWE_NSE__NSE_meltseason2,0.12436274427711316,Dischma
D1c,D1c,D1c,2002,SWE_NSE__KGE_meltseason2,-0.09174476927515858,Dischma
D1c,D1c,D1c,2002,SWE_NSE__Qmean_meltseason2_APE,0.053678387683470434,Dischma
D1c,D1c,D1c,2003,SWE_melt_NSE__NSE_meltseason2,-0.03266618892032225,Dischma
D1c,D1c,D1c,2003,SWE_melt_NSE__KGE_meltseason2,0.17372657160216845,Dischma
D1c,D1c,D1c,2003,SWE_melt_NSE__Qmean_meltseason2_APE,0.7287747874166349,Dischma
D1c,D1c,D1c,2003,melt_sum_APE__NSE_meltseason2,-0.5558863919802322,Dischma
D1c,D1c,D1c,2003,melt_sum_APE__KGE_meltseason2,-0.4705184579631657,Dischma
D1c,D1c,D1c,2003,melt_sum_APE__Qmean_meltseason2_APE,-0.03131976321280565,Dischma
D1c,D1c,D1c,2003,SWE_NSE__NSE_meltseason2,0.08979667035064584,Dischma
D1c,D1c,D1c,2003,SWE_NSE__KGE_meltseason2,0.13032048348855382,Dischma
D1c,D1c,D1c,2003,SWE_NSE__Qmean_meltseason2_APE,0.11162340668863742,Dischma
D1c,D1c,D1c,2004,SWE_melt_NSE__NSE_meltseason2,-0.01997705710417834,Dischma
D1c,D1c,D1c,2004,SWE_melt_NSE__KGE_meltseason2,-0.045839775784029584,Dischma
D1c,D1c,D1c,2004,SWE_melt_NSE__Qmean_meltseason2_APE,0.5164827628383897,Dischma
D1c,D1c,D1c,2004,melt_sum_APE__NSE_meltseason2,-0.5148617551262425,Dischma
D1c,D1c,D1c,2004,melt_sum_APE__KGE_meltseason2,-0.16131501827168,Dischma
D1c,D1c,D1c,2004,melt_sum_APE__Qmean_meltseason2_APE,-0.06146034177690717,Dischma
D1c,D1c,D1c,2004,SWE_NSE__NSE_meltseason2,-0.31951596417849865,Dischma
D1c,D1c,D1c,2004,SWE_NSE__KGE_meltseason2,-0.1436582267832222,Dischma
D1c,D1c,D1c,2004,SWE_NSE__Qmean_meltseason2_APE,0.19334270611889537,Dischma
D1c,D1c,D1c,2005,SWE_melt_NSE__NSE_meltseason2,-0.04405163982191599,Dischma
D1c,D1c,D1c,2005,SWE_melt_NSE__KGE_meltseason2,0.013405246158844648,Dischma
D1c,D1c,D1c,2005,SWE_melt_NSE__Qmean_meltseason2_APE,0.5311827857271054,Dischma
D1c,D1c,D1c,2005,melt_sum_APE__NSE_meltseason2,-0.3440032473530634,Dischma
D1c,D1c,D1c,2005,melt_sum_APE__KGE_meltseason2,-0.1315711935402366,Dischma
D1c,D1c,D1c,2005,melt_sum_APE__Qmean_meltseason2_APE,0.5500359085933182,Dischma
D1c,D1c,D1c,2005,SWE_NSE__NSE_meltseason2,0.12068550842269733,Dischma
D1c,D1c,D1c,2005,SWE_NSE__KGE_meltseason2,0.3081430695560049,Dischma
D1c,D1c,D1c,2005,SWE_NSE__Qmean_meltseason2_APE,0.8371101925086396,Dischma
D1c,D1c,D1c,2006,SWE_melt_NSE__NSE_meltseason2,-0.03761888601150616,Dischma
D1c,D1c,D1c,2006,SWE_melt_NSE__KGE_meltseason2,0.2177407928447091,Dischma
D1c,D1c,D1c,2006,SWE_melt_NSE__Qmean_meltseason2_APE,0.7828371373275442,Dischma
D1c,D1c,D1c,2006,melt_sum_APE__NSE_meltseason2,-0.28608564466680586,Dischma
D1c,D1c,D1c,2006,melt_sum_APE__KGE_meltseason2,0.006692582162197668,Dischma
D1c,D1c,D1c,2006,melt_sum_APE__Qmean_meltseason2_APE,0.220039144758364,Dischma
D1c,D1c,D1c,2006,SWE_NSE__NSE_meltseason2,-0.05387041982650009,Dischma
D1c,D1c,D1c,2006,SWE_NSE__KGE_meltseason2,0.06070400842460645,Dischma
D1c,D1c,D1c,2006,SWE_NSE__Qmean_meltseason2_APE,0.4407719596263219,Dischma
D1c,D1c,D1c,2007,SWE_melt_NSE__NSE_meltseason2,0.06293441894520443,Dischma
D1c,D1c,D1c,2007,SWE_melt_NSE__KGE_meltseason2,0.2525613423161411,Dischma
D1c,D1c,D1c,2007,SWE_melt_NSE__Qmean_meltseason2_APE,0.7280458500941742,Dischma
D1c,D1c,D1c,2007,melt_sum_APE__NSE_meltseason2,-0.29847974626410334,Dischma
D1c,D1c,D1c,2007,melt_sum_APE__KGE_meltseason2,-0.3232076471139346,Dischma
D1c,D1c,D1c,2007,melt_sum_APE__Qmean_meltseason2_APE,0.030677598279003012,Dischma
D1c,D1c,D1c,2007,SWE_NSE__NSE_meltseason2,0.1470528377564266,Dischma
D1c,D1c,D1c,2007,SWE_NSE__KGE_meltseason2,0.12335236342814786,Dischma
D1c,D1c,D1c,2007,SWE_NSE__Qmean_meltseason2_APE,0.16766230486668515,Dischma
D1c,D1c,D1c,2008,SWE_melt_NSE__NSE_meltseason2,-0.14503182037619378,Dischma
D1c,D1c,D1c,2008,SWE_melt_NSE__KGE_meltseason2,-0.33494498055419675,Dischma
D1c,D1c,D1c,2008,SWE_melt_NSE__Qmean_meltseason2_APE,0.6125211341576209,Dischma
D1c,D1c,D1c,2008,melt_sum_APE__NSE_meltseason2,-0.0935900395379313,Dischma
D1c,D1c,D1c,2008,melt_sum_APE__KGE_meltseason2,-0.19824945837476582,Dischma
D1c,D1c,D1c,2008,melt_sum_APE__Qmean_meltseason2_APE,0.24865978401554842,Dischma
D1c,D1c,D1c,2008,SWE_NSE__NSE_meltseason2,-0.04276828560573398,Dischma
D1c,D1c,D1c,2008,SWE_NSE__KGE_meltseason2,-0.08663330886089832,Dischma
D1c,D1c,D1c,2008,SWE_NSE__Qmean_meltseason2_APE,0.6601170018463614,Dischma
D1c,D1c,D1c,2009,SWE_melt_NSE__NSE_meltseason2,0.017905431446295694,Dischma
D1c,D1c,D1c,2009,SWE_melt_NSE__KGE_meltseason2,0.25081550002113245,Dischma
D1c,D1c,D1c,2009,SWE_melt_NSE__Qmean_meltseason2_APE,0.36943690603275947,Dischma
D1c,D1c,D1c,2009,melt_sum_APE__NSE_meltseason2,-0.6651183272620826,Dischma
D1c,D1c,D1c,2009,melt_sum_APE__KGE_meltseason2,-0.41966258466264844,Dischma
D1c,D1c,D1c,2009,melt_sum_APE__Qmean_meltseason2_APE,-0.052487409987607606,Dischma
D1c,D1c,D1c,2009,SWE_NSE__NSE_meltseason2,-0.2595805017639801,Dischma
D1c,D1c,D1c,2009,SWE_NSE__KGE_meltseason2,-0.387874807378533,Dischma
D1c,D1c,D1c,2009,SWE_NSE__Qmean_meltseason2_APE,0.1403978569932326,Dischma
D1c,D1c,D1c,2010,SWE_melt_NSE__NSE_meltseason2,-0.22702589844328752,Dischma
D1c,D1c,D1c,2010,SWE_melt_NSE__KGE_meltseason2,-0.033356523511424284,Dischma
D1c,D1c,D1c,2010,SWE_melt_NSE__Qmean_meltseason2_APE,0.48999148421653604,Dischma
D1c,D1c,D1c,2010,melt_sum_APE__NSE_meltseason2,-0.3922938063036312,Dischma
D1c,D1c,D1c,2010,melt_sum_APE__KGE_meltseason2,-0.0908602743717153,Dischma
D1c,D1c,D1c,2010,melt_sum_APE__Qmean_meltseason2_APE,0.11442300104793428,Dischma
D1c,D1c,D1c,2010,SWE_NSE__NSE_meltseason2,-0.33356555570923385,Dischma
D1c,D1c,D1c,2010,SWE_NSE__KGE_meltseason2,-0.2485365304380188,Dischma
D1c,D1c,D1c,2010,SWE_NSE__Qmean_meltseason2_APE,0.2034151621982508,Dischma
D1c,D1c,D1c,2011,SWE_melt_NSE__NSE_meltseason2,-0.03102689562062438,Dischma
D1c,D1c,D1c,2011,SWE_melt_NSE__KGE_meltseason2,-0.16660570910577363,Dischma
D1c,D1c,D1c,2011,SWE_melt_NSE__Qmean_meltseason2_APE,0.4846367061842808,Dischma
D1c,D1c,D1c,2011,melt_sum_APE__NSE_meltseason2,-0.3963102912099386,Dischma
D1c,D1c,D1c,2011,melt_sum_APE__KGE_meltseason2,-0.40786675787454135,Dischma
D1c,D1c,D1c,2011,melt_sum_APE__Qmean_meltseason2_APE,-0.19132875025902485,Dischma
D1c,D1c,D1c,2011,SWE_NSE__NSE_meltseason2,-0.07126395358710905,Dischma
D1c,D1c,D1c,2011,SWE_NSE__KGE_meltseason2,-0.20639463095029845,Dischma
D1c,D1c,D1c,2011,SWE_NSE__Qmean_meltseason2_APE,0.1677465589650283,Dischma
D1c,D1c,D1c,2012,SWE_melt_NSE__NSE_meltseason2,-0.12611218423700146,Dischma
D1c,D1c,D1c,2012,SWE_melt_NSE__KGE_meltseason2,-0.25413963778270804,Dischma
D1c,D1c,D1c,2012,SWE_melt_NSE__Qmean_meltseason2_APE,0.5221877425469597,Dischma
D1c,D1c,D1c,2012,melt_sum_APE__NSE_meltseason2,-0.42919077275886425,Dischma
D1c,D1c,D1c,2012,melt_sum_APE__KGE_meltseason2,-0.13930117741809192,Dischma
D1c,D1c,D1c,2012,melt_sum_APE__Qmean_meltseason2_APE,0.0009767739309404404,Dischma
D1c,D1c,D1c,2012,SWE_NSE__NSE_meltseason2,0.04490214277395045,Dischma
D1c,D1c,D1c,2012,SWE_NSE__KGE_meltseason2,0.017386267791726678,Dischma
D1c,D1c,D1c,2012,SWE_NSE__Qmean_meltseason2_APE,0.35769809747351067,Dischma
D1c,D1c,D1c,2013,SWE_melt_NSE__NSE_meltseason2,0.10943711114736362,Dischma
D1c,D1c,D1c,2013,SWE_melt_NSE__KGE_meltseason2,0.1754101636071234,Dischma
D1c,D1c,D1c,2013,SWE_melt_NSE__Qmean_meltseason2_APE,0.8360886674970988,Dischma
D1c,D1c,D1c,2013,melt_sum_APE__NSE_meltseason2,-0.2669798330873749,Dischma
D1c,D1c,D1c,2013,melt_sum_APE__KGE_meltseason2,-0.2635870566893888,Dischma
D1c,D1c,D1c,2013,melt_sum_APE__Qmean_meltseason2_APE,0.3595837072232682,Dischma
D1c,D1c,D1c,2013,SWE_NSE__NSE_meltseason2,0.15848065751625479,Dischma
D1c,D1c,D1c,2013,SWE_NSE__KGE_meltseason2,0.021545530281264484,Dischma
D1c,D1c,D1c,2013,SWE_NSE__Qmean_meltseason2_APE,0.797356266031484,Dischma
D1c,D1c,D1c,2014,SWE_melt_NSE__NSE_meltseason2,-0.0456105965202997,Dischma
D1c,D1c,D1c,2014,SWE_melt_NSE__KGE_meltseason2,-0.01159142260103622,Dischma
D1c,D1c,D1c,2014,SWE_melt_NSE__Qmean_meltseason2_APE,0.4492346526854353,Dischma
D1c,D1c,D1c,2014,melt_sum_APE__NSE_meltseason2,-0.5995486961551622,Dischma
D1c,D1c,D1c,2014,melt_sum_APE__KGE_meltseason2,-0.16817317977226057,Dischma
D1c,D1c,D1c,2014,melt_sum_APE__Qmean_meltseason2_APE,0.13574147664453787,Dischma
D1c,D1c,D1c,2014,SWE_NSE__NSE_meltseason2,0.045305741136704394,Dischma
D1c,D1c,D1c,2014,SWE_NSE__KGE_meltseason2,-0.03826404586620867,Dischma
D1c,D1c,D1c,2014,SWE_NSE__Qmean_meltseason2_APE,0.3658753482430487,Dischma
D1c,D1c,D1c,2015,SWE_melt_NSE__NSE_meltseason2,0.12357468511853248,Dischma
D1c,D1c,D1c,2015,SWE_melt_NSE__KGE_meltseason2,-0.1522027329722333,Dischma
D1c,D1c,D1c,2015,SWE_melt_NSE__Qmean_meltseason2_APE,0.5648471394240805,Dischma
D1c,D1c,D1c,2015,melt_sum_APE__NSE_meltseason2,-0.16937349744705238,Dischma
D1c,D1c,D1c,2015,melt_sum_APE__KGE_meltseason2,0.052746935627144304,Dischma
D1c,D1c,D1c,2015,melt_sum_APE__Qmean_meltseason2_APE,-0.1826290574758133,Dischma
D1c,D1c,D1c,2015,SWE_NSE__NSE_meltseason2,0.09577884123487802,Dischma
D1c,D1c,D1c,2015,SWE_NSE__KGE_meltseason2,-0.06407946395881181,Dischma
D1c,D1c,D1c,2015,SWE_NSE__Qmean_meltseason2_APE,0.29746730949282923,Dischma
D1c,D1c,D1c,2016,SWE_melt_NSE__NSE_meltseason2,-0.2161089215245984,Dischma
D1c,D1c,D1c,2016,SWE_melt_NSE__KGE_meltseason2,-0.132329726809836,Dischma
D1c,D1c,D1c,2016,SWE_melt_NSE__Qmean_meltseason2_APE,-0.004479429318845028,Dischma
D1c,D1c,D1c,2016,melt_sum_APE__NSE_meltseason2,0.1170674022498637,Dischma
D1c,D1c,D1c,2016,melt_sum_APE__KGE_meltseason2,-0.03063420324935957,Dischma
D1c,D1c,D1c,2016,melt_sum_APE__Qmean_meltseason2_APE,0.023148027768625856,Dischma
D1c,D1c,D1c,2016,SWE_NSE__NSE_meltseason2,0.22129943285827547,Dischma
D1c,D1c,D1c,2016,SWE_NSE__KGE_meltseason2,-0.0913327993054729,Dischma
D1c,D1c,D1c,2016,SWE_NSE__Qmean_meltseason2_APE,-0.17169285554295066,Dischma
D1c,D1c,D1c,2017,SWE_melt_NSE__NSE_meltseason2,0.02570051033135031,Dischma
D1c,D1c,D1c,2017,SWE_melt_NSE__KGE_meltseason2,0.39575756488551844,Dischma
D1c,D1c,D1c,2017,SWE_melt_NSE__Qmean_meltseason2_APE,0.7165072192271236,Dischma
D1c,D1c,D1c,2017,melt_sum_APE__NSE_meltseason2,-0.47901551710375095,Dischma
D1c,D1c,D1c,2017,melt_sum_APE__KGE_meltseason2,-0.20821126210046986,Dischma
D1c,D1c,D1c,2017,melt_sum_APE__Qmean_meltseason2_APE,0.02459341412193047,Dischma
D1c,D1c,D1c,2017,SWE_NSE__NSE_meltseason2,-0.09117532745795641,Dischma
D1c,D1c,D1c,2017,SWE_NSE__KGE_meltseason2,-0.024555204329854252,Dischma
D1c,D1c,D1c,2017,SWE_NSE__Qmean_meltseason2_APE,0.21518493736553163,Dischma
D1c,D1c,D1c,2018,SWE_melt_NSE__NSE_meltseason2,0.2172878376302418,Dischma
D1c,D1c,D1c,2018,SWE_melt_NSE__KGE_meltseason2,0.005086882985348549,Dischma
D1c,D1c,D1c,2018,SWE_melt_NSE__Qmean_meltseason2_APE,0.8831404891208642,Dischma
D1c,D1c,D1c,2018,melt_sum_APE__NSE_meltseason2,-0.8176130358171557,Dischma
D1c,D1c,D1c,2018,melt_sum_APE__KGE_meltseason2,-0.9165742443668552,Dischma
D1c,D1c,D1c,2018,melt_sum_APE__Qmean_meltseason2_APE,0.13877424759094484,Dischma
D1c,D1c,D1c,2018,SWE_NSE__NSE_meltseason2,0.28351820738501526,Dischma
D1c,D1c,D1c,2018,SWE_NSE__KGE_meltseason2,0.1782507222964004,Dischma
D1c,D1c,D1c,2018,SWE_NSE__Qmean_meltseason2_APE,0.7932714094335473,Dischma
D1c,D1c,D1c,2019,SWE_melt_NSE__NSE_meltseason2,-0.1093284105693214,Dischma
D1c,D1c,D1c,2019,SWE_melt_NSE__KGE_meltseason2,0.1021769006886611,Dischma
D1c,D1c,D1c,2019,SWE_melt_NSE__Qmean_meltseason2_APE,0.3872325807046105,Dischma
D1c,D1c,D1c,2019,melt_sum_APE__NSE_meltseason2,-0.3834402557397852,Dischma
D1c,D1c,D1c,2019,melt_sum_APE__KGE_meltseason2,-0.41001182423216154,Dischma
D1c,D1c,D1c,2019,melt_sum_APE__Qmean_meltseason2_APE,-0.206936026649853,Dischma
D1c,D1c,D1c,2019,SWE_NSE__NSE_meltseason2,0.006876731285954319,Dischma
D1c,D1c,D1c,2019,SWE_NSE__KGE_meltseason2,-0.07532557315566712,Dischma
D1c,D1c,D1c,2019,SWE_NSE__Qmean_meltseason2_APE,0.24922016828670226,Dischma
D1c,D1c,D1c,2020,SWE_melt_NSE__NSE_meltseason2,0.09950063499450301,Dischma
D1c,D1c,D1c,2020,SWE_melt_NSE__KGE_meltseason2,-0.10512075690025229,Dischma
D1c,D1c,D1c,2020,SWE_melt_NSE__Qmean_meltseason2_APE,0.7142977598866525,Dischma
D1c,D1c,D1c,2020,melt_sum_APE__NSE_meltseason2,-0.18349972917966606,Dischma
D1c,D1c,D1c,2020,melt_sum_APE__KGE_meltseason2,-0.07560112919416692,Dischma
D1c,D1c,D1c,2020,melt_sum_APE__Qmean_meltseason2_APE,0.09402221368538699,Dischma
D1c,D1c,D1c,2020,SWE_NSE__NSE_meltseason2,0.5208179042513464,Dischma
D1c,D1c,D1c,2020,SWE_NSE__KGE_meltseason2,0.25884546891858284,Dischma
D1c,D1c,D1c,2020,SWE_NSE__Qmean_meltseason2_APE,0.4622379193784043,Dischma
D1c,D1c,D1c,2021,SWE_melt_NSE__NSE_meltseason2,0.10815685503601935,Dischma
D1c,D1c,D1c,2021,SWE_melt_NSE__KGE_meltseason2,0.3250306660635033,Dischma
D1c,D1c,D1c,2021,SWE_melt_NSE__Qmean_meltseason2_APE,0.8465841243451735,Dischma
D1c,D1c,D1c,2021,melt_sum_APE__NSE_meltseason2,-0.5727304393446633,Dischma
D1c,D1c,D1c,2021,melt_sum_APE__KGE_meltseason2,-0.1998101158730033,Dischma
D1c,D1c,D1c,2021,melt_sum_APE__Qmean_meltseason2_APE,0.08416646640422192,Dischma
D1c,D1c,D1c,2021,SWE_NSE__NSE_meltseason2,0.01969752516493884,Dischma
D1c,D1c,D1c,2021,SWE_NSE__KGE_meltseason2,0.03333573313545116,Dischma
D1c,D1c,D1c,2021,SWE_NSE__Qmean_meltseason2_APE,0.31898510529439966,Dischma
D1c,D1c,D1c,2022,SWE_melt_NSE__NSE_meltseason2,-0.20042153658064835,Dischma
D1c,D1c,D1c,2022,SWE_melt_NSE__KGE_meltseason2,0.17377179595433861,Dischma
D1c,D1c,D1c,2022,SWE_melt_NSE__Qmean_meltseason2_APE,0.6766768735381323,Dischma
D1c,D1c,D1c,2022,melt_sum_APE__NSE_meltseason2,-0.5188101657162291,Dischma
D1c,D1c,D1c,2022,melt_sum_APE__KGE_meltseason2,-0.1771798444528445,Dischma
D1c,D1c,D1c,2022,melt_sum_APE__Qmean_meltseason2_APE,0.187567834586177,Dischma
D1c,D1c,D1c,2022,SWE_NSE__NSE_meltseason2,-0.03691429765790765,Dischma
D1c,D1c,D1c,2022,SWE_NSE__KGE_meltseason2,0.052190590757550205,Dischma
D1c,D1c,D1c,2022,SWE_NSE__Qmean_meltseason2_APE,0.42507561891633144,Dischma
D1d,D1d,D1d,2001,SWE_melt_NSE__NSE_meltseason2,-0.07647139899502851,Dischma
D1d,D1d,D1d,2001,SWE_melt_NSE__KGE_meltseason2,-0.14214245458292887,Dischma
D1d,D1d,D1d,2001,SWE_melt_NSE__Qmean_meltseason2_APE,0.464788543880438,Dischma
D1d,D1d,D1d,2001,melt_sum_APE__NSE_meltseason2,-0.05817854792174754,Dischma
D1d,D1d,D1d,2001,melt_sum_APE__KGE_meltseason2,0.1756476781734317,Dischma
D1d,D1d,D1d,2001,melt_sum_APE__Qmean_meltseason2_APE,0.24704898858446572,Dischma
D1d,D1d,D1d,2001,SWE_NSE__NSE_meltseason2,0.08737978501915548,Dischma
D1d,D1d,D1d,2001,SWE_NSE__KGE_meltseason2,-0.05223871528809293,Dischma
D1d,D1d,D1d,2001,SWE_NSE__Qmean_meltseason2_APE,0.24017553525588056,Dischma
D1d,D1d,D1d,2002,SWE_melt_NSE__NSE_meltseason2,-0.5135159834378669,Dischma
D1d,D1d,D1d,2002,SWE_melt_NSE__KGE_meltseason2,-0.34735294095449987,Dischma
D1d,D1d,D1d,2002,SWE_melt_NSE__Qmean_meltseason2_APE,0.22665954922687256,Dischma
D1d,D1d,D1d,2002,melt_sum_APE__NSE_meltseason2,-0.31175577845178865,Dischma
D1d,D1d,D1d,2002,melt_sum_APE__KGE_meltseason2,-0.2478794244103687,Dischma
D1d,D1d,D1d,2002,melt_sum_APE__Qmean_meltseason2_APE,0.09808984576240316,Dischma
D1d,D1d,D1d,2002,SWE_NSE__NSE_meltseason2,-0.013562450441061519,Dischma
D1d,D1d,D1d,2002,SWE_NSE__KGE_meltseason2,-0.10696738000884468,Dischma
D1d,D1d,D1d,2002,SWE_NSE__Qmean_meltseason2_APE,0.4333872579837954,Dischma
D1d,D1d,D1d,2003,SWE_melt_NSE__NSE_meltseason2,-0.1945725265135104,Dischma
D1d,D1d,D1d,2003,SWE_melt_NSE__KGE_meltseason2,0.008933124770007603,Dischma
D1d,D1d,D1d,2003,SWE_melt_NSE__Qmean_meltseason2_APE,0.8213257053703362,Dischma
D1d,D1d,D1d,2003,melt_sum_APE__NSE_meltseason2,-0.27515171236256414,Dischma
D1d,D1d,D1d,2003,melt_sum_APE__KGE_meltseason2,-0.1956688655114952,Dischma
D1d,D1d,D1d,2003,melt_sum_APE__Qmean_meltseason2_APE,0.1659082145109197,Dischma
D1d,D1d,D1d,2003,SWE_NSE__NSE_meltseason2,-0.1452476069769777,Dischma
D1d,D1d,D1d,2003,SWE_NSE__KGE_meltseason2,-0.2370815181046451,Dischma
D1d,D1d,D1d,2003,SWE_NSE__Qmean_meltseason2_APE,0.43820461245083736,Dischma
D1d,D1d,D1d,2004,SWE_melt_NSE__NSE_meltseason2,-0.06885605546148785,Dischma
D1d,D1d,D1d,2004,SWE_melt_NSE__KGE_meltseason2,-0.1622658244258461,Dischma
D1d,D1d,D1d,2004,SWE_melt_NSE__Qmean_meltseason2_APE,0.3811973229048272,Dischma
D1d,D1d,D1d,2004,melt_sum_APE__NSE_meltseason2,-0.07688544261453892,Dischma
D1d,D1d,D1d,2004,melt_sum_APE__KGE_meltseason2,-0.07518976329811143,Dischma
D1d,D1d,D1d,2004,melt_sum_APE__Qmean_meltseason2_APE,-0.08490102637422622,Dischma
D1d,D1d,D1d,2004,SWE_NSE__NSE_meltseason2,0.3448424868353645,Dischma
D1d,D1d,D1d,2004,SWE_NSE__KGE_meltseason2,0.022651033163424292,Dischma
D1d,D1d,D1d,2004,SWE_NSE__Qmean_meltseason2_APE,0.4482694710680799,Dischma
D1d,D1d,D1d,2005,SWE_melt_NSE__NSE_meltseason2,-0.11181666626817528,Dischma
D1d,D1d,D1d,2005,SWE_melt_NSE__KGE_meltseason2,0.2683807995552001,Dischma
D1d,D1d,D1d,2005,SWE_melt_NSE__Qmean_meltseason2_APE,0.1595079282679269,Dischma
D1d,D1d,D1d,2005,melt_sum_APE__NSE_meltseason2,-0.5685503216509951,Dischma
D1d,D1d,D1d,2005,melt_sum_APE__KGE_meltseason2,-0.06586820630464223,Dischma
D1d,D1d,D1d,2005,melt_sum_APE__Qmean_meltseason2_APE,0.29168118857747943,Dischma
D1d,D1d,D1d,2005,SWE_NSE__NSE_meltseason2,-0.21150410519371174,Dischma
D1d,D1d,D1d,2005,SWE_NSE__KGE_meltseason2,0.6520766965796934,Dischma
D1d,D1d,D1d,2005,SWE_NSE__Qmean_meltseason2_APE,0.49964204613444985,Dischma
D1d,D1d,D1d,2006,SWE_melt_NSE__NSE_meltseason2,-0.19087163575117685,Dischma
D1d,D1d,D1d,2006,SWE_melt_NSE__KGE_meltseason2,0.15707408299247194,Dischma
D1d,D1d,D1d,2006,SWE_melt_NSE__Qmean_meltseason2_APE,0.4984431614652285,Dischma
D1d,D1d,D1d,2006,melt_sum_APE__NSE_meltseason2,-0.39510950622818686,Dischma
D1d,D1d,D1d,2006,melt_sum_APE__KGE_meltseason2,-0.01857100092903343,Dischma
D1d,D1d,D1d,2006,melt_sum_APE__Qmean_meltseason2_APE,-0.05671104939971986,Dischma
D1d,D1d,D1d,2006,SWE_NSE__NSE_meltseason2,0.05029850629968712,Dischma
D1d,D1d,D1d,2006,SWE_NSE__KGE_meltseason2,0.19023858023530066,Dischma
D1d,D1d,D1d,2006,SWE_NSE__Qmean_meltseason2_APE,0.46410446791481097,Dischma
D1d,D1d,D1d,2007,SWE_melt_NSE__NSE_meltseason2,-0.5277905635757182,Dischma
D1d,D1d,D1d,2007,SWE_melt_NSE__KGE_meltseason2,-0.307953509747528,Dischma
D1d,D1d,D1d,2007,SWE_melt_NSE__Qmean_meltseason2_APE,0.2684684049622587,Dischma
D1d,D1d,D1d,2007,melt_sum_APE__NSE_meltseason2,0.039598115197886495,Dischma
D1d,D1d,D1d,2007,melt_sum_APE__KGE_meltseason2,-0.010821954473083088,Dischma
D1d,D1d,D1d,2007,melt_sum_APE__Qmean_meltseason2_APE,0.10214238343382832,Dischma
D1d,D1d,D1d,2007,SWE_NSE__NSE_meltseason2,-0.2254519851216709,Dischma
D1d,D1d,D1d,2007,SWE_NSE__KGE_meltseason2,-0.29038635058363854,Dischma
D1d,D1d,D1d,2007,SWE_NSE__Qmean_meltseason2_APE,0.2096101304056304,Dischma
D1d,D1d,D1d,2008,SWE_melt_NSE__NSE_meltseason2,0.16113814270790303,Dischma
D1d,D1d,D1d,2008,SWE_melt_NSE__KGE_meltseason2,0.2990377240357884,Dischma
D1d,D1d,D1d,2008,SWE_melt_NSE__Qmean_meltseason2_APE,0.8269976441353263,Dischma
D1d,D1d,D1d,2008,melt_sum_APE__NSE_meltseason2,0.16987638083262252,Dischma
D1d,D1d,D1d,2008,melt_sum_APE__KGE_meltseason2,-0.1364958439989106,Dischma
D1d,D1d,D1d,2008,melt_sum_APE__Qmean_meltseason2_APE,0.23860393130383578,Dischma
D1d,D1d,D1d,2008,SWE_NSE__NSE_meltseason2,0.15573819520630566,Dischma
D1d,D1d,D1d,2008,SWE_NSE__KGE_meltseason2,-0.0008267593583788359,Dischma
D1d,D1d,D1d,2008,SWE_NSE__Qmean_meltseason2_APE,0.46404350304704,Dischma
D1d,D1d,D1d,2009,SWE_melt_NSE__NSE_meltseason2,0.3272539664849853,Dischma
D1d,D1d,D1d,2009,SWE_melt_NSE__KGE_meltseason2,0.409898423963556,Dischma
D1d,D1d,D1d,2009,SWE_melt_NSE__Qmean_meltseason2_APE,0.5152085813583687,Dischma
D1d,D1d,D1d,2009,melt_sum_APE__NSE_meltseason2,-0.24900803152159587,Dischma
D1d,D1d,D1d,2009,melt_sum_APE__KGE_meltseason2,-0.26917050259428216,Dischma
D1d,D1d,D1d,2009,melt_sum_APE__Qmean_meltseason2_APE,0.10568676418262526,Dischma
D1d,D1d,D1d,2009,SWE_NSE__NSE_meltseason2,-0.14185263284423355,Dischma
D1d,D1d,D1d,2009,SWE_NSE__KGE_meltseason2,-0.31563070784458136,Dischma
D1d,D1d,D1d,2009,SWE_NSE__Qmean_meltseason2_APE,0.16586766279590368,Dischma
D1d,D1d,D1d,2010,SWE_melt_NSE__NSE_meltseason2,-0.18516773442778048,Dischma
D1d,D1d,D1d,2010,SWE_melt_NSE__KGE_meltseason2,-0.3805624255097344,Dischma
D1d,D1d,D1d,2010,SWE_melt_NSE__Qmean_meltseason2_APE,0.2941153182859612,Dischma
D1d,D1d,D1d,2010,melt_sum_APE__NSE_meltseason2,-0.10077705757205543,Dischma
D1d,D1d,D1d,2010,melt_sum_APE__KGE_meltseason2,-0.15074591346788496,Dischma
D1d,D1d,D1d,2010,melt_sum_APE__Qmean_meltseason2_APE,0.43849094494857455,Dischma
D1d,D1d,D1d,2010,SWE_NSE__NSE_meltseason2,-0.1361382016928407,Dischma
D1d,D1d,D1d,2010,SWE_NSE__KGE_meltseason2,-0.45856193339223766,Dischma
D1d,D1d,D1d,2010,SWE_NSE__Qmean_meltseason2_APE,0.26865558349257285,Dischma
D1d,D1d,D1d,2011,SWE_melt_NSE__NSE_meltseason2,0.2350675769643914,Dischma
D1d,D1d,D1d,2011,SWE_melt_NSE__KGE_meltseason2,-0.15266982458572612,Dischma
D1d,D1d,D1d,2011,SWE_melt_NSE__Qmean_meltseason2_APE,0.31428270237114797,Dischma
D1d,D1d,D1d,2011,melt_sum_APE__NSE_meltseason2,-0.05640493893401344,Dischma
D1d,D1d,D1d,2011,melt_sum_APE__KGE_meltseason2,-0.28917579971110274,Dischma
D1d,D1d,D1d,2011,melt_sum_APE__Qmean_meltseason2_APE,0.16905543656703934,Dischma
D1d,D1d,D1d,2011,SWE_NSE__NSE_meltseason2,-0.04867032773126629,Dischma
D1d,D1d,D1d,2011,SWE_NSE__KGE_meltseason2,-0.3690193303609474,Dischma
D1d,D1d,D1d,2011,SWE_NSE__Qmean_meltseason2_APE,0.19497040848216318,Dischma
D1d,D1d,D1d,2012,SWE_melt_NSE__NSE_meltseason2,-0.0036477770151444504,Dischma
D1d,D1d,D1d,2012,SWE_melt_NSE__KGE_meltseason2,-0.03728571638405317,Dischma
D1d,D1d,D1d,2012,SWE_melt_NSE__Qmean_meltseason2_APE,0.6721975340289907,Dischma
D1d,D1d,D1d,2012,melt_sum_APE__NSE_meltseason2,-0.3051326914166824,Dischma
D1d,D1d,D1d,2012,melt_sum_APE__KGE_meltseason2,-0.06216436613085433,Dischma
D1d,D1d,D1d,2012,melt_sum_APE__Qmean_meltseason2_APE,-0.03481444967280782,Dischma
D1d,D1d,D1d,2012,SWE_NSE__NSE_meltseason2,-0.013356388144896203,Dischma
D1d,D1d,D1d,2012,SWE_NSE__KGE_meltseason2,-0.06544139680926489,Dischma
D1d,D1d,D1d,2012,SWE_NSE__Qmean_meltseason2_APE,0.3925477858879552,Dischma
D1d,D1d,D1d,2013,SWE_melt_NSE__NSE_meltseason2,0.019886495286196435,Dischma
D1d,D1d,D1d,2013,SWE_melt_NSE__KGE_meltseason2,-0.05301255311085731,Dischma
D1d,D1d,D1d,2013,SWE_melt_NSE__Qmean_meltseason2_APE,0.5876278282747366,Dischma
D1d,D1d,D1d,2013,melt_sum_APE__NSE_meltseason2,-0.5130592276095504,Dischma
D1d,D1d,D1d,2013,melt_sum_APE__KGE_meltseason2,-0.3870540275175574,Dischma
D1d,D1d,D1d,2013,melt_sum_APE__Qmean_meltseason2_APE,0.397320951242561,Dischma
D1d,D1d,D1d,2013,SWE_NSE__NSE_meltseason2,0.0639240629582265,Dischma
D1d,D1d,D1d,2013,SWE_NSE__KGE_meltseason2,0.21943102096534067,Dischma
D1d,D1d,D1d,2013,SWE_NSE__Qmean_meltseason2_APE,0.6440235568676109,Dischma
D1d,D1d,D1d,2014,SWE_melt_NSE__NSE_meltseason2,-0.08843291718200819,Dischma
D1d,D1d,D1d,2014,SWE_melt_NSE__KGE_meltseason2,-0.021630728742820817,Dischma
D1d,D1d,D1d,2014,SWE_melt_NSE__Qmean_meltseason2_APE,0.05527533489602147,Dischma
D1d,D1d,D1d,2014,melt_sum_APE__NSE_meltseason2,-0.15019221628089546,Dischma
D1d,D1d,D1d,2014,melt_sum_APE__KGE_meltseason2,-0.19625338418931615,Dischma
D1d,D1d,D1d,2014,melt_sum_APE__Qmean_meltseason2_APE,-0.10951729239716036,Dischma
D1d,D1d,D1d,2014,SWE_NSE__NSE_meltseason2,-0.07247556085959946,Dischma
D1d,D1d,D1d,2014,SWE_NSE__KGE_meltseason2,-0.1740446042039285,Dischma
D1d,D1d,D1d,2014,SWE_NSE__Qmean_meltseason2_APE,-0.00610952818373247,Dischma
D1d,D1d,D1d,2015,SWE_melt_NSE__NSE_meltseason2,-0.18380943680140735,Dischma
D1d,D1d,D1d,2015,SWE_melt_NSE__KGE_meltseason2,-0.28861378929950743,Dischma
D1d,D1d,D1d,2015,SWE_melt_NSE__Qmean_meltseason2_APE,0.419663729920031,Dischma
D1d,D1d,D1d,2015,melt_sum_APE__NSE_meltseason2,0.006772391874799581,Dischma
D1d,D1d,D1d,2015,melt_sum_APE__KGE_meltseason2,-0.005917686109860416,Dischma
D1d,D1d,D1d,2015,melt_sum_APE__Qmean_meltseason2_APE,0.5419751881366806,Dischma
D1d,D1d,D1d,2015,SWE_NSE__NSE_meltseason2,-0.1981706916343962,Dischma
D1d,D1d,D1d,2015,SWE_NSE__KGE_meltseason2,-0.2687311360033177,Dischma
D1d,D1d,D1d,2015,SWE_NSE__Qmean_meltseason2_APE,0.5358905232281719,Dischma
D1d,D1d,D1d,2016,SWE_melt_NSE__NSE_meltseason2,-0.3978909337543975,Dischma
D1d,D1d,D1d,2016,SWE_melt_NSE__KGE_meltseason2,-0.2772602972503895,Dischma
D1d,D1d,D1d,2016,SWE_melt_NSE__Qmean_meltseason2_APE,0.21727928965543003,Dischma
D1d,D1d,D1d,2016,melt_sum_APE__NSE_meltseason2,-0.10350827743495516,Dischma
D1d,D1d,D1d,2016,melt_sum_APE__KGE_meltseason2,-0.16410825540849958,Dischma
D1d,D1d,D1d,2016,melt_sum_APE__Qmean_meltseason2_APE,-0.08005158717301131,Dischma
D1d,D1d,D1d,2016,SWE_NSE__NSE_meltseason2,0.05926145439613246,Dischma
D1d,D1d,D1d,2016,SWE_NSE__KGE_meltseason2,-0.0494638229457653,Dischma
D1d,D1d,D1d,2016,SWE_NSE__Qmean_meltseason2_APE,0.2668119858746267,Dischma
D1d,D1d,D1d,2017,SWE_melt_NSE__NSE_meltseason2,0.058693994259023184,Dischma
D1d,D1d,D1d,2017,SWE_melt_NSE__KGE_meltseason2,-0.02457074268776049,Dischma
D1d,D1d,D1d,2017,SWE_melt_NSE__Qmean_meltseason2_APE,0.3431928413131174,Dischma
D1d,D1d,D1d,2017,melt_sum_APE__NSE_meltseason2,-0.15404762780920972,Dischma
D1d,D1d,D1d,2017,melt_sum_APE__KGE_meltseason2,0.004260546081797961,Dischma
D1d,D1d,D1d,2017,melt_sum_APE__Qmean_meltseason2_APE,0.053693185647077674,Dischma
D1d,D1d,D1d,2017,SWE_NSE__NSE_meltseason2,0.13685672031346147,Dischma
D1d,D1d,D1d,2017,SWE_NSE__KGE_meltseason2,-0.04682527331735842,Dischma
D1d,D1d,D1d,2017,SWE_NSE__Qmean_meltseason2_APE,0.32363846265246504,Dischma
D1d,D1d,D1d,2018,SWE_melt_NSE__NSE_meltseason2,-0.024213632001306197,Dischma
D1d,D1d,D1d,2018,SWE_melt_NSE__KGE_meltseason2,0.1798755892186648,Dischma
D1d,D1d,D1d,2018,SWE_melt_NSE__Qmean_meltseason2_APE,0.4877199714114533,Dischma
D1d,D1d,D1d,2018,melt_sum_APE__NSE_meltseason2,-0.2823566056848204,Dischma
D1d,D1d,D1d,2018,melt_sum_APE__KGE_meltseason2,-0.2384324326007155,Dischma
D1d,D1d,D1d,2018,melt_sum_APE__Qmean_meltseason2_APE,-0.08947700204132578,Dischma
D1d,D1d,D1d,2018,SWE_NSE__NSE_meltseason2,0.1490059517568726,Dischma
D1d,D1d,D1d,2018,SWE_NSE__KGE_meltseason2,-0.01872845479753077,Dischma
D1d,D1d,D1d,2018,SWE_NSE__Qmean_meltseason2_APE,0.297689143503772,Dischma
D1d,D1d,D1d,2019,SWE_melt_NSE__NSE_meltseason2,-0.04077453032323625,Dischma
D1d,D1d,D1d,2019,SWE_melt_NSE__KGE_meltseason2,0.09831425817595034,Dischma
D1d,D1d,D1d,2019,SWE_melt_NSE__Qmean_meltseason2_APE,0.4966316790334392,Dischma
D1d,D1d,D1d,2019,melt_sum_APE__NSE_meltseason2,-0.2122970437568754,Dischma
D1d,D1d,D1d,2019,melt_sum_APE__KGE_meltseason2,-0.23080401151753543,Dischma
D1d,D1d,D1d,2019,melt_sum_APE__Qmean_meltseason2_APE,-0.04404735934214923,Dischma
D1d,D1d,D1d,2019,SWE_NSE__NSE_meltseason2,0.2356462310432766,Dischma
D1d,D1d,D1d,2019,SWE_NSE__KGE_meltseason2,0.042520064330266984,Dischma
D1d,D1d,D1d,2019,SWE_NSE__Qmean_meltseason2_APE,0.358917147254484,Dischma
D1d,D1d,D1d,2020,SWE_melt_NSE__NSE_meltseason2,-0.1816427616558915,Dischma
D1d,D1d,D1d,2020,SWE_melt_NSE__KGE_meltseason2,-0.05980939523530346,Dischma
D1d,D1d,D1d,2020,SWE_melt_NSE__Qmean_meltseason2_APE,0.5552218963577065,Dischma
D1d,D1d,D1d,2020,melt_sum_APE__NSE_meltseason2,0.10935281595210593,Dischma
D1d,D1d,D1d,2020,melt_sum_APE__KGE_meltseason2,0.16244377231106294,Dischma
D1d,D1d,D1d,2020,melt_sum_APE__Qmean_meltseason2_APE,0.08514255499034738,Dischma
D1d,D1d,D1d,2020,SWE_NSE__NSE_meltseason2,-0.05966222676016606,Dischma
D1d,D1d,D1d,2020,SWE_NSE__KGE_meltseason2,-0.17253890008419773,Dischma
D1d,D1d,D1d,2020,SWE_NSE__Qmean_meltseason2_APE,0.20695998092213974,Dischma
D1d,D1d,D1d,2021,SWE_melt_NSE__NSE_meltseason2,0.02076430588414216,Dischma
D1d,D1d,D1d,2021,SWE_melt_NSE__KGE_meltseason2,0.4669291079336897,Dischma
D1d,D1d,D1d,2021,SWE_melt_NSE__Qmean_meltseason2_APE,0.6200447191465965,Dischma
D1d,D1d,D1d,2021,melt_sum_APE__NSE_meltseason2,-0.20347569436145035,Dischma
D1d,D1d,D1d,2021,melt_sum_APE__KGE_meltseason2,-0.12464425916181229,Dischma
D1d,D1d,D1d,2021,melt_sum_APE__Qmean_meltseason2_APE,-0.023580978843937863,Dischma
D1d,D1d,D1d,2021,SWE_NSE__NSE_meltseason2,0.11701728063718826,Dischma
D1d,D1d,D1d,2021,SWE_NSE__KGE_meltseason2,0.043918959877760184,Dischma
D1d,D1d,D1d,2021,SWE_NSE__Qmean_meltseason2_APE,0.3189126069915974,Dischma
D1d,D1d,D1d,2022,SWE_melt_NSE__NSE_meltseason2,-0.04573692135945598,Dischma
D1d,D1d,D1d,2022,SWE_melt_NSE__KGE_meltseason2,0.13459572084996135,Dischma
D1d,D1d,D1d,2022,SWE_melt_NSE__Qmean_meltseason2_APE,0.5626803723308701,Dischma
D1d,D1d,D1d,2022,melt_sum_APE__NSE_meltseason2,-0.12336442091800946,Dischma
D1d,D1d,D1d,2022,melt_sum_APE__KGE_meltseason2,-0.061310553394370894,Dischma
D1d,D1d,D1d,2022,melt_sum_APE__Qmean_meltseason2_APE,0.36836656872635154,Dischma
D1d,D1d,D1d,2022,SWE_NSE__NSE_meltseason2,-0.04942888667132649,Dischma
D1d,D1d,D1d,2022,SWE_NSE__KGE_meltseason2,-0.055648029549914456,Dischma
D1d,D1d,D1d,2022,SWE_NSE__Qmean_meltseason2_APE,0.553794157476428,Dischma
D2a,D2a,D2a,2001,SWE_melt_NSE__NSE_meltseason2,0.023326216166764845,Dischma
D2a,D2a,D2a,2001,SWE_melt_NSE__KGE_meltseason2,-0.27999473201849145,Dischma
D2a,D2a,D2a,2001,SWE_melt_NSE__Qmean_meltseason2_APE,0.3913443686826928,Dischma
D2a,D2a,D2a,2001,melt_sum_APE__NSE_meltseason2,-0.26721246505905927,Dischma
D2a,D2a,D2a,2001,melt_sum_APE__KGE_meltseason2,-0.8029862201644884,Dischma
D2a,D2a,D2a,2001,melt_sum_APE__Qmean_meltseason2_APE,0.07950141607469055,Dischma
D2a,D2a,D2a,2001,SWE_NSE__NSE_meltseason2,-0.07230343558194455,Dischma
D2a,D2a,D2a,2001,SWE_NSE__KGE_meltseason2,-0.8612036228246356,Dischma
D2a,D2a,D2a,2001,SWE_NSE__Qmean_meltseason2_APE,0.0895057248896046,Dischma
D2a,D2a,D2a,2002,SWE_melt_NSE__NSE_meltseason2,-0.23108751689606777,Dischma
D2a,D2a,D2a,2002,SWE_melt_NSE__KGE_meltseason2,-0.3711679196952888,Dischma
D2a,D2a,D2a,2002,SWE_melt_NSE__Qmean_meltseason2_APE,0.32350835692638324,Dischma
D2a,D2a,D2a,2002,melt_sum_APE__NSE_meltseason2,-0.5472858809264197,Dischma
D2a,D2a,D2a,2002,melt_sum_APE__KGE_meltseason2,-0.6774910481011058,Dischma
D2a,D2a,D2a,2002,melt_sum_APE__Qmean_meltseason2_APE,0.0012974710563235328,Dischma
D2a,D2a,D2a,2002,SWE_NSE__NSE_meltseason2,-0.33110568536003293,Dischma
D2a,D2a,D2a,2002,SWE_NSE__KGE_meltseason2,-0.5838032438963154,Dischma
D2a,D2a,D2a,2002,SWE_NSE__Qmean_meltseason2_APE,0.3000047793513029,Dischma
D2a,D2a,D2a,2003,SWE_melt_NSE__NSE_meltseason2,-0.6416519188479948,Dischma
D2a,D2a,D2a,2003,SWE_melt_NSE__KGE_meltseason2,-0.10088267946853757,Dischma
D2a,D2a,D2a,2003,SWE_melt_NSE__Qmean_meltseason2_APE,0.5519605784259423,Dischma
D2a,D2a,D2a,2003,melt_sum_APE__NSE_meltseason2,-0.06241638955548804,Dischma
D2a,D2a,D2a,2003,melt_sum_APE__KGE_meltseason2,-0.19958234536163974,Dischma
D2a,D2a,D2a,2003,melt_sum_APE__Qmean_meltseason2_APE,0.12399305704975812,Dischma
D2a,D2a,D2a,2003,SWE_NSE__NSE_meltseason2,-0.29980766719298935,Dischma
D2a,D2a,D2a,2003,SWE_NSE__KGE_meltseason2,-0.4365882416991952,Dischma
D2a,D2a,D2a,2003,SWE_NSE__Qmean_meltseason2_APE,-0.055289459441225604,Dischma
D2a,D2a,D2a,2004,SWE_melt_NSE__NSE_meltseason2,-0.12008723249189021,Dischma
D2a,D2a,D2a,2004,SWE_melt_NSE__KGE_meltseason2,-0.000751077695517843,Dischma
D2a,D2a,D2a,2004,SWE_melt_NSE__Qmean_meltseason2_APE,0.38888272254790873,Dischma
D2a,D2a,D2a,2004,melt_sum_APE__NSE_meltseason2,-0.4183814168139981,Dischma
D2a,D2a,D2a,2004,melt_sum_APE__KGE_meltseason2,-0.08866997975683547,Dischma
D2a,D2a,D2a,2004,melt_sum_APE__Qmean_meltseason2_APE,-0.050636056600517586,Dischma
D2a,D2a,D2a,2004,SWE_NSE__NSE_meltseason2,-0.19215613005995016,Dischma
D2a,D2a,D2a,2004,SWE_NSE__KGE_meltseason2,0.17460981635535816,Dischma
D2a,D2a,D2a,2004,SWE_NSE__Qmean_meltseason2_APE,0.49196637771176654,Dischma
D2a,D2a,D2a,2005,SWE_melt_NSE__NSE_meltseason2,0.022178097065147763,Dischma
D2a,D2a,D2a,2005,SWE_melt_NSE__KGE_meltseason2,0.08614812350296569,Dischma
D2a,D2a,D2a,2005,SWE_melt_NSE__Qmean_meltseason2_APE,0.8009540567266624,Dischma
D2a,D2a,D2a,2005,melt_sum_APE__NSE_meltseason2,-0.1182628816198199,Dischma
D2a,D2a,D2a,2005,melt_sum_APE__KGE_meltseason2,-0.31302254166547067,Dischma
D2a,D2a,D2a,2005,melt_sum_APE__Qmean_meltseason2_APE,0.05442744389054077,Dischma
D2a,D2a,D2a,2005,SWE_NSE__NSE_meltseason2,0.12949881158165483,Dischma
D2a,D2a,D2a,2005,SWE_NSE__KGE_meltseason2,-0.2918384344811718,Dischma
D2a,D2a,D2a,2005,SWE_NSE__Qmean_meltseason2_APE,0.3574705224006394,Dischma
D2a,D2a,D2a,2006,SWE_melt_NSE__NSE_meltseason2,0.1884450894131103,Dischma
D2a,D2a,D2a,2006,SWE_melt_NSE__KGE_meltseason2,-0.14453246578603002,Dischma
D2a,D2a,D2a,2006,SWE_melt_NSE__Qmean_meltseason2_APE,0.3698369742018664,Dischma
D2a,D2a,D2a,2006,melt_sum_APE__NSE_meltseason2,-0.5769823418625994,Dischma
D2a,D2a,D2a,2006,melt_sum_APE__KGE_meltseason2,-0.26029832663760505,Dischma
D2a,D2a,D2a,2006,melt_sum_APE__Qmean_meltseason2_APE,-0.1410019103134322,Dischma
D2a,D2a,D2a,2006,SWE_NSE__NSE_meltseason2,0.14519791553993572,Dischma
D2a,D2a,D2a,2006,SWE_NSE__KGE_meltseason2,-0.14816608368520157,Dischma
D2a,D2a,D2a,2006,SWE_NSE__Qmean_meltseason2_APE,0.10341146418454121,Dischma
D2a,D2a,D2a,2007,SWE_melt_NSE__NSE_meltseason2,0.27498308929790216,Dischma
D2a,D2a,D2a,2007,SWE_melt_NSE__KGE_meltseason2,0.014000446258140746,Dischma
D2a,D2a,D2a,2007,SWE_melt_NSE__Qmean_meltseason2_APE,0.4962220637152138,Dischma
D2a,D2a,D2a,2007,melt_sum_APE__NSE_meltseason2,-0.33383486157153647,Dischma
D2a,D2a,D2a,2007,melt_sum_APE__KGE_meltseason2,-0.21061277197374362,Dischma
D2a,D2a,D2a,2007,melt_sum_APE__Qmean_meltseason2_APE,-0.03408805931899227,Dischma
D2a,D2a,D2a,2007,SWE_NSE__NSE_meltseason2,0.02042547153212256,Dischma
D2a,D2a,D2a,2007,SWE_NSE__KGE_meltseason2,-0.33021297562977847,Dischma
D2a,D2a,D2a,2007,SWE_NSE__Qmean_meltseason2_APE,0.12762201223597064,Dischma
D2a,D2a,D2a,2008,SWE_melt_NSE__NSE_meltseason2,0.11686568519197356,Dischma
D2a,D2a,D2a,2008,SWE_melt_NSE__KGE_meltseason2,0.13466214511072575,Dischma
D2a,D2a,D2a,2008,SWE_melt_NSE__Qmean_meltseason2_APE,0.7820010977163209,Dischma
D2a,D2a,D2a,2008,melt_sum_APE__NSE_meltseason2,-0.39995550218791553,Dischma
D2a,D2a,D2a,2008,melt_sum_APE__KGE_meltseason2,-0.5482456717089754,Dischma
D2a,D2a,D2a,2008,melt_sum_APE__Qmean_meltseason2_APE,-0.005391646311491641,Dischma
D2a,D2a,D2a,2008,SWE_NSE__NSE_meltseason2,-0.09777035148622776,Dischma
D2a,D2a,D2a,2008,SWE_NSE__KGE_meltseason2,-0.45796089807406803,Dischma
D2a,D2a,D2a,2008,SWE_NSE__Qmean_meltseason2_APE,0.3767908150725076,Dischma
D2a,D2a,D2a,2009,SWE_melt_NSE__NSE_meltseason2,0.1998762399085539,Dischma
D2a,D2a,D2a,2009,SWE_melt_NSE__KGE_meltseason2,0.27223121196347394,Dischma
D2a,D2a,D2a,2009,SWE_melt_NSE__Qmean_meltseason2_APE,0.7521795709907475,Dischma
D2a,D2a,D2a,2009,melt_sum_APE__NSE_meltseason2,-0.37095537753007957,Dischma
D2a,D2a,D2a,2009,melt_sum_APE__KGE_meltseason2,-0.30351565332012304,Dischma
D2a,D2a,D2a,2009,melt_sum_APE__Qmean_meltseason2_APE,0.22657763550977525,Dischma
D2a,D2a,D2a,2009,SWE_NSE__NSE_meltseason2,0.20595087390714717,Dischma
D2a,D2a,D2a,2009,SWE_NSE__KGE_meltseason2,0.05611564566134728,Dischma
D2a,D2a,D2a,2009,SWE_NSE__Qmean_meltseason2_APE,0.4061556212467531,Dischma
D2a,D2a,D2a,2010,SWE_melt_NSE__NSE_meltseason2,-0.05574103182934323,Dischma
D2a,D2a,D2a,2010,SWE_melt_NSE__KGE_meltseason2,-0.1920776313782821,Dischma
D2a,D2a,D2a,2010,SWE_melt_NSE__Qmean_meltseason2_APE,0.6059289799080966,Dischma
D2a,D2a,D2a,2010,melt_sum_APE__NSE_meltseason2,-0.30830766919736485,Dischma
D2a,D2a,D2a,2010,melt_sum_APE__KGE_meltseason2,-0.2396988199503818,Dischma
D2a,D2a,D2a,2010,melt_sum_APE__Qmean_meltseason2_APE,-0.08125949551895476,Dischma
D2a,D2a,D2a,2010,SWE_NSE__NSE_meltseason2,-0.06430360290252624,Dischma
D2a,D2a,D2a,2010,SWE_NSE__KGE_meltseason2,-0.19283666836523344,Dischma
D2a,D2a,D2a,2010,SWE_NSE__Qmean_meltseason2_APE,0.1486375056344238,Dischma
D2a,D2a,D2a,2011,SWE_melt_NSE__NSE_meltseason2,-0.5331367777311342,Dischma
D2a,D2a,D2a,2011,SWE_melt_NSE__KGE_meltseason2,-0.3561438102252751,Dischma
D2a,D2a,D2a,2011,SWE_melt_NSE__Qmean_meltseason2_APE,0.4527441927516429,Dischma
D2a,D2a,D2a,2011,melt_sum_APE__NSE_meltseason2,-0.2705168270886182,Dischma
D2a,D2a,D2a,2011,melt_sum_APE__KGE_meltseason2,-0.2921607904409357,Dischma
D2a,D2a,D2a,2011,melt_sum_APE__Qmean_meltseason2_APE,0.26606792788053063,Dischma
D2a,D2a,D2a,2011,SWE_NSE__NSE_meltseason2,-0.16491681359992247,Dischma
D2a,D2a,D2a,2011,SWE_NSE__KGE_meltseason2,-0.4570597189540388,Dischma
D2a,D2a,D2a,2011,SWE_NSE__Qmean_meltseason2_APE,0.30014876525188106,Dischma
D2a,D2a,D2a,2012,SWE_melt_NSE__NSE_meltseason2,-0.2704119500434143,Dischma
D2a,D2a,D2a,2012,SWE_melt_NSE__KGE_meltseason2,-0.11998439189114957,Dischma
D2a,D2a,D2a,2012,SWE_melt_NSE__Qmean_meltseason2_APE,0.7774666285348786,Dischma
D2a,D2a,D2a,2012,melt_sum_APE__NSE_meltseason2,-0.2512558578783034,Dischma
D2a,D2a,D2a,2012,melt_sum_APE__KGE_meltseason2,0.05293165581669456,Dischma
D2a,D2a,D2a,2012,melt_sum_APE__Qmean_meltseason2_APE,0.20305167541567723,Dischma
D2a,D2a,D2a,2012,SWE_NSE__NSE_meltseason2,-0.25386911630235626,Dischma
D2a,D2a,D2a,2012,SWE_NSE__KGE_meltseason2,-0.40525647848625834,Dischma
D2a,D2a,D2a,2012,SWE_NSE__Qmean_meltseason2_APE,0.19761899738483454,Dischma
D2a,D2a,D2a,2013,SWE_melt_NSE__NSE_meltseason2,0.008416701384761837,Dischma
D2a,D2a,D2a,2013,SWE_melt_NSE__KGE_meltseason2,-0.11083734962414818,Dischma
D2a,D2a,D2a,2013,SWE_melt_NSE__Qmean_meltseason2_APE,0.30164149091150155,Dischma
D2a,D2a,D2a,2013,melt_sum_APE__NSE_meltseason2,-0.34512110862849105,Dischma
D2a,D2a,D2a,2013,melt_sum_APE__KGE_meltseason2,-0.3221619632650755,Dischma
D2a,D2a,D2a,2013,melt_sum_APE__Qmean_meltseason2_APE,-0.10527796256535175,Dischma
D2a,D2a,D2a,2013,SWE_NSE__NSE_meltseason2,0.19211921861786074,Dischma
D2a,D2a,D2a,2013,SWE_NSE__KGE_meltseason2,-0.059518547956380286,Dischma
D2a,D2a,D2a,2013,SWE_NSE__Qmean_meltseason2_APE,0.2474634489282507,Dischma
D2a,D2a,D2a,2014,SWE_melt_NSE__NSE_meltseason2,-0.5060684534643011,Dischma
D2a,D2a,D2a,2014,SWE_melt_NSE__KGE_meltseason2,-0.001771482345475809,Dischma
D2a,D2a,D2a,2014,SWE_melt_NSE__Qmean_meltseason2_APE,0.44379563532477107,Dischma
D2a,D2a,D2a,2014,melt_sum_APE__NSE_meltseason2,-0.015427649196545243,Dischma
D2a,D2a,D2a,2014,melt_sum_APE__KGE_meltseason2,-0.31810435811177595,Dischma
D2a,D2a,D2a,2014,melt_sum_APE__Qmean_meltseason2_APE,0.18569129010184623,Dischma
D2a,D2a,D2a,2014,SWE_NSE__NSE_meltseason2,0.10504492710566057,Dischma
D2a,D2a,D2a,2014,SWE_NSE__KGE_meltseason2,-0.215904625349237,Dischma
D2a,D2a,D2a,2014,SWE_NSE__Qmean_meltseason2_APE,0.3761517279293614,Dischma
D2a,D2a,D2a,2015,SWE_melt_NSE__NSE_meltseason2,-0.05848289889108661,Dischma
D2a,D2a,D2a,2015,SWE_melt_NSE__KGE_meltseason2,0.16407273619699658,Dischma
D2a,D2a,D2a,2015,SWE_melt_NSE__Qmean_meltseason2_APE,0.5742197936864251,Dischma
D2a,D2a,D2a,2015,melt_sum_APE__NSE_meltseason2,-0.5184670889342492,Dischma
D2a,D2a,D2a,2015,melt_sum_APE__KGE_meltseason2,-0.8402486974909277,Dischma
D2a,D2a,D2a,2015,melt_sum_APE__Qmean_meltseason2_APE,-0.06555472373523386,Dischma
D2a,D2a,D2a,2015,SWE_NSE__NSE_meltseason2,-0.12531989345336597,Dischma
D2a,D2a,D2a,2015,SWE_NSE__KGE_meltseason2,0.016239608161398005,Dischma
D2a,D2a,D2a,2015,SWE_NSE__Qmean_meltseason2_APE,0.26478649760551837,Dischma
D2a,D2a,D2a,2016,SWE_melt_NSE__NSE_meltseason2,-0.49780829035035284,Dischma
D2a,D2a,D2a,2016,SWE_melt_NSE__KGE_meltseason2,-0.4643969061878701,Dischma
D2a,D2a,D2a,2016,SWE_melt_NSE__Qmean_meltseason2_APE,0.06283748399428606,Dischma
D2a,D2a,D2a,2016,melt_sum_APE__NSE_meltseason2,-0.45340474063347763,Dischma
D2a,D2a,D2a,2016,melt_sum_APE__KGE_meltseason2,-0.8312223075113898,Dischma
D2a,D2a,D2a,2016,melt_sum_APE__Qmean_meltseason2_APE,-0.1366258226890117,Dischma
D2a,D2a,D2a,2016,SWE_NSE__NSE_meltseason2,-0.008139843975231337,Dischma
D2a,D2a,D2a,2016,SWE_NSE__KGE_meltseason2,-0.4721408957837019,Dischma
D2a,D2a,D2a,2016,SWE_NSE__Qmean_meltseason2_APE,0.18539641020475206,Dischma
D2a,D2a,D2a,2017,SWE_melt_NSE__NSE_meltseason2,-0.0032847193523357215,Dischma
D2a,D2a,D2a,2017,SWE_melt_NSE__KGE_meltseason2,-0.014469351914780704,Dischma
D2a,D2a,D2a,2017,SWE_melt_NSE__Qmean_meltseason2_APE,0.06912536815543635,Dischma
D2a,D2a,D2a,2017,melt_sum_APE__NSE_meltseason2,-0.44041373051031685,Dischma
D2a,D2a,D2a,2017,melt_sum_APE__KGE_meltseason2,-0.0664334319718194,Dischma
D2a,D2a,D2a,2017,melt_sum_APE__Qmean_meltseason2_APE,-0.09907628967793909,Dischma
D2a,D2a,D2a,2017,SWE_NSE__NSE_meltseason2,-0.3747635022955168,Dischma
D2a,D2a,D2a,2017,SWE_NSE__KGE_meltseason2,-0.21158631394291794,Dischma
D2a,D2a,D2a,2017,SWE_NSE__Qmean_meltseason2_APE,-0.2228080518428774,Dischma
D2a,D2a,D2a,2018,SWE_melt_NSE__NSE_meltseason2,-0.0006345700744000277,Dischma
D2a,D2a,D2a,2018,SWE_melt_NSE__KGE_meltseason2,0.035819435343292336,Dischma
D2a,D2a,D2a,2018,SWE_melt_NSE__Qmean_meltseason2_APE,0.6956286200840571,Dischma
D2a,D2a,D2a,2018,melt_sum_APE__NSE_meltseason2,-0.6839783275678497,Dischma
D2a,D2a,D2a,2018,melt_sum_APE__KGE_meltseason2,-0.24301788043753164,Dischma
D2a,D2a,D2a,2018,melt_sum_APE__Qmean_meltseason2_APE,0.07210580048041956,Dischma
D2a,D2a,D2a,2018,SWE_NSE__NSE_meltseason2,-0.19378925679599884,Dischma
D2a,D2a,D2a,2018,SWE_NSE__KGE_meltseason2,-0.19355865794604682,Dischma
D2a,D2a,D2a,2018,SWE_NSE__Qmean_meltseason2_APE,0.2530737612570037,Dischma
D2a,D2a,D2a,2019,SWE_melt_NSE__NSE_meltseason2,-0.5035660826481871,Dischma
D2a,D2a,D2a,2019,SWE_melt_NSE__KGE_meltseason2,-0.09938655007764194,Dischma
D2a,D2a,D2a,2019,SWE_melt_NSE__Qmean_meltseason2_APE,0.16118359005251892,Dischma
D2a,D2a,D2a,2019,melt_sum_APE__NSE_meltseason2,-0.47130080090132476,Dischma
D2a,D2a,D2a,2019,melt_sum_APE__KGE_meltseason2,-0.26594471195376046,Dischma
D2a,D2a,D2a,2019,melt_sum_APE__Qmean_meltseason2_APE,-0.23437169061348828,Dischma
D2a,D2a,D2a,2019,SWE_NSE__NSE_meltseason2,-0.30359872377889413,Dischma
D2a,D2a,D2a,2019,SWE_NSE__KGE_meltseason2,-0.03531865589349417,Dischma
D2a,D2a,D2a,2019,SWE_NSE__Qmean_meltseason2_APE,-0.06963631016681401,Dischma
D2a,D2a,D2a,2020,SWE_melt_NSE__NSE_meltseason2,-0.35778945654353916,Dischma
D2a,D2a,D2a,2020,SWE_melt_NSE__KGE_meltseason2,-0.6140139876194947,Dischma
D2a,D2a,D2a,2020,SWE_melt_NSE__Qmean_meltseason2_APE,0.57677079439708,Dischma
D2a,D2a,D2a,2020,melt_sum_APE__NSE_meltseason2,-0.42509461074446164,Dischma
D2a,D2a,D2a,2020,melt_sum_APE__KGE_meltseason2,-0.45947532143907843,Dischma
D2a,D2a,D2a,2020,melt_sum_APE__Qmean_meltseason2_APE,-0.053774099657630046,Dischma
D2a,D2a,D2a,2020,SWE_NSE__NSE_meltseason2,-0.062427223473200684,Dischma
D2a,D2a,D2a,2020,SWE_NSE__KGE_meltseason2,-0.5120351523999793,Dischma
D2a,D2a,D2a,2020,SWE_NSE__Qmean_meltseason2_APE,0.4919107097500601,Dischma
D2a,D2a,D2a,2021,SWE_melt_NSE__NSE_meltseason2,0.14579519898618884,Dischma
D2a,D2a,D2a,2021,SWE_melt_NSE__KGE_meltseason2,0.1562343256818712,Dischma
D2a,D2a,D2a,2021,SWE_melt_NSE__Qmean_meltseason2_APE,0.4325593013788331,Dischma
D2a,D2a,D2a,2021,melt_sum_APE__NSE_meltseason2,-0.281631624711124,Dischma
D2a,D2a,D2a,2021,melt_sum_APE__KGE_meltseason2,-0.08974345470935227,Dischma
D2a,D2a,D2a,2021,melt_sum_APE__Qmean_meltseason2_APE,-0.11901823094499303,Dischma
D2a,D2a,D2a,2021,SWE_NSE__NSE_meltseason2,0.11213118953994468,Dischma
D2a,D2a,D2a,2021,SWE_NSE__KGE_meltseason2,0.1974900098958045,Dischma
D2a,D2a,D2a,2021,SWE_NSE__Qmean_meltseason2_APE,0.12574792117975597,Dischma
D2a,D2a,D2a,2022,SWE_melt_NSE__NSE_meltseason2,0.1586977460190585,Dischma
D2a,D2a,D2a,2022,SWE_melt_NSE__KGE_meltseason2,0.17332558060282657,Dischma
D2a,D2a,D2a,2022,SWE_melt_NSE__Qmean_meltseason2_APE,0.7823615244865076,Dischma
D2a,D2a,D2a,2022,melt_sum_APE__NSE_meltseason2,-0.33381076167181767,Dischma
D2a,D2a,D2a,2022,melt_sum_APE__KGE_meltseason2,0.06339688264092153,Dischma
D2a,D2a,D2a,2022,melt_sum_APE__Qmean_meltseason2_APE,-0.03599425886403202,Dischma
D2a,D2a,D2a,2022,SWE_NSE__NSE_meltseason2,-0.06430050066500786,Dischma
D2a,D2a,D2a,2022,SWE_NSE__KGE_meltseason2,0.1859861650561494,Dischma
D2a,D2a,D2a,2022,SWE_NSE__Qmean_meltseason2_APE,0.3331420702193992,Dischma
D2b,D2b,D2b,2001,SWE_melt_NSE__NSE_meltseason2,-0.13109153523570094,Dischma
D2b,D2b,D2b,2001,SWE_melt_NSE__KGE_meltseason2,-0.3041516254637872,Dischma
D2b,D2b,D2b,2001,SWE_melt_NSE__Qmean_meltseason2_APE,0.48678389155483903,Dischma
D2b,D2b,D2b,2001,melt_sum_APE__NSE_meltseason2,-0.48121764828104047,Dischma
D2b,D2b,D2b,2001,melt_sum_APE__KGE_meltseason2,-0.5326139294579532,Dischma
D2b,D2b,D2b,2001,melt_sum_APE__Qmean_meltseason2_APE,0.007418358558506652,Dischma
D2b,D2b,D2b,2001,SWE_NSE__NSE_meltseason2,-0.16267776821686872,Dischma
D2b,D2b,D2b,2001,SWE_NSE__KGE_meltseason2,-0.5075754467049386,Dischma
D2b,D2b,D2b,2001,SWE_NSE__Qmean_meltseason2_APE,0.2168200945599763,Dischma
D2b,D2b,D2b,2002,SWE_melt_NSE__NSE_meltseason2,-0.42429388314894234,Dischma
D2b,D2b,D2b,2002,SWE_melt_NSE__KGE_meltseason2,-0.4301666383313827,Dischma
D2b,D2b,D2b,2002,SWE_melt_NSE__Qmean_meltseason2_APE,0.09419737819548979,Dischma
D2b,D2b,D2b,2002,melt_sum_APE__NSE_meltseason2,-0.2775081529416131,Dischma
D2b,D2b,D2b,2002,melt_sum_APE__KGE_meltseason2,-0.33718964183535305,Dischma
D2b,D2b,D2b,2002,melt_sum_APE__Qmean_meltseason2_APE,0.2617002241349268,Dischma
D2b,D2b,D2b,2002,SWE_NSE__NSE_meltseason2,0.1358431404376862,Dischma
D2b,D2b,D2b,2002,SWE_NSE__KGE_meltseason2,-0.27269169015180866,Dischma
D2b,D2b,D2b,2002,SWE_NSE__Qmean_meltseason2_APE,0.12247094989017168,Dischma
D2b,D2b,D2b,2003,SWE_melt_NSE__NSE_meltseason2,-0.3025006798979414,Dischma
D2b,D2b,D2b,2003,SWE_melt_NSE__KGE_meltseason2,-0.011767230525546128,Dischma
D2b,D2b,D2b,2003,SWE_melt_NSE__Qmean_meltseason2_APE,0.7475493987992388,Dischma
D2b,D2b,D2b,2003,melt_sum_APE__NSE_meltseason2,-0.32944968221990517,Dischma
D2b,D2b,D2b,2003,melt_sum_APE__KGE_meltseason2,-0.20620123305758228,Dischma
D2b,D2b,D2b,2003,melt_sum_APE__Qmean_meltseason2_APE,0.05556144898976678,Dischma
D2b,D2b,D2b,2003,SWE_NSE__NSE_meltseason2,-0.13716193619278352,Dischma
D2b,D2b,D2b,2003,SWE_NSE__KGE_meltseason2,0.016018083983019113,Dischma
D2b,D2b,D2b,2003,SWE_NSE__Qmean_meltseason2_APE,0.23571892325033383,Dischma
D2b,D2b,D2b,2004,SWE_melt_NSE__NSE_meltseason2,-0.3038439369750845,Dischma
D2b,D2b,D2b,2004,SWE_melt_NSE__KGE_meltseason2,0.26010899262088627,Dischma
D2b,D2b,D2b,2004,SWE_melt_NSE__Qmean_meltseason2_APE,0.6401763278877397,Dischma
D2b,D2b,D2b,2004,melt_sum_APE__NSE_meltseason2,-0.4500727796185393,Dischma
D2b,D2b,D2b,2004,melt_sum_APE__KGE_meltseason2,-0.10078708652807555,Dischma
D2b,D2b,D2b,2004,melt_sum_APE__Qmean_meltseason2_APE,-0.003505943501535482,Dischma
D2b,D2b,D2b,2004,SWE_NSE__NSE_meltseason2,0.24433184885631046,Dischma
D2b,D2b,D2b,2004,SWE_NSE__KGE_meltseason2,0.21001476815229997,Dischma
D2b,D2b,D2b,2004,SWE_NSE__Qmean_meltseason2_APE,0.3347136014043652,Dischma
D2b,D2b,D2b,2005,SWE_melt_NSE__NSE_meltseason2,-0.19002151831615416,Dischma
D2b,D2b,D2b,2005,SWE_melt_NSE__KGE_meltseason2,-0.13332028039596316,Dischma
D2b,D2b,D2b,2005,SWE_melt_NSE__Qmean_meltseason2_APE,0.5972195620515397,Dischma
D2b,D2b,D2b,2005,melt_sum_APE__NSE_meltseason2,-0.6277830597086911,Dischma
D2b,D2b,D2b,2005,melt_sum_APE__KGE_meltseason2,-0.1288977331822576,Dischma
D2b,D2b,D2b,2005,melt_sum_APE__Qmean_meltseason2_APE,0.14259593154687866,Dischma
D2b,D2b,D2b,2005,SWE_NSE__NSE_meltseason2,-0.15392907166304615,Dischma
D2b,D2b,D2b,2005,SWE_NSE__KGE_meltseason2,-0.027685091164878363,Dischma
D2b,D2b,D2b,2005,SWE_NSE__Qmean_meltseason2_APE,0.4574325368059836,Dischma
D2b,D2b,D2b,2006,SWE_melt_NSE__NSE_meltseason2,0.43163142625832834,Dischma
D2b,D2b,D2b,2006,SWE_melt_NSE__KGE_meltseason2,-0.13987628200581484,Dischma
D2b,D2b,D2b,2006,SWE_melt_NSE__Qmean_meltseason2_APE,0.737218321685621,Dischma
D2b,D2b,D2b,2006,melt_sum_APE__NSE_meltseason2,-0.7355669561110603,Dischma
D2b,D2b,D2b,2006,melt_sum_APE__KGE_meltseason2,-0.5356447474454167,Dischma
D2b,D2b,D2b,2006,melt_sum_APE__Qmean_meltseason2_APE,-0.17320192912380752,Dischma
D2b,D2b,D2b,2006,SWE_NSE__NSE_meltseason2,-0.2346751067296705,Dischma
D2b,D2b,D2b,2006,SWE_NSE__KGE_meltseason2,-0.46179398209438965,Dischma
D2b,D2b,D2b,2006,SWE_NSE__Qmean_meltseason2_APE,0.17980680895106763,Dischma
D2b,D2b,D2b,2007,SWE_melt_NSE__NSE_meltseason2,0.2156584564992949,Dischma
D2b,D2b,D2b,2007,SWE_melt_NSE__KGE_meltseason2,-0.27431568769706743,Dischma
D2b,D2b,D2b,2007,SWE_melt_NSE__Qmean_meltseason2_APE,0.26905741245764475,Dischma
D2b,D2b,D2b,2007,melt_sum_APE__NSE_meltseason2,0.10358285669262934,Dischma
D2b,D2b,D2b,2007,melt_sum_APE__KGE_meltseason2,-0.043242970945892134,Dischma
D2b,D2b,D2b,2007,melt_sum_APE__Qmean_meltseason2_APE,0.4072918829022213,Dischma
D2b,D2b,D2b,2007,SWE_NSE__NSE_meltseason2,0.06631679155009113,Dischma
D2b,D2b,D2b,2007,SWE_NSE__KGE_meltseason2,-0.20612642114290816,Dischma
D2b,D2b,D2b,2007,SWE_NSE__Qmean_meltseason2_APE,0.18619668209696874,Dischma
D2b,D2b,D2b,2008,SWE_melt_NSE__NSE_meltseason2,-0.08879928881315345,Dischma
D2b,D2b,D2b,2008,SWE_melt_NSE__KGE_meltseason2,-0.24007756861440874,Dischma
D2b,D2b,D2b,2008,SWE_melt_NSE__Qmean_meltseason2_APE,0.49125862476659654,Dischma
D2b,D2b,D2b,2008,melt_sum_APE__NSE_meltseason2,-0.6501368258255783,Dischma
D2b,D2b,D2b,2008,melt_sum_APE__KGE_meltseason2,-0.6970945588857226,Dischma
D2b,D2b,D2b,2008,melt_sum_APE__Qmean_meltseason2_APE,-0.02019489731888143,Dischma
D2b,D2b,D2b,2008,SWE_NSE__NSE_meltseason2,-0.07730572616744891,Dischma
D2b,D2b,D2b,2008,SWE_NSE__KGE_meltseason2,-0.48143579969843864,Dischma
D2b,D2b,D2b,2008,SWE_NSE__Qmean_meltseason2_APE,0.1334753831033103,Dischma
D2b,D2b,D2b,2009,SWE_melt_NSE__NSE_meltseason2,0.19483346674408725,Dischma
D2b,D2b,D2b,2009,SWE_melt_NSE__KGE_meltseason2,-0.3212268135615593,Dischma
D2b,D2b,D2b,2009,SWE_melt_NSE__Qmean_meltseason2_APE,0.19753951813602405,Dischma
D2b,D2b,D2b,2009,melt_sum_APE__NSE_meltseason2,-0.36467699363546807,Dischma
D2b,D2b,D2b,2009,melt_sum_APE__KGE_meltseason2,-0.14197400095625942,Dischma
D2b,D2b,D2b,2009,melt_sum_APE__Qmean_meltseason2_APE,0.07011559768644256,Dischma
D2b,D2b,D2b,2009,SWE_NSE__NSE_meltseason2,-0.04864916270771656,Dischma
D2b,D2b,D2b,2009,SWE_NSE__KGE_meltseason2,-0.27017772025693837,Dischma
D2b,D2b,D2b,2009,SWE_NSE__Qmean_meltseason2_APE,0.07474814969402238,Dischma
D2b,D2b,D2b,2010,SWE_melt_NSE__NSE_meltseason2,-0.19659324446912047,Dischma
D2b,D2b,D2b,2010,SWE_melt_NSE__KGE_meltseason2,-0.0883247766053189,Dischma
D2b,D2b,D2b,2010,SWE_melt_NSE__Qmean_meltseason2_APE,0.5765859539501684,Dischma
D2b,D2b,D2b,2010,melt_sum_APE__NSE_meltseason2,-0.3076698359695133,Dischma
D2b,D2b,D2b,2010,melt_sum_APE__KGE_meltseason2,-0.013922376232369487,Dischma
D2b,D2b,D2b,2010,melt_sum_APE__Qmean_meltseason2_APE,-0.08118966567924459,Dischma
D2b,D2b,D2b,2010,SWE_NSE__NSE_meltseason2,-0.3013566624227107,Dischma
D2b,D2b,D2b,2010,SWE_NSE__KGE_meltseason2,-0.3018091092793066,Dischma
D2b,D2b,D2b,2010,SWE_NSE__Qmean_meltseason2_APE,0.026902457646812056,Dischma
D2b,D2b,D2b,2011,SWE_melt_NSE__NSE_meltseason2,-0.012956486191811622,Dischma
D2b,D2b,D2b,2011,SWE_melt_NSE__KGE_meltseason2,-0.0442599770803273,Dischma
D2b,D2b,D2b,2011,SWE_melt_NSE__Qmean_meltseason2_APE,0.4827754346621972,Dischma
D2b,D2b,D2b,2011,melt_sum_APE__NSE_meltseason2,-0.34658437521200886,Dischma
D2b,D2b,D2b,2011,melt_sum_APE__KGE_meltseason2,-0.4615166058115925,Dischma
D2b,D2b,D2b,2011,melt_sum_APE__Qmean_meltseason2_APE,0.0887148633352488,Dischma
D2b,D2b,D2b,2011,SWE_NSE__NSE_meltseason2,-0.15996061522396954,Dischma
D2b,D2b,D2b,2011,SWE_NSE__KGE_meltseason2,-0.24143310408507038,Dischma
D2b,D2b,D2b,2011,SWE_NSE__Qmean_meltseason2_APE,0.32881954121981105,Dischma
D2b,D2b,D2b,2012,SWE_melt_NSE__NSE_meltseason2,-0.05930120632754193,Dischma
D2b,D2b,D2b,2012,SWE_melt_NSE__KGE_meltseason2,-0.08274043100793638,Dischma
D2b,D2b,D2b,2012,SWE_melt_NSE__Qmean_meltseason2_APE,0.3485723152556066,Dischma
D2b,D2b,D2b,2012,melt_sum_APE__NSE_meltseason2,-0.2780859216075237,Dischma
D2b,D2b,D2b,2012,melt_sum_APE__KGE_meltseason2,-0.3011809290209537,Dischma
D2b,D2b,D2b,2012,melt_sum_APE__Qmean_meltseason2_APE,-0.06338153033921737,Dischma
D2b,D2b,D2b,2012,SWE_NSE__NSE_meltseason2,-0.01156475163292222,Dischma
D2b,D2b,D2b,2012,SWE_NSE__KGE_meltseason2,-0.36901783735380556,Dischma
D2b,D2b,D2b,2012,SWE_NSE__Qmean_meltseason2_APE,-0.08878791022968015,Dischma
D2b,D2b,D2b,2013,SWE_melt_NSE__NSE_meltseason2,-0.1293546188594455,Dischma
D2b,D2b,D2b,2013,SWE_melt_NSE__KGE_meltseason2,0.04083574537342354,Dischma
D2b,D2b,D2b,2013,SWE_melt_NSE__Qmean_meltseason2_APE,0.4534018434543282,Dischma
D2b,D2b,D2b,2013,melt_sum_APE__NSE_meltseason2,-0.5436426014566522,Dischma
D2b,D2b,D2b,2013,melt_sum_APE__KGE_meltseason2,-0.05487337033800543,Dischma
D2b,D2b,D2b,2013,melt_sum_APE__Qmean_meltseason2_APE,0.13441092869455304,Dischma
D2b,D2b,D2b,2013,SWE_NSE__NSE_meltseason2,-0.08172439743445381,Dischma
D2b,D2b,D2b,2013,SWE_NSE__KGE_meltseason2,-0.024770167169215093,Dischma
D2b,D2b,D2b,2013,SWE_NSE__Qmean_meltseason2_APE,0.3410495183970233,Dischma
D2b,D2b,D2b,2014,SWE_melt_NSE__NSE_meltseason2,0.322984627370238,Dischma
D2b,D2b,D2b,2014,SWE_melt_NSE__KGE_meltseason2,0.1149589696633017,Dischma
D2b,D2b,D2b,2014,SWE_melt_NSE__Qmean_meltseason2_APE,0.6107109217544158,Dischma
D2b,D2b,D2b,2014,melt_sum_APE__NSE_meltseason2,-0.20366897935292497,Dischma
D2b,D2b,D2b,2014,melt_sum_APE__KGE_meltseason2,-0.3569436941981912,Dischma
D2b,D2b,D2b,2014,melt_sum_APE__Qmean_meltseason2_APE,-0.15097589864132205,Dischma
D2b,D2b,D2b,2014,SWE_NSE__NSE_meltseason2,0.1810125423464015,Dischma
D2b,D2b,D2b,2014,SWE_NSE__KGE_meltseason2,0.004700612491522434,Dischma
D2b,D2b,D2b,2014,SWE_NSE__Qmean_meltseason2_APE,0.5157193545050945,Dischma
D2b,D2b,D2b,2015,SWE_melt_NSE__NSE_meltseason2,-0.010367957240471144,Dischma
D2b,D2b,D2b,2015,SWE_melt_NSE__KGE_meltseason2,-0.08199024397930305,Dischma
D2b,D2b,D2b,2015,SWE_melt_NSE__Qmean_meltseason2_APE,0.5525507568607646,Dischma
D2b,D2b,D2b,2015,melt_sum_APE__NSE_meltseason2,-0.49913784478032025,Dischma
D2b,D2b,D2b,2015,melt_sum_APE__KGE_meltseason2,-0.4456877121190285,Dischma
D2b,D2b,D2b,2015,melt_sum_APE__Qmean_meltseason2_APE,-0.0060025804408852575,Dischma
D2b,D2b,D2b,2015,SWE_NSE__NSE_meltseason2,-0.017724193593507166,Dischma
D2b,D2b,D2b,2015,SWE_NSE__KGE_meltseason2,-0.15639383440444168,Dischma
D2b,D2b,D2b,2015,SWE_NSE__Qmean_meltseason2_APE,0.27230452712004627,Dischma
D2b,D2b,D2b,2016,SWE_melt_NSE__NSE_meltseason2,-0.23130987647600362,Dischma
D2b,D2b,D2b,2016,SWE_melt_NSE__KGE_meltseason2,-0.23072335678710454,Dischma
D2b,D2b,D2b,2016,SWE_melt_NSE__Qmean_meltseason2_APE,0.18192806342277207,Dischma
D2b,D2b,D2b,2016,melt_sum_APE__NSE_meltseason2,-0.29020538233975135,Dischma
D2b,D2b,D2b,2016,melt_sum_APE__KGE_meltseason2,-0.48503594117799587,Dischma
D2b,D2b,D2b,2016,melt_sum_APE__Qmean_meltseason2_APE,-0.310201192879279,Dischma
D2b,D2b,D2b,2016,SWE_NSE__NSE_meltseason2,0.007434991972173828,Dischma
D2b,D2b,D2b,2016,SWE_NSE__KGE_meltseason2,-0.14767208634976228,Dischma
D2b,D2b,D2b,2016,SWE_NSE__Qmean_meltseason2_APE,-0.0317843855906624,Dischma
D2b,D2b,D2b,2017,SWE_melt_NSE__NSE_meltseason2,0.027774666101604874,Dischma
D2b,D2b,D2b,2017,SWE_melt_NSE__KGE_meltseason2,-0.13831012450820318,Dischma
D2b,D2b,D2b,2017,SWE_melt_NSE__Qmean_meltseason2_APE,0.1809298711298818,Dischma
D2b,D2b,D2b,2017,melt_sum_APE__NSE_meltseason2,-0.38951790076674797,Dischma
D2b,D2b,D2b,2017,melt_sum_APE__KGE_meltseason2,-0.07830762086256556,Dischma
D2b,D2b,D2b,2017,melt_sum_APE__Qmean_meltseason2_APE,0.21745615493366624,Dischma
D2b,D2b,D2b,2017,SWE_NSE__NSE_meltseason2,-0.03517588056707267,Dischma
D2b,D2b,D2b,2017,SWE_NSE__KGE_meltseason2,-0.18428029441938237,Dischma
D2b,D2b,D2b,2017,SWE_NSE__Qmean_meltseason2_APE,0.1397958912228397,Dischma
D2b,D2b,D2b,2018,SWE_melt_NSE__NSE_meltseason2,-0.04573767899606534,Dischma
D2b,D2b,D2b,2018,SWE_melt_NSE__KGE_meltseason2,-0.1457262616720989,Dischma
D2b,D2b,D2b,2018,SWE_melt_NSE__Qmean_meltseason2_APE,0.6007133506449012,Dischma
D2b,D2b,D2b,2018,melt_sum_APE__NSE_meltseason2,-0.2660609938859771,Dischma
D2b,D2b,D2b,2018,melt_sum_APE__KGE_meltseason2,-0.13685923209839218,Dischma
D2b,D2b,D2b,2018,melt_sum_APE__Qmean_meltseason2_APE,0.41599387653686287,Dischma
D2b,D2b,D2b,2018,SWE_NSE__NSE_meltseason2,0.37680328079136816,Dischma
D2b,D2b,D2b,2018,SWE_NSE__KGE_meltseason2,0.1737120565818738,Dischma
D2b,D2b,D2b,2018,SWE_NSE__Qmean_meltseason2_APE,0.49765312950350105,Dischma
D2b,D2b,D2b,2019,SWE_melt_NSE__NSE_meltseason2,0.20170571032133183,Dischma
D2b,D2b,D2b,2019,SWE_melt_NSE__KGE_meltseason2,-0.08966803107033058,Dischma
D2b,D2b,D2b,2019,SWE_melt_NSE__Qmean_meltseason2_APE,0.4672362145310375,Dischma
D2b,D2b,D2b,2019,melt_sum_APE__NSE_meltseason2,-0.5997998153001369,Dischma
D2b,D2b,D2b,2019,melt_sum_APE__KGE_meltseason2,-0.41592851014044746,Dischma
D2b,D2b,D2b,2019,melt_sum_APE__Qmean_meltseason2_APE,0.1075065830306561,Dischma
D2b,D2b,D2b,2019,SWE_NSE__NSE_meltseason2,-0.06849183490952955,Dischma
D2b,D2b,D2b,2019,SWE_NSE__KGE_meltseason2,-0.17422513887593782,Dischma
D2b,D2b,D2b,2019,SWE_NSE__Qmean_meltseason2_APE,0.06585743742989005,Dischma
D2b,D2b,D2b,2020,SWE_melt_NSE__NSE_meltseason2,-0.45952912768000886,Dischma
D2b,D2b,D2b,2020,SWE_melt_NSE__KGE_meltseason2,-0.6365115914685051,Dischma
D2b,D2b,D2b,2020,SWE_melt_NSE__Qmean_meltseason2_APE,0.2696858470342875,Dischma
D2b,D2b,D2b,2020,melt_sum_APE__NSE_meltseason2,-0.46844554098903773,Dischma
D2b,D2b,D2b,2020,melt_sum_APE__KGE_meltseason2,-0.4811501712923079,Dischma
D2b,D2b,D2b,2020,melt_sum_APE__Qmean_meltseason2_APE,-0.0684809601250266,Dischma
D2b,D2b,D2b,2020,SWE_NSE__NSE_meltseason2,0.03391603396494791,Dischma
D2b,D2b,D2b,2020,SWE_NSE__KGE_meltseason2,-0.2974097979519126,Dischma
D2b,D2b,D2b,2020,SWE_NSE__Qmean_meltseason2_APE,0.25724879866176625,Dischma
D2b,D2b,D2b,2021,SWE_melt_NSE__NSE_meltseason2,0.22408597403673625,Dischma
D2b,D2b,D2b,2021,SWE_melt_NSE__KGE_meltseason2,0.07924396431060367,Dischma
D2b,D2b,D2b,2021,SWE_melt_NSE__Qmean_meltseason2_APE,0.8186489949457593,Dischma
D2b,D2b,D2b,2021,melt_sum_APE__NSE_meltseason2,-0.2115951996249578,Dischma
D2b,D2b,D2b,2021,melt_sum_APE__KGE_meltseason2,-0.03680952413046191,Dischma
D2b,D2b,D2b,2021,melt_sum_APE__Qmean_meltseason2_APE,0.1686606334536466,Dischma
D2b,D2b,D2b,2021,SWE_NSE__NSE_meltseason2,0.2577798767713431,Dischma
D2b,D2b,D2b,2021,SWE_NSE__KGE_meltseason2,-0.009775718667277767,Dischma
D2b,D2b,D2b,2021,SWE_NSE__Qmean_meltseason2_APE,0.38770551730764846,Dischma
D2b,D2b,D2b,2022,SWE_melt_NSE__NSE_meltseason2,-0.1084072073944735,Dischma
D2b,D2b,D2b,2022,SWE_melt_NSE__KGE_meltseason2,-0.20397110637532329,Dischma
D2b,D2b,D2b,2022,SWE_melt_NSE__Qmean_meltseason2_APE,0.5971734203559762,Dischma
D2b,D2b,D2b,2022,melt_sum_APE__NSE_meltseason2,-0.6356651073070112,Dischma
D2b,D2b,D2b,2022,melt_sum_APE__KGE_meltseason2,-0.26702937807186067,Dischma
D2b,D2b,D2b,2022,melt_sum_APE__Qmean_meltseason2_APE,0.022364124257190213,Dischma
D2b,D2b,D2b,2022,SWE_NSE__NSE_meltseason2,-0.08748977353280389,Dischma
D2b,D2b,D2b,2022,SWE_NSE__KGE_meltseason2,0.13464087487640106,Dischma
D2b,D2b,D2b,2022,SWE_NSE__Qmean_meltseason2_APE,0.3623624226674171,Dischma
D2c,D2c,D2c,2001,SWE_melt_NSE__NSE_meltseason2,-0.4923896159637826,Dischma
D2c,D2c,D2c,2001,SWE_melt_NSE__KGE_meltseason2,-0.37613505044773615,Dischma
D2c,D2c,D2c,2001,SWE_melt_NSE__Qmean_meltseason2_APE,0.5394273174765194,Dischma
D2c,D2c,D2c,2001,melt_sum_APE__NSE_meltseason2,-0.260215582432861,Dischma
D2c,D2c,D2c,2001,melt_sum_APE__KGE_meltseason2,-0.3894216644714204,Dischma
D2c,D2c,D2c,2001,melt_sum_APE__Qmean_meltseason2_APE,-0.08164442173114575,Dischma
D2c,D2c,D2c,2001,SWE_NSE__NSE_meltseason2,-0.11728688798895064,Dischma
D2c,D2c,D2c,2001,SWE_NSE__KGE_meltseason2,-0.5336634032683496,Dischma
D2c,D2c,D2c,2001,SWE_NSE__Qmean_meltseason2_APE,0.018400056025618863,Dischma
D2c,D2c,D2c,2002,SWE_melt_NSE__NSE_meltseason2,-0.555215157327104,Dischma
D2c,D2c,D2c,2002,SWE_melt_NSE__KGE_meltseason2,-0.5454772410451953,Dischma
D2c,D2c,D2c,2002,SWE_melt_NSE__Qmean_meltseason2_APE,0.23284939193266582,Dischma
D2c,D2c,D2c,2002,melt_sum_APE__NSE_meltseason2,-0.7856110467932891,Dischma
D2c,D2c,D2c,2002,melt_sum_APE__KGE_meltseason2,-0.81772400788969,Dischma
D2c,D2c,D2c,2002,melt_sum_APE__Qmean_meltseason2_APE,0.08925044461362558,Dischma
D2c,D2c,D2c,2002,SWE_NSE__NSE_meltseason2,-0.2405527752011707,Dischma
D2c,D2c,D2c,2002,SWE_NSE__KGE_meltseason2,-0.24854994297212743,Dischma
D2c,D2c,D2c,2002,SWE_NSE__Qmean_meltseason2_APE,0.3154580993245245,Dischma
D2c,D2c,D2c,2003,SWE_melt_NSE__NSE_meltseason2,0.20003262397068047,Dischma
D2c,D2c,D2c,2003,SWE_melt_NSE__KGE_meltseason2,0.2801079191927354,Dischma
D2c,D2c,D2c,2003,SWE_melt_NSE__Qmean_meltseason2_APE,0.6460106958803389,Dischma
D2c,D2c,D2c,2003,melt_sum_APE__NSE_meltseason2,-0.5879999228389683,Dischma
D2c,D2c,D2c,2003,melt_sum_APE__KGE_meltseason2,-0.3117254607317598,Dischma
D2c,D2c,D2c,2003,melt_sum_APE__Qmean_meltseason2_APE,0.05044704039294612,Dischma
D2c,D2c,D2c,2003,SWE_NSE__NSE_meltseason2,-0.025794503380656728,Dischma
D2c,D2c,D2c,2003,SWE_NSE__KGE_meltseason2,0.0909335481627816,Dischma
D2c,D2c,D2c,2003,SWE_NSE__Qmean_meltseason2_APE,0.1785910730064353,Dischma
D2c,D2c,D2c,2004,SWE_melt_NSE__NSE_meltseason2,0.09876875847612292,Dischma
D2c,D2c,D2c,2004,SWE_melt_NSE__KGE_meltseason2,0.11795820692369095,Dischma
D2c,D2c,D2c,2004,SWE_melt_NSE__Qmean_meltseason2_APE,0.40627489942427814,Dischma
D2c,D2c,D2c,2004,melt_sum_APE__NSE_meltseason2,-0.7573265476148858,Dischma
D2c,D2c,D2c,2004,melt_sum_APE__KGE_meltseason2,-0.11488992042795043,Dischma
D2c,D2c,D2c,2004,melt_sum_APE__Qmean_meltseason2_APE,-0.038051305688191005,Dischma
D2c,D2c,D2c,2004,SWE_NSE__NSE_meltseason2,0.04514509279735007,Dischma
D2c,D2c,D2c,2004,SWE_NSE__KGE_meltseason2,0.2860803364027656,Dischma
D2c,D2c,D2c,2004,SWE_NSE__Qmean_meltseason2_APE,0.3874874008508632,Dischma
D2c,D2c,D2c,2005,SWE_melt_NSE__NSE_meltseason2,-0.03813512888677089,Dischma
D2c,D2c,D2c,2005,SWE_melt_NSE__KGE_meltseason2,-0.10218885352072749,Dischma
D2c,D2c,D2c,2005,SWE_melt_NSE__Qmean_meltseason2_APE,0.29405614944133057,Dischma
D2c,D2c,D2c,2005,melt_sum_APE__NSE_meltseason2,-0.5069435070866692,Dischma
D2c,D2c,D2c,2005,melt_sum_APE__KGE_meltseason2,-0.12429710129369742,Dischma
D2c,D2c,D2c,2005,melt_sum_APE__Qmean_meltseason2_APE,0.13775661334316122,Dischma
D2c,D2c,D2c,2005,SWE_NSE__NSE_meltseason2,-0.20263369936483186,Dischma
D2c,D2c,D2c,2005,SWE_NSE__KGE_meltseason2,0.0032477470818784372,Dischma
D2c,D2c,D2c,2005,SWE_NSE__Qmean_meltseason2_APE,0.473841185834433,Dischma
D2c,D2c,D2c,2006,SWE_melt_NSE__NSE_meltseason2,-0.12547652998104414,Dischma
D2c,D2c,D2c,2006,SWE_melt_NSE__KGE_meltseason2,-0.1183876017809956,Dischma
D2c,D2c,D2c,2006,SWE_melt_NSE__Qmean_meltseason2_APE,0.4350987021454856,Dischma
D2c,D2c,D2c,2006,melt_sum_APE__NSE_meltseason2,-0.6357429320080855,Dischma
D2c,D2c,D2c,2006,melt_sum_APE__KGE_meltseason2,-0.31185032177683986,Dischma
D2c,D2c,D2c,2006,melt_sum_APE__Qmean_meltseason2_APE,0.0812477192423701,Dischma
D2c,D2c,D2c,2006,SWE_NSE__NSE_meltseason2,-0.20397011650704908,Dischma
D2c,D2c,D2c,2006,SWE_NSE__KGE_meltseason2,-0.26900864575684036,Dischma
D2c,D2c,D2c,2006,SWE_NSE__Qmean_meltseason2_APE,0.3101748031495992,Dischma
D2c,D2c,D2c,2007,SWE_melt_NSE__NSE_meltseason2,-0.042315359344326973,Dischma
D2c,D2c,D2c,2007,SWE_melt_NSE__KGE_meltseason2,-0.044101204196768856,Dischma
D2c,D2c,D2c,2007,SWE_melt_NSE__Qmean_meltseason2_APE,0.4549284060806721,Dischma
D2c,D2c,D2c,2007,melt_sum_APE__NSE_meltseason2,0.02605781327772601,Dischma
D2c,D2c,D2c,2007,melt_sum_APE__KGE_meltseason2,0.08678490819281814,Dischma
D2c,D2c,D2c,2007,melt_sum_APE__Qmean_meltseason2_APE,-0.08505701773596788,Dischma
D2c,D2c,D2c,2007,SWE_NSE__NSE_meltseason2,0.41187798892559363,Dischma
D2c,D2c,D2c,2007,SWE_NSE__KGE_meltseason2,0.37820502564533115,Dischma
D2c,D2c,D2c,2007,SWE_NSE__Qmean_meltseason2_APE,0.2364067280548747,Dischma
D2c,D2c,D2c,2008,SWE_melt_NSE__NSE_meltseason2,-0.2969973573408558,Dischma
D2c,D2c,D2c,2008,SWE_melt_NSE__KGE_meltseason2,-0.20115201518778644,Dischma
D2c,D2c,D2c,2008,SWE_melt_NSE__Qmean_meltseason2_APE,0.9153262751531399,Dischma
D2c,D2c,D2c,2008,melt_sum_APE__NSE_meltseason2,-0.5180513440636986,Dischma
D2c,D2c,D2c,2008,melt_sum_APE__KGE_meltseason2,-0.20273479357723356,Dischma
D2c,D2c,D2c,2008,melt_sum_APE__Qmean_meltseason2_APE,0.06285485767887995,Dischma
D2c,D2c,D2c,2008,SWE_NSE__NSE_meltseason2,-0.06941179207627111,Dischma
D2c,D2c,D2c,2008,SWE_NSE__KGE_meltseason2,0.08966197982403544,Dischma
D2c,D2c,D2c,2008,SWE_NSE__Qmean_meltseason2_APE,0.45780472109832215,Dischma
D2c,D2c,D2c,2009,SWE_melt_NSE__NSE_meltseason2,-0.12929939343458174,Dischma
D2c,D2c,D2c,2009,SWE_melt_NSE__KGE_meltseason2,0.24952262266979497,Dischma
D2c,D2c,D2c,2009,SWE_melt_NSE__Qmean_meltseason2_APE,0.249039536779512,Dischma
D2c,D2c,D2c,2009,melt_sum_APE__NSE_meltseason2,-0.7823487121740584,Dischma
D2c,D2c,D2c,2009,melt_sum_APE__KGE_meltseason2,-0.3411123193581139,Dischma
D2c,D2c,D2c,2009,melt_sum_APE__Qmean_meltseason2_APE,-0.07081983320345682,Dischma
D2c,D2c,D2c,2009,SWE_NSE__NSE_meltseason2,-0.090742958033584,Dischma
D2c,D2c,D2c,2009,SWE_NSE__KGE_meltseason2,0.004295016690798042,Dischma
D2c,D2c,D2c,2009,SWE_NSE__Qmean_meltseason2_APE,0.14187275578231728,Dischma
D2c,D2c,D2c,2010,SWE_melt_NSE__NSE_meltseason2,0.04878039041047474,Dischma
D2c,D2c,D2c,2010,SWE_melt_NSE__KGE_meltseason2,0.3190378868271394,Dischma
D2c,D2c,D2c,2010,SWE_melt_NSE__Qmean_meltseason2_APE,0.9082998066835721,Dischma
D2c,D2c,D2c,2010,melt_sum_APE__NSE_meltseason2,-0.3834321940253879,Dischma
D2c,D2c,D2c,2010,melt_sum_APE__KGE_meltseason2,-0.026590496563535834,Dischma
D2c,D2c,D2c,2010,melt_sum_APE__Qmean_meltseason2_APE,0.2612805935459667,Dischma
D2c,D2c,D2c,2010,SWE_NSE__NSE_meltseason2,0.17947411684207878,Dischma
D2c,D2c,D2c,2010,SWE_NSE__KGE_meltseason2,0.07161859973456568,Dischma
D2c,D2c,D2c,2010,SWE_NSE__Qmean_meltseason2_APE,0.7354507263623957,Dischma
D2c,D2c,D2c,2011,SWE_melt_NSE__NSE_meltseason2,0.1405579346563751,Dischma
D2c,D2c,D2c,2011,SWE_melt_NSE__KGE_meltseason2,-0.12697285625776544,Dischma
D2c,D2c,D2c,2011,SWE_melt_NSE__Qmean_meltseason2_APE,0.31046372368289854,Dischma
D2c,D2c,D2c,2011,melt_sum_APE__NSE_meltseason2,-0.14675988243727525,Dischma
D2c,D2c,D2c,2011,melt_sum_APE__KGE_meltseason2,-0.27665601192852124,Dischma
D2c,D2c,D2c,2011,melt_sum_APE__Qmean_meltseason2_APE,-0.09660259730791318,Dischma
D2c,D2c,D2c,2011,SWE_NSE__NSE_meltseason2,0.25651060079587423,Dischma
D2c,D2c,D2c,2011,SWE_NSE__KGE_meltseason2,0.047145455655846144,Dischma
D2c,D2c,D2c,2011,SWE_NSE__Qmean_meltseason2_APE,0.2850159234324314,Dischma
D2c,D2c,D2c,2012,SWE_melt_NSE__NSE_meltseason2,-0.4171241008456291,Dischma
D2c,D2c,D2c,2012,SWE_melt_NSE__KGE_meltseason2,0.03764477438513203,Dischma
D2c,D2c,D2c,2012,SWE_melt_NSE__Qmean_meltseason2_APE,0.6315821887099318,Dischma
D2c,D2c,D2c,2012,melt_sum_APE__NSE_meltseason2,-0.4142274515086072,Dischma
D2c,D2c,D2c,2012,melt_sum_APE__KGE_meltseason2,-0.3048545815284209,Dischma
D2c,D2c,D2c,2012,melt_sum_APE__Qmean_meltseason2_APE,-0.05520550202345399,Dischma
D2c,D2c,D2c,2012,SWE_NSE__NSE_meltseason2,-0.14590992046000376,Dischma
D2c,D2c,D2c,2012,SWE_NSE__KGE_meltseason2,-0.1870604450041304,Dischma
D2c,D2c,D2c,2012,SWE_NSE__Qmean_meltseason2_APE,0.2936920626711659,Dischma
D2c,D2c,D2c,2013,SWE_melt_NSE__NSE_meltseason2,-0.008967294245241633,Dischma
D2c,D2c,D2c,2013,SWE_melt_NSE__KGE_meltseason2,0.2517139824738902,Dischma
D2c,D2c,D2c,2013,SWE_melt_NSE__Qmean_meltseason2_APE,0.5512567372389725,Dischma
D2c,D2c,D2c,2013,melt_sum_APE__NSE_meltseason2,-0.74029043173999,Dischma
D2c,D2c,D2c,2013,melt_sum_APE__KGE_meltseason2,-0.6329294645141839,Dischma
D2c,D2c,D2c,2013,melt_sum_APE__Qmean_meltseason2_APE,0.37500083744326307,Dischma
D2c,D2c,D2c,2013,SWE_NSE__NSE_meltseason2,0.024542184262791738,Dischma
D2c,D2c,D2c,2013,SWE_NSE__KGE_meltseason2,0.29757598333137364,Dischma
D2c,D2c,D2c,2013,SWE_NSE__Qmean_meltseason2_APE,0.5758993441737693,Dischma
D2c,D2c,D2c,2014,SWE_melt_NSE__NSE_meltseason2,-0.21010604800861812,Dischma
D2c,D2c,D2c,2014,SWE_melt_NSE__KGE_meltseason2,0.1738640588988586,Dischma
D2c,D2c,D2c,2014,SWE_melt_NSE__Qmean_meltseason2_APE,0.3470110713058858,Dischma
D2c,D2c,D2c,2014,melt_sum_APE__NSE_meltseason2,-0.46093213280071765,Dischma
D2c,D2c,D2c,2014,melt_sum_APE__KGE_meltseason2,-0.2782243894436387,Dischma
D2c,D2c,D2c,2014,melt_sum_APE__Qmean_meltseason2_APE,-0.05831301082440147,Dischma
D2c,D2c,D2c,2014,SWE_NSE__NSE_meltseason2,-0.04374900097730909,Dischma
D2c,D2c,D2c,2014,SWE_NSE__KGE_meltseason2,0.2173207835515146,Dischma
D2c,D2c,D2c,2014,SWE_NSE__Qmean_meltseason2_APE,0.16638763216427369,Dischma
D2c,D2c,D2c,2015,SWE_melt_NSE__NSE_meltseason2,0.1304337585994526,Dischma
D2c,D2c,D2c,2015,SWE_melt_NSE__KGE_meltseason2,-0.25014334186878345,Dischma
D2c,D2c,D2c,2015,SWE_melt_NSE__Qmean_meltseason2_APE,0.5652957143661946,Dischma
D2c,D2c,D2c,2015,melt_sum_APE__NSE_meltseason2,-0.620210757529331,Dischma
D2c,D2c,D2c,2015,melt_sum_APE__KGE_meltseason2,-0.2686036864645838,Dischma
D2c,D2c,D2c,2015,melt_sum_APE__Qmean_meltseason2_APE,0.23592235604176873,Dischma
D2c,D2c,D2c,2015,SWE_NSE__NSE_meltseason2,0.020388358066093792,Dischma
D2c,D2c,D2c,2015,SWE_NSE__KGE_meltseason2,-0.3280474484389604,Dischma
D2c,D2c,D2c,2015,SWE_NSE__Qmean_meltseason2_APE,0.5175046990582443,Dischma
D2c,D2c,D2c,2016,SWE_melt_NSE__NSE_meltseason2,-0.4462635383935922,Dischma
D2c,D2c,D2c,2016,SWE_melt_NSE__KGE_meltseason2,-0.10493058996158192,Dischma
D2c,D2c,D2c,2016,SWE_melt_NSE__Qmean_meltseason2_APE,0.10784563728562413,Dischma
D2c,D2c,D2c,2016,melt_sum_APE__NSE_meltseason2,-0.15644986657017432,Dischma
D2c,D2c,D2c,2016,melt_sum_APE__KGE_meltseason2,-0.005248772268689082,Dischma
D2c,D2c,D2c,2016,melt_sum_APE__Qmean_meltseason2_APE,0.05806006119794874,Dischma
D2c,D2c,D2c,2016,SWE_NSE__NSE_meltseason2,0.27327915051060164,Dischma
D2c,D2c,D2c,2016,SWE_NSE__KGE_meltseason2,-0.018012680908412262,Dischma
D2c,D2c,D2c,2016,SWE_NSE__Qmean_meltseason2_APE,0.03932367865932862,Dischma
D2c,D2c,D2c,2017,SWE_melt_NSE__NSE_meltseason2,-0.10214394231819997,Dischma
D2c,D2c,D2c,2017,SWE_melt_NSE__KGE_meltseason2,0.09536445036719983,Dischma
D2c,D2c,D2c,2017,SWE_melt_NSE__Qmean_meltseason2_APE,0.16131018299567376,Dischma
D2c,D2c,D2c,2017,melt_sum_APE__NSE_meltseason2,-0.3115753006344979,Dischma
D2c,D2c,D2c,2017,melt_sum_APE__KGE_meltseason2,-0.20658671806268591,Dischma
D2c,D2c,D2c,2017,melt_sum_APE__Qmean_meltseason2_APE,0.11380971219596694,Dischma
D2c,D2c,D2c,2017,SWE_NSE__NSE_meltseason2,-0.1252163981499949,Dischma
D2c,D2c,D2c,2017,SWE_NSE__KGE_meltseason2,-0.13478084778661648,Dischma
D2c,D2c,D2c,2017,SWE_NSE__Qmean_meltseason2_APE,0.019964996171342203,Dischma
D2c,D2c,D2c,2018,SWE_melt_NSE__NSE_meltseason2,-0.08792104464819919,Dischma
D2c,D2c,D2c,2018,SWE_melt_NSE__KGE_meltseason2,0.04558233771598925,Dischma
D2c,D2c,D2c,2018,SWE_melt_NSE__Qmean_meltseason2_APE,0.6197636828010027,Dischma
D2c,D2c,D2c,2018,melt_sum_APE__NSE_meltseason2,-0.5284873519545008,Dischma
D2c,D2c,D2c,2018,melt_sum_APE__KGE_meltseason2,-0.44299309430308265,Dischma
D2c,D2c,D2c,2018,melt_sum_APE__Qmean_meltseason2_APE,0.19911992187467864,Dischma
D2c,D2c,D2c,2018,SWE_NSE__NSE_meltseason2,0.08473196065640681,Dischma
D2c,D2c,D2c,2018,SWE_NSE__KGE_meltseason2,-0.05964294642740176,Dischma
D2c,D2c,D2c,2018,SWE_NSE__Qmean_meltseason2_APE,0.2886329312313714,Dischma
D2c,D2c,D2c,2019,SWE_melt_NSE__NSE_meltseason2,-0.0031517107911692385,Dischma
D2c,D2c,D2c,2019,SWE_melt_NSE__KGE_meltseason2,0.04057407858592236,Dischma
D2c,D2c,D2c,2019,SWE_melt_NSE__Qmean_meltseason2_APE,0.7423610334676178,Dischma
D2c,D2c,D2c,2019,melt_sum_APE__NSE_meltseason2,-0.32716474325350925,Dischma
D2c,D2c,D2c,2019,melt_sum_APE__KGE_meltseason2,-0.12266629048009269,Dischma
D2c,D2c,D2c,2019,melt_sum_APE__Qmean_meltseason2_APE,-0.024729448561267138,Dischma
D2c,D2c,D2c,2019,SWE_NSE__NSE_meltseason2,-0.035138738137113094,Dischma
D2c,D2c,D2c,2019,SWE_NSE__KGE_meltseason2,-0.20067656085102226,Dischma
D2c,D2c,D2c,2019,SWE_NSE__Qmean_meltseason2_APE,0.2286243750479628,Dischma
D2c,D2c,D2c,2020,SWE_melt_NSE__NSE_meltseason2,-0.2722936724525193,Dischma
D2c,D2c,D2c,2020,SWE_melt_NSE__KGE_meltseason2,-0.44911231954941616,Dischma
D2c,D2c,D2c,2020,SWE_melt_NSE__Qmean_meltseason2_APE,0.40403766587871814,Dischma
D2c,D2c,D2c,2020,melt_sum_APE__NSE_meltseason2,-0.27274846585462137,Dischma
D2c,D2c,D2c,2020,melt_sum_APE__KGE_meltseason2,-0.28336824835632185,Dischma
D2c,D2c,D2c,2020,melt_sum_APE__Qmean_meltseason2_APE,0.1944665350641951,Dischma
D2c,D2c,D2c,2020,SWE_NSE__NSE_meltseason2,0.28428971653859153,Dischma
D2c,D2c,D2c,2020,SWE_NSE__KGE_meltseason2,-0.360256213546462,Dischma
D2c,D2c,D2c,2020,SWE_NSE__Qmean_meltseason2_APE,0.5637990280041705,Dischma
D2c,D2c,D2c,2021,SWE_melt_NSE__NSE_meltseason2,-0.22055974291364014,Dischma
D2c,D2c,D2c,2021,SWE_melt_NSE__KGE_meltseason2,0.145857683188235,Dischma
D2c,D2c,D2c,2021,SWE_melt_NSE__Qmean_meltseason2_APE,0.545809922025412,Dischma
D2c,D2c,D2c,2021,melt_sum_APE__NSE_meltseason2,-0.47580996367028816,Dischma
D2c,D2c,D2c,2021,melt_sum_APE__KGE_meltseason2,-0.1900104455181319,Dischma
D2c,D2c,D2c,2021,melt_sum_APE__Qmean_meltseason2_APE,0.0662002943415778,Dischma
D2c,D2c,D2c,2021,SWE_NSE__NSE_meltseason2,-0.08836059799423705,Dischma
D2c,D2c,D2c,2021,SWE_NSE__KGE_meltseason2,-0.1492292777937804,Dischma
D2c,D2c,D2c,2021,SWE_NSE__Qmean_meltseason2_APE,0.43039483781860727,Dischma
D2c,D2c,D2c,2022,SWE_melt_NSE__NSE_meltseason2,-0.11808207630873158,Dischma
D2c,D2c,D2c,2022,SWE_melt_NSE__KGE_meltseason2,0.17722891093354048,Dischma
D2c,D2c,D2c,2022,SWE_melt_NSE__Qmean_meltseason2_APE,0.7043928216527825,Dischma
D2c,D2c,D2c,2022,melt_sum_APE__NSE_meltseason2,-0.46910317183989353,Dischma
D2c,D2c,D2c,2022,melt_sum_APE__KGE_meltseason2,-0.1607064714129336,Dischma
D2c,D2c,D2c,2022,melt_sum_APE__Qmean_meltseason2_APE,0.0705102967728548,Dischma
D2c,D2c,D2c,2022,SWE_NSE__NSE_meltseason2,0.043238951395433274,Dischma
D2c,D2c,D2c,2022,SWE_NSE__KGE_meltseason2,0.23417689550707504,Dischma
D2c,D2c,D2c,2022,SWE_NSE__Qmean_meltseason2_APE,0.43150948589269694,Dischma
D2d,D2d,D2d,2001,SWE_melt_NSE__NSE_meltseason2,-0.42613520816217454,Dischma
D2d,D2d,D2d,2001,SWE_melt_NSE__KGE_meltseason2,-0.1332378213713908,Dischma
D2d,D2d,D2d,2001,SWE_melt_NSE__Qmean_meltseason2_APE,0.5633671068916395,Dischma
D2d,D2d,D2d,2001,melt_sum_APE__NSE_meltseason2,-0.5352238088956393,Dischma
D2d,D2d,D2d,2001,melt_sum_APE__KGE_meltseason2,-0.17775126051246,Dischma
D2d,D2d,D2d,2001,melt_sum_APE__Qmean_meltseason2_APE,0.23141119472873733,Dischma
D2d,D2d,D2d,2001,SWE_NSE__NSE_meltseason2,-0.1273741958916065,Dischma
D2d,D2d,D2d,2001,SWE_NSE__KGE_meltseason2,-0.13139972788596083,Dischma
D2d,D2d,D2d,2001,SWE_NSE__Qmean_meltseason2_APE,0.5910740059298937,Dischma
D2d,D2d,D2d,2002,SWE_melt_NSE__NSE_meltseason2,-0.5639259557034605,Dischma
D2d,D2d,D2d,2002,SWE_melt_NSE__KGE_meltseason2,-0.020127992397148835,Dischma
D2d,D2d,D2d,2002,SWE_melt_NSE__Qmean_meltseason2_APE,0.19808243633666575,Dischma
D2d,D2d,D2d,2002,melt_sum_APE__NSE_meltseason2,-0.15881271361183413,Dischma
D2d,D2d,D2d,2002,melt_sum_APE__KGE_meltseason2,0.32630830786923953,Dischma
D2d,D2d,D2d,2002,melt_sum_APE__Qmean_meltseason2_APE,0.2681688956801274,Dischma
D2d,D2d,D2d,2002,SWE_NSE__NSE_meltseason2,-0.11933183964007132,Dischma
D2d,D2d,D2d,2002,SWE_NSE__KGE_meltseason2,0.23088906845059287,Dischma
D2d,D2d,D2d,2002,SWE_NSE__Qmean_meltseason2_APE,0.45023445886011904,Dischma
D2d,D2d,D2d,2003,SWE_melt_NSE__NSE_meltseason2,0.23602985080673278,Dischma
D2d,D2d,D2d,2003,SWE_melt_NSE__KGE_meltseason2,0.0512817896511878,Dischma
D2d,D2d,D2d,2003,SWE_melt_NSE__Qmean_meltseason2_APE,0.7704596451750401,Dischma
D2d,D2d,D2d,2003,melt_sum_APE__NSE_meltseason2,0.013546531837947923,Dischma
D2d,D2d,D2d,2003,melt_sum_APE__KGE_meltseason2,0.13261210623019096,Dischma
D2d,D2d,D2d,2003,melt_sum_APE__Qmean_meltseason2_APE,0.29220829409105037,Dischma
D2d,D2d,D2d,2003,SWE_NSE__NSE_meltseason2,0.37369415597289185,Dischma
D2d,D2d,D2d,2003,SWE_NSE__KGE_meltseason2,0.014029559904058176,Dischma
D2d,D2d,D2d,2003,SWE_NSE__Qmean_meltseason2_APE,0.3685139618133345,Dischma
D2d,D2d,D2d,2004,SWE_melt_NSE__NSE_meltseason2,0.2917546959581305,Dischma
D2d,D2d,D2d,2004,SWE_melt_NSE__KGE_meltseason2,0.35910347319560304,Dischma
D2d,D2d,D2d,2004,SWE_melt_NSE__Qmean_meltseason2_APE,0.7701781811582723,Dischma
D2d,D2d,D2d,2004,melt_sum_APE__NSE_meltseason2,-0.030998159480508065,Dischma
D2d,D2d,D2d,2004,melt_sum_APE__KGE_meltseason2,-0.021948600559880745,Dischma
D2d,D2d,D2d,2004,melt_sum_APE__Qmean_meltseason2_APE,-0.06904379039832792,Dischma
D2d,D2d,D2d,2004,SWE_NSE__NSE_meltseason2,0.2869004438829759,Dischma
D2d,D2d,D2d,2004,SWE_NSE__KGE_meltseason2,0.1482800074023327,Dischma
D2d,D2d,D2d,2004,SWE_NSE__Qmean_meltseason2_APE,0.5798212626703484,Dischma
D2d,D2d,D2d,2005,SWE_melt_NSE__NSE_meltseason2,-0.2597891409755165,Dischma
D2d,D2d,D2d,2005,SWE_melt_NSE__KGE_meltseason2,-0.2916065797801169,Dischma
D2d,D2d,D2d,2005,SWE_melt_NSE__Qmean_meltseason2_APE,0.34138290342741745,Dischma
D2d,D2d,D2d,2005,melt_sum_APE__NSE_meltseason2,-0.8380594430139514,Dischma
D2d,D2d,D2d,2005,melt_sum_APE__KGE_meltseason2,-0.4482613657799409,Dischma
D2d,D2d,D2d,2005,melt_sum_APE__Qmean_meltseason2_APE,0.21540099201010093,Dischma
D2d,D2d,D2d,2005,SWE_NSE__NSE_meltseason2,-0.5465626579306497,Dischma
D2d,D2d,D2d,2005,SWE_NSE__KGE_meltseason2,-0.0006063017701714034,Dischma
D2d,D2d,D2d,2005,SWE_NSE__Qmean_meltseason2_APE,0.5259509094553338,Dischma
D2d,D2d,D2d,2006,SWE_melt_NSE__NSE_meltseason2,0.1464366485199425,Dischma
D2d,D2d,D2d,2006,SWE_melt_NSE__KGE_meltseason2,0.2769031315743138,Dischma
D2d,D2d,D2d,2006,SWE_melt_NSE__Qmean_meltseason2_APE,0.522896060564839,Dischma
D2d,D2d,D2d,2006,melt_sum_APE__NSE_meltseason2,-0.07674595818259423,Dischma
D2d,D2d,D2d,2006,melt_sum_APE__KGE_meltseason2,-0.017550280515006216,Dischma
D2d,D2d,D2d,2006,melt_sum_APE__Qmean_meltseason2_APE,0.012943355168956153,Dischma
D2d,D2d,D2d,2006,SWE_NSE__NSE_meltseason2,0.15984259353904232,Dischma
D2d,D2d,D2d,2006,SWE_NSE__KGE_meltseason2,0.22852211427099248,Dischma
D2d,D2d,D2d,2006,SWE_NSE__Qmean_meltseason2_APE,0.3794542406043494,Dischma
D2d,D2d,D2d,2007,SWE_melt_NSE__NSE_meltseason2,-0.2965770904467867,Dischma
D2d,D2d,D2d,2007,SWE_melt_NSE__KGE_meltseason2,0.028701096573718287,Dischma
D2d,D2d,D2d,2007,SWE_melt_NSE__Qmean_meltseason2_APE,0.39693219791724355,Dischma
D2d,D2d,D2d,2007,melt_sum_APE__NSE_meltseason2,-0.20353339408513219,Dischma
D2d,D2d,D2d,2007,melt_sum_APE__KGE_meltseason2,-0.10182796600526556,Dischma
D2d,D2d,D2d,2007,melt_sum_APE__Qmean_meltseason2_APE,-0.006913492803016733,Dischma
D2d,D2d,D2d,2007,SWE_NSE__NSE_meltseason2,-0.2420699061129141,Dischma
D2d,D2d,D2d,2007,SWE_NSE__KGE_meltseason2,-0.03815931914726827,Dischma
D2d,D2d,D2d,2007,SWE_NSE__Qmean_meltseason2_APE,0.025379242520219177,Dischma
D2d,D2d,D2d,2008,SWE_melt_NSE__NSE_meltseason2,-0.010630189353088692,Dischma
D2d,D2d,D2d,2008,SWE_melt_NSE__KGE_meltseason2,-0.05078917239080046,Dischma
D2d,D2d,D2d,2008,SWE_melt_NSE__Qmean_meltseason2_APE,0.75160357076834,Dischma
D2d,D2d,D2d,2008,melt_sum_APE__NSE_meltseason2,-0.44320009552890416,Dischma
D2d,D2d,D2d,2008,melt_sum_APE__KGE_meltseason2,-0.1783487985830303,Dischma
D2d,D2d,D2d,2008,melt_sum_APE__Qmean_meltseason2_APE,0.31800649591616625,Dischma
D2d,D2d,D2d,2008,SWE_NSE__NSE_meltseason2,-0.20913558638991026,Dischma
D2d,D2d,D2d,2008,SWE_NSE__KGE_meltseason2,-0.14029913438644162,Dischma
D2d,D2d,D2d,2008,SWE_NSE__Qmean_meltseason2_APE,0.5496870259736255,Dischma
D2d,D2d,D2d,2009,SWE_melt_NSE__NSE_meltseason2,0.2963482853825957,Dischma
D2d,D2d,D2d,2009,SWE_melt_NSE__KGE_meltseason2,0.15465202856678698,Dischma
D2d,D2d,D2d,2009,SWE_melt_NSE__Qmean_meltseason2_APE,0.401500991512375,Dischma
D2d,D2d,D2d,2009,melt_sum_APE__NSE_meltseason2,-0.513570531106516,Dischma
D2d,D2d,D2d,2009,melt_sum_APE__KGE_meltseason2,-0.17517063785376283,Dischma
D2d,D2d,D2d,2009,melt_sum_APE__Qmean_meltseason2_APE,0.16656059759317188,Dischma
D2d,D2d,D2d,2009,SWE_NSE__NSE_meltseason2,0.38991892673024375,Dischma
D2d,D2d,D2d,2009,SWE_NSE__KGE_meltseason2,0.015122216652814092,Dischma
D2d,D2d,D2d,2009,SWE_NSE__Qmean_meltseason2_APE,0.33777604781246634,Dischma
D2d,D2d,D2d,2010,SWE_melt_NSE__NSE_meltseason2,-0.5781010950659228,Dischma
D2d,D2d,D2d,2010,SWE_melt_NSE__KGE_meltseason2,-0.4660650994903813,Dischma
D2d,D2d,D2d,2010,SWE_melt_NSE__Qmean_meltseason2_APE,0.042376947704146344,Dischma
D2d,D2d,D2d,2010,melt_sum_APE__NSE_meltseason2,-0.08907745269356754,Dischma
D2d,D2d,D2d,2010,melt_sum_APE__KGE_meltseason2,-0.2797402817649499,Dischma
D2d,D2d,D2d,2010,melt_sum_APE__Qmean_meltseason2_APE,0.1281345792788598,Dischma
D2d,D2d,D2d,2010,SWE_NSE__NSE_meltseason2,-0.3371224079758315,Dischma
D2d,D2d,D2d,2010,SWE_NSE__KGE_meltseason2,-0.38242971112699786,Dischma
D2d,D2d,D2d,2010,SWE_NSE__Qmean_meltseason2_APE,0.14894839168442614,Dischma
D2d,D2d,D2d,2011,SWE_melt_NSE__NSE_meltseason2,0.543048668976869,Dischma
D2d,D2d,D2d,2011,SWE_melt_NSE__KGE_meltseason2,0.3670695722252614,Dischma
D2d,D2d,D2d,2011,SWE_melt_NSE__Qmean_meltseason2_APE,0.5094952111105127,Dischma
D2d,D2d,D2d,2011,melt_sum_APE__NSE_meltseason2,0.04296183579879111,Dischma
D2d,D2d,D2d,2011,melt_sum_APE__KGE_meltseason2,-0.008767476394037039,Dischma
D2d,D2d,D2d,2011,melt_sum_APE__Qmean_meltseason2_APE,0.07007686461019476,Dischma
D2d,D2d,D2d,2011,SWE_NSE__NSE_meltseason2,0.5346942690982062,Dischma
D2d,D2d,D2d,2011,SWE_NSE__KGE_meltseason2,0.3646639767637246,Dischma
D2d,D2d,D2d,2011,SWE_NSE__Qmean_meltseason2_APE,0.680748182908635,Dischma
D2d,D2d,D2d,2012,SWE_melt_NSE__NSE_meltseason2,0.03357552725897979,Dischma
D2d,D2d,D2d,2012,SWE_melt_NSE__KGE_meltseason2,0.041081985109937255,Dischma
D2d,D2d,D2d,2012,SWE_melt_NSE__Qmean_meltseason2_APE,0.7433084279468065,Dischma
D2d,D2d,D2d,2012,melt_sum_APE__NSE_meltseason2,-0.264071827983846,Dischma
D2d,D2d,D2d,2012,melt_sum_APE__KGE_meltseason2,0.2646860317049521,Dischma
D2d,D2d,D2d,2012,melt_sum_APE__Qmean_meltseason2_APE,0.07484306896997882,Dischma
D2d,D2d,D2d,2012,SWE_NSE__NSE_meltseason2,-0.12613187981839455,Dischma
D2d,D2d,D2d,2012,SWE_NSE__KGE_meltseason2,-0.03674918614720508,Dischma
D2d,D2d,D2d,2012,SWE_NSE__Qmean_meltseason2_APE,0.1645747952784058,Dischma
D2d,D2d,D2d,2013,SWE_melt_NSE__NSE_meltseason2,-0.10495475376990196,Dischma
D2d,D2d,D2d,2013,SWE_melt_NSE__KGE_meltseason2,0.07977241872948468,Dischma
D2d,D2d,D2d,2013,SWE_melt_NSE__Qmean_meltseason2_APE,0.5657068811948407,Dischma
D2d,D2d,D2d,2013,melt_sum_APE__NSE_meltseason2,-0.39108697917249985,Dischma
D2d,D2d,D2d,2013,melt_sum_APE__KGE_meltseason2,-0.15204838928156766,Dischma
D2d,D2d,D2d,2013,melt_sum_APE__Qmean_meltseason2_APE,0.4824583178083226,Dischma
D2d,D2d,D2d,2013,SWE_NSE__NSE_meltseason2,-0.13724084143666318,Dischma
D2d,D2d,D2d,2013,SWE_NSE__KGE_meltseason2,-0.029502048000669242,Dischma
D2d,D2d,D2d,2013,SWE_NSE__Qmean_meltseason2_APE,0.5401110402016953,Dischma
D2d,D2d,D2d,2014,SWE_melt_NSE__NSE_meltseason2,-0.04501472869579894,Dischma
D2d,D2d,D2d,2014,SWE_melt_NSE__KGE_meltseason2,0.2886261197365347,Dischma
D2d,D2d,D2d,2014,SWE_melt_NSE__Qmean_meltseason2_APE,0.5425078078834957,Dischma
D2d,D2d,D2d,2014,melt_sum_APE__NSE_meltseason2,-0.2419098677128485,Dischma
D2d,D2d,D2d,2014,melt_sum_APE__KGE_meltseason2,0.11343386173089551,Dischma
D2d,D2d,D2d,2014,melt_sum_APE__Qmean_meltseason2_APE,0.3578583466370477,Dischma
D2d,D2d,D2d,2014,SWE_NSE__NSE_meltseason2,-0.12451859050493895,Dischma
D2d,D2d,D2d,2014,SWE_NSE__KGE_meltseason2,0.38689157351151876,Dischma
D2d,D2d,D2d,2014,SWE_NSE__Qmean_meltseason2_APE,0.5033563283192801,Dischma
D2d,D2d,D2d,2015,SWE_melt_NSE__NSE_meltseason2,-0.04921912960197303,Dischma
D2d,D2d,D2d,2015,SWE_melt_NSE__KGE_meltseason2,0.12031704745377125,Dischma
D2d,D2d,D2d,2015,SWE_melt_NSE__Qmean_meltseason2_APE,0.5787738060345062,Dischma
D2d,D2d,D2d,2015,melt_sum_APE__NSE_meltseason2,0.04473562605690901,Dischma
D2d,D2d,D2d,2015,melt_sum_APE__KGE_meltseason2,-0.05012739787084045,Dischma
D2d,D2d,D2d,2015,melt_sum_APE__Qmean_meltseason2_APE,0.1890101252821506,Dischma
D2d,D2d,D2d,2015,SWE_NSE__NSE_meltseason2,0.09308637855909795,Dischma
D2d,D2d,D2d,2015,SWE_NSE__KGE_meltseason2,-0.18219194204755929,Dischma
D2d,D2d,D2d,2015,SWE_NSE__Qmean_meltseason2_APE,0.35102890570771733,Dischma
D2d,D2d,D2d,2016,SWE_melt_NSE__NSE_meltseason2,-0.3676845380155427,Dischma
D2d,D2d,D2d,2016,SWE_melt_NSE__KGE_meltseason2,0.13149697834324522,Dischma
D2d,D2d,D2d,2016,SWE_melt_NSE__Qmean_meltseason2_APE,0.3857214971442886,Dischma
D2d,D2d,D2d,2016,melt_sum_APE__NSE_meltseason2,-0.15404954612138094,Dischma
D2d,D2d,D2d,2016,melt_sum_APE__KGE_meltseason2,-0.03787838351325264,Dischma
D2d,D2d,D2d,2016,melt_sum_APE__Qmean_meltseason2_APE,0.12027671099946571,Dischma
D2d,D2d,D2d,2016,SWE_NSE__NSE_meltseason2,-0.10063687053545099,Dischma
D2d,D2d,D2d,2016,SWE_NSE__KGE_meltseason2,-0.01660196733712993,Dischma
D2d,D2d,D2d,2016,SWE_NSE__Qmean_meltseason2_APE,0.3706107165884964,Dischma
D2d,D2d,D2d,2017,SWE_melt_NSE__NSE_meltseason2,-0.04039403812428722,Dischma
D2d,D2d,D2d,2017,SWE_melt_NSE__KGE_meltseason2,0.26184959844895056,Dischma
D2d,D2d,D2d,2017,SWE_melt_NSE__Qmean_meltseason2_APE,0.25277465019840784,Dischma
D2d,D2d,D2d,2017,melt_sum_APE__NSE_meltseason2,0.07128030608859375,Dischma
D2d,D2d,D2d,2017,melt_sum_APE__KGE_meltseason2,-0.014831351401085786,Dischma
D2d,D2d,D2d,2017,melt_sum_APE__Qmean_meltseason2_APE,-0.08050454122696252,Dischma
D2d,D2d,D2d,2017,SWE_NSE__NSE_meltseason2,0.1928297996543917,Dischma
D2d,D2d,D2d,2017,SWE_NSE__KGE_meltseason2,0.22397325571155838,Dischma
D2d,D2d,D2d,2017,SWE_NSE__Qmean_meltseason2_APE,0.20573482079536148,Dischma
D2d,D2d,D2d,2018,SWE_melt_NSE__NSE_meltseason2,0.1660014335062139,Dischma
D2d,D2d,D2d,2018,SWE_melt_NSE__KGE_meltseason2,-0.020201427492992325,Dischma
D2d,D2d,D2d,2018,SWE_melt_NSE__Qmean_meltseason2_APE,0.3537739041654121,Dischma
D2d,D2d,D2d,2018,melt_sum_APE__NSE_meltseason2,-0.5102866325033655,Dischma
D2d,D2d,D2d,2018,melt_sum_APE__KGE_meltseason2,-0.16752684327216127,Dischma
D2d,D2d,D2d,2018,melt_sum_APE__Qmean_meltseason2_APE,-0.022664552993201595,Dischma
D2d,D2d,D2d,2018,SWE_NSE__NSE_meltseason2,0.42420669079806006,Dischma
D2d,D2d,D2d,2018,SWE_NSE__KGE_meltseason2,0.3501021406980813,Dischma
D2d,D2d,D2d,2018,SWE_NSE__Qmean_meltseason2_APE,0.49488371126380526,Dischma
D2d,D2d,D2d,2019,SWE_melt_NSE__NSE_meltseason2,0.019598505095726616,Dischma
D2d,D2d,D2d,2019,SWE_melt_NSE__KGE_meltseason2,0.49212068328043534,Dischma
D2d,D2d,D2d,2019,SWE_melt_NSE__Qmean_meltseason2_APE,0.23457582385247286,Dischma
D2d,D2d,D2d,2019,melt_sum_APE__NSE_meltseason2,-0.5871694337047109,Dischma
D2d,D2d,D2d,2019,melt_sum_APE__KGE_meltseason2,-0.048267588620159355,Dischma
D2d,D2d,D2d,2019,melt_sum_APE__Qmean_meltseason2_APE,-0.2339571729693701,Dischma
D2d,D2d,D2d,2019,SWE_NSE__NSE_meltseason2,0.09103507615362279,Dischma
D2d,D2d,D2d,2019,SWE_NSE__KGE_meltseason2,0.3445498918110673,Dischma
D2d,D2d,D2d,2019,SWE_NSE__Qmean_meltseason2_APE,0.08133348506994931,Dischma
D2d,D2d,D2d,2020,SWE_melt_NSE__NSE_meltseason2,-0.3380882951740335,Dischma
D2d,D2d,D2d,2020,SWE_melt_NSE__KGE_meltseason2,-0.41711681029103626,Dischma
D2d,D2d,D2d,2020,SWE_melt_NSE__Qmean_meltseason2_APE,0.4938665801373785,Dischma
D2d,D2d,D2d,2020,melt_sum_APE__NSE_meltseason2,-0.07464095388133532,Dischma
D2d,D2d,D2d,2020,melt_sum_APE__KGE_meltseason2,0.0868852250570414,Dischma
D2d,D2d,D2d,2020,melt_sum_APE__Qmean_meltseason2_APE,0.14395869287087198,Dischma
D2d,D2d,D2d,2020,SWE_NSE__NSE_meltseason2,0.0825892083221144,Dischma
D2d,D2d,D2d,2020,SWE_NSE__KGE_meltseason2,-0.11543064657108895,Dischma
D2d,D2d,D2d,2020,SWE_NSE__Qmean_meltseason2_APE,0.4863173109827206,Dischma
D2d,D2d,D2d,2021,SWE_melt_NSE__NSE_meltseason2,0.16516838632092312,Dischma
D2d,D2d,D2d,2021,SWE_melt_NSE__KGE_meltseason2,0.08232331802796379,Dischma
D2d,D2d,D2d,2021,SWE_melt_NSE__Qmean_meltseason2_APE,0.635637358662408,Dischma
D2d,D2d,D2d,2021,melt_sum_APE__NSE_meltseason2,-0.18576206206134163,Dischma
D2d,D2d,D2d,2021,melt_sum_APE__KGE_meltseason2,0.10283204183052297,Dischma
D2d,D2d,D2d,2021,melt_sum_APE__Qmean_meltseason2_APE,0.16475107180673415,Dischma
D2d,D2d,D2d,2021,SWE_NSE__NSE_meltseason2,0.4007398821894258,Dischma
D2d,D2d,D2d,2021,SWE_NSE__KGE_meltseason2,-0.05877018801356811,Dischma
D2d,D2d,D2d,2021,SWE_NSE__Qmean_meltseason2_APE,0.4352235515847898,Dischma
D2d,D2d,D2d,2022,SWE_melt_NSE__NSE_meltseason2,0.1875305953411345,Dischma
D2d,D2d,D2d,2022,SWE_melt_NSE__KGE_meltseason2,0.03820486269189594,Dischma
D2d,D2d,D2d,2022,SWE_melt_NSE__Qmean_meltseason2_APE,0.6436662597313592,Dischma
D2d,D2d,D2d,2022,melt_sum_APE__NSE_meltseason2,-0.017773505110697144,Dischma
D2d,D2d,D2d,2022,melt_sum_APE__KGE_meltseason2,0.025245655845581142,Dischma
D2d,D2d,D2d,2022,melt_sum_APE__Qmean_meltseason2_APE,0.1621961783395211,Dischma
D2d,D2d,D2d,2022,SWE_NSE__NSE_meltseason2,-0.011469526946698637,Dischma
D2d,D2d,D2d,2022,SWE_NSE__KGE_meltseason2,-0.2311617473846012,Dischma
D2d,D2d,D2d,2022,SWE_NSE__Qmean_meltseason2_APE,0.2899720026960814,Dischma
American_WA,American_WA,American_WA,2001,SWE_melt_NSE__NSE_meltseason2,-0.4876992356587852,WUS
American_WA,American_WA,American_WA,2001,SWE_melt_NSE__KGE_meltseason2,-0.47391884436481574,WUS
American_WA,American_WA,American_WA,2001,SWE_melt_NSE__Qmean_meltseason2_APE,0.016273522249566904,WUS
American_WA,American_WA,American_WA,2001,melt_sum_APE__NSE_meltseason2,-0.8870909987293717,WUS
American_WA,American_WA,American_WA,2001,melt_sum_APE__KGE_meltseason2,-0.5849625007211563,WUS
American_WA,American_WA,American_WA,2001,melt_sum_APE__Qmean_meltseason2_APE,0.1751318464977358,WUS
American_WA,American_WA,American_WA,2001,SWE_NSE__NSE_meltseason2,-0.21773803366192726,WUS
American_WA,American_WA,American_WA,2001,SWE_NSE__KGE_meltseason2,-0.143806725374897,WUS
American_WA,American_WA,American_WA,2001,SWE_NSE__Qmean_meltseason2_APE,0.3629584121481872,WUS
American_WA,American_WA,American_WA,2002,SWE_melt_NSE__NSE_meltseason2,-0.21959638204201454,WUS
American_WA,American_WA,American_WA,2002,SWE_melt_NSE__KGE_meltseason2,-0.06520122977818364,WUS
American_WA,American_WA,American_WA,2002,SWE_melt_NSE__Qmean_meltseason2_APE,0.40821847630029096,WUS
American_WA,American_WA,American_WA,2002,melt_sum_APE__NSE_meltseason2,-0.5903535609230461,WUS
American_WA,American_WA,American_WA,2002,melt_sum_APE__KGE_meltseason2,-0.28689139060081553,WUS
American_WA,American_WA,American_WA,2002,melt_sum_APE__Qmean_meltseason2_APE,0.1831596831197498,WUS
American_WA,American_WA,American_WA,2002,SWE_NSE__NSE_meltseason2,0.011012992722417642,WUS
American_WA,American_WA,American_WA,2002,SWE_NSE__KGE_meltseason2,-0.07257000946516087,WUS
American_WA,American_WA,American_WA,2002,SWE_NSE__Qmean_meltseason2_APE,0.39875732937728153,WUS
American_WA,American_WA,American_WA,2003,SWE_melt_NSE__NSE_meltseason2,0.14317121336245833,WUS
American_WA,American_WA,American_WA,2003,SWE_melt_NSE__KGE_meltseason2,-0.13028378564102963,WUS
American_WA,American_WA,American_WA,2003,SWE_melt_NSE__Qmean_meltseason2_APE,0.3559262958686763,WUS
American_WA,American_WA,American_WA,2003,melt_sum_APE__NSE_meltseason2,-0.42539348836029545,WUS
American_WA,American_WA,American_WA,2003,melt_sum_APE__KGE_meltseason2,-0.38778976649327274,WUS
American_WA,American_WA,American_WA,2003,melt_sum_APE__Qmean_meltseason2_APE,-0.12021019078201674,WUS
American_WA,American_WA,American_WA,2003,SWE_NSE__NSE_meltseason2,-0.29087500868606775,WUS
American_WA,American_WA,American_WA,2003,SWE_NSE__KGE_meltseason2,-0.2780185704700083,WUS
American_WA,American_WA,American_WA,2003,SWE_NSE__Qmean_meltseason2_APE,0.360069018300265,WUS
American_WA,American_WA,American_WA,2004,SWE_melt_NSE__NSE_meltseason2,-0.06886584322051278,WUS
American_WA,American_WA,American_WA,2004,SWE_melt_NSE__KGE_meltseason2,-0.30827307082789096,WUS
American_WA,American_WA,American_WA,2004,SWE_melt_NSE__Qmean_meltseason2_APE,0.09660643508339299,WUS
American_WA,American_WA,American_WA,2004,melt_sum_APE__NSE_meltseason2,-0.711269651341844,WUS
American_WA,American_WA,American_WA,2004,melt_sum_APE__KGE_meltseason2,-0.689296854144589,WUS
American_WA,American_WA,American_WA,2004,melt_sum_APE__Qmean_meltseason2_APE,0.06063927821767482,WUS
American_WA,American_WA,American_WA,2004,SWE_NSE__NSE_meltseason2,0.3348865206989939,WUS
American_WA,American_WA,American_WA,2004,SWE_NSE__KGE_meltseason2,0.22887093271641076,WUS
American_WA,American_WA,American_WA,2004,SWE_NSE__Qmean_meltseason2_APE,0.2769560519113327,WUS
American_WA,American_WA,American_WA,2005,SWE_melt_NSE__NSE_meltseason2,-0.5424644959514083,WUS
American_WA,American_WA,American_WA,2005,SWE_melt_NSE__KGE_meltseason2,-0.5178094909145979,WUS
American_WA,American_WA,American_WA,2005,SWE_melt_NSE__Qmean_meltseason2_APE,0.200432227175977,WUS
American_WA,American_WA,American_WA,2005,melt_sum_APE__NSE_meltseason2,-0.44502724020895634,WUS
American_WA,American_WA,American_WA,2005,melt_sum_APE__KGE_meltseason2,-0.34093494167047894,WUS
American_WA,American_WA,American_WA,2005,melt_sum_APE__Qmean_meltseason2_APE,0.07196566332775181,WUS
American_WA,American_WA,American_WA,2005,SWE_NSE__NSE_meltseason2,-0.23954605291142414,WUS
American_WA,American_WA,American_WA,2005,SWE_NSE__KGE_meltseason2,-0.23467554370967694,WUS
American_WA,American_WA,American_WA,2005,SWE_NSE__Qmean_meltseason2_APE,0.2400443157136926,WUS
American_WA,American_WA,American_WA,2006,SWE_melt_NSE__NSE_meltseason2,0.19286303514400244,WUS
American_WA,American_WA,American_WA,2006,SWE_melt_NSE__KGE_meltseason2,-0.32319348885787347,WUS
American_WA,American_WA,American_WA,2006,SWE_melt_NSE__Qmean_meltseason2_APE,0.16093956056833786,WUS
American_WA,American_WA,American_WA,2006,melt_sum_APE__NSE_meltseason2,-0.9682054337237568,WUS
American_WA,American_WA,American_WA,2006,melt_sum_APE__KGE_meltseason2,-0.9622159455480078,WUS
American_WA,American_WA,American_WA,2006,melt_sum_APE__Qmean_meltseason2_APE,-0.08028345325251157,WUS
American_WA,American_WA,American_WA,2006,SWE_NSE__NSE_meltseason2,-0.03380635424785648,WUS
American_WA,American_WA,American_WA,2006,SWE_NSE__KGE_meltseason2,-0.11999003978239368,WUS
American_WA,American_WA,American_WA,2006,SWE_NSE__Qmean_meltseason2_APE,0.06089044421004853,WUS
American_WA,American_WA,American_WA,2007,SWE_melt_NSE__NSE_meltseason2,-0.18993923292452802,WUS
American_WA,American_WA,American_WA,2007,SWE_melt_NSE__KGE_meltseason2,0.026772428829944496,WUS
American_WA,American_WA,American_WA,2007,SWE_melt_NSE__Qmean_meltseason2_APE,0.4380088034578685,WUS
American_WA,American_WA,American_WA,2007,melt_sum_APE__NSE_meltseason2,-0.5927372317816385,WUS
American_WA,American_WA,American_WA,2007,melt_sum_APE__KGE_meltseason2,-0.19143017678353677,WUS
American_WA,American_WA,American_WA,2007,melt_sum_APE__Qmean_meltseason2_APE,0.2069085852888063,WUS
American_WA,American_WA,American_WA,2007,SWE_NSE__NSE_meltseason2,-0.06384648202462594,WUS
American_WA,American_WA,American_WA,2007,SWE_NSE__KGE_meltseason2,-0.07010291786347993,WUS
American_WA,American_WA,American_WA,2007,SWE_NSE__Qmean_meltseason2_APE,0.5009841080818029,WUS
American_WA,American_WA,American_WA,2008,SWE_melt_NSE__NSE_meltseason2,-0.2749483760522952,WUS
American_WA,American_WA,American_WA,2008,SWE_melt_NSE__KGE_meltseason2,-0.10515570851639795,WUS
American_WA,American_WA,American_WA,2008,SWE_melt_NSE__Qmean_meltseason2_APE,0.4016932155878954,WUS
American_WA,American_WA,American_WA,2008,melt_sum_APE__NSE_meltseason2,-0.5805748413486614,WUS
American_WA,American_WA,American_WA,2008,melt_sum_APE__KGE_meltseason2,-0.6057387327446979,WUS
American_WA,American_WA,American_WA,2008,melt_sum_APE__Qmean_meltseason2_APE,0.03822204433512527,WUS
American_WA,American_WA,American_WA,2008,SWE_NSE__NSE_meltseason2,-0.11000505410707573,WUS
American_WA,American_WA,American_WA,2008,SWE_NSE__KGE_meltseason2,-0.2713129699453916,WUS
American_WA,American_WA,American_WA,2008,SWE_NSE__Qmean_meltseason2_APE,0.1545990651216103,WUS
American_WA,American_WA,American_WA,2009,SWE_melt_NSE__NSE_meltseason2,-0.10676678104562567,WUS
American_WA,American_WA,American_WA,2009,SWE_melt_NSE__KGE_meltseason2,0.054139859782550495,WUS
American_WA,American_WA,American_WA,2009,SWE_melt_NSE__Qmean_meltseason2_APE,0.271929235090467,WUS
American_WA,American_WA,American_WA,2009,melt_sum_APE__NSE_meltseason2,-0.6117619143443052,WUS
American_WA,American_WA,American_WA,2009,melt_sum_APE__KGE_meltseason2,-0.143082699416382,WUS
American_WA,American_WA,American_WA,2009,melt_sum_APE__Qmean_meltseason2_APE,0.028669342831269918,WUS
American_WA,American_WA,American_WA,2009,SWE_NSE__NSE_meltseason2,0.006513306958674691,WUS
American_WA,American_WA,American_WA,2009,SWE_NSE__KGE_meltseason2,0.01466804978883552,WUS
American_WA,American_WA,American_WA,2009,SWE_NSE__Qmean_meltseason2_APE,0.24264215009220447,WUS
American_WA,American_WA,American_WA,2010,SWE_melt_NSE__NSE_meltseason2,-0.004312992871082601,WUS
American_WA,American_WA,American_WA,2010,SWE_melt_NSE__KGE_meltseason2,-0.162095511932327,WUS
American_WA,American_WA,American_WA,2010,SWE_melt_NSE__Qmean_meltseason2_APE,0.28175177713321725,WUS
American_WA,American_WA,American_WA,2010,melt_sum_APE__NSE_meltseason2,-0.4272416388659699,WUS
American_WA,American_WA,American_WA,2010,melt_sum_APE__KGE_meltseason2,-0.08732743696556722,WUS
American_WA,American_WA,American_WA,2010,melt_sum_APE__Qmean_meltseason2_APE,0.052925752979570244,WUS
American_WA,American_WA,American_WA,2010,SWE_NSE__NSE_meltseason2,-0.014053536288906933,WUS
American_WA,American_WA,American_WA,2010,SWE_NSE__KGE_meltseason2,0.07808940720755438,WUS
American_WA,American_WA,American_WA,2010,SWE_NSE__Qmean_meltseason2_APE,0.1998014934833577,WUS
American_WA,American_WA,American_WA,2011,SWE_melt_NSE__NSE_meltseason2,-0.06419594876387891,WUS
American_WA,American_WA,American_WA,2011,SWE_melt_NSE__KGE_meltseason2,0.16836906522358577,WUS
American_WA,American_WA,American_WA,2011,SWE_melt_NSE__Qmean_meltseason2_APE,0.5940235682419002,WUS
American_WA,American_WA,American_WA,2011,melt_sum_APE__NSE_meltseason2,-0.5353263316572011,WUS
American_WA,American_WA,American_WA,2011,melt_sum_APE__KGE_meltseason2,-0.6991080507652332,WUS
American_WA,American_WA,American_WA,2011,melt_sum_APE__Qmean_meltseason2_APE,-0.3312804231736724,WUS
American_WA,American_WA,American_WA,2011,SWE_NSE__NSE_meltseason2,0.03779138453420626,WUS
American_WA,American_WA,American_WA,2011,SWE_NSE__KGE_meltseason2,-0.22841045456108572,WUS
American_WA,American_WA,American_WA,2011,SWE_NSE__Qmean_meltseason2_APE,0.23623579960028693,WUS
American_WA,American_WA,American_WA,2012,SWE_melt_NSE__NSE_meltseason2,0.08291800241538953,WUS
American_WA,American_WA,American_WA,2012,SWE_melt_NSE__KGE_meltseason2,-0.21543387875074005,WUS
American_WA,American_WA,American_WA,2012,SWE_melt_NSE__Qmean_meltseason2_APE,0.17781756162892015,WUS
American_WA,American_WA,American_WA,2012,melt_sum_APE__NSE_meltseason2,-0.7434211462851288,WUS
American_WA,American_WA,American_WA,2012,melt_sum_APE__KGE_meltseason2,-0.7671468617176344,WUS
American_WA,American_WA,American_WA,2012,melt_sum_APE__Qmean_meltseason2_APE,-0.01227297326064614,WUS
American_WA,American_WA,American_WA,2012,SWE_NSE__NSE_meltseason2,0.2995602818589079,WUS
American_WA,American_WA,American_WA,2012,SWE_NSE__KGE_meltseason2,0.10929501941767851,WUS
American_WA,American_WA,American_WA,2012,SWE_NSE__Qmean_meltseason2_APE,0.31114825613411956,WUS
American_WA,American_WA,American_WA,2013,SWE_melt_NSE__NSE_meltseason2,0.028924285591459233,WUS
American_WA,American_WA,American_WA,2013,SWE_melt_NSE__KGE_meltseason2,0.26003125277196043,WUS
American_WA,American_WA,American_WA,2013,SWE_melt_NSE__Qmean_meltseason2_APE,0.4853368115691462,WUS
American_WA,American_WA,American_WA,2013,melt_sum_APE__NSE_meltseason2,-0.7861715407292408,WUS
American_WA,American_WA,American_WA,2013,melt_sum_APE__KGE_meltseason2,-0.6859286007730818,WUS
American_WA,American_WA,American_WA,2013,melt_sum_APE__Qmean_meltseason2_APE,0.005245215888241281,WUS
American_WA,American_WA,American_WA,2013,SWE_NSE__NSE_meltseason2,0.07920278689836768,WUS
American_WA,American_WA,American_WA,2013,SWE_NSE__KGE_meltseason2,-0.00301608829200002,WUS
American_WA,American_WA,American_WA,2013,SWE_NSE__Qmean_meltseason2_APE,0.45987853197312123,WUS
American_WA,American_WA,American_WA,2014,SWE_melt_NSE__NSE_meltseason2,-0.27895511671184914,WUS
American_WA,American_WA,American_WA,2014,SWE_melt_NSE__KGE_meltseason2,-0.20887532091733488,WUS
American_WA,American_WA,American_WA,2014,SWE_melt_NSE__Qmean_meltseason2_APE,0.016099224074751322,WUS
American_WA,American_WA,American_WA,2014,melt_sum_APE__NSE_meltseason2,-0.6390575122828762,WUS
American_WA,American_WA,American_WA,2014,melt_sum_APE__KGE_meltseason2,-0.5267750866521989,WUS
American_WA,American_WA,American_WA,2014,melt_sum_APE__Qmean_meltseason2_APE,-0.10742841032249048,WUS
American_WA,American_WA,American_WA,2014,SWE_NSE__NSE_meltseason2,-0.0032732743273342336,WUS
American_WA,American_WA,American_WA,2014,SWE_NSE__KGE_meltseason2,-0.09107158123031987,WUS
American_WA,American_WA,American_WA,2014,SWE_NSE__Qmean_meltseason2_APE,0.018538013621991464,WUS
American_WA,American_WA,American_WA,2015,SWE_melt_NSE__NSE_meltseason2,-0.2554894762085265,WUS
American_WA,American_WA,American_WA,2015,SWE_melt_NSE__KGE_meltseason2,-0.16371221713406756,WUS
American_WA,American_WA,American_WA,2015,SWE_melt_NSE__Qmean_meltseason2_APE,0.10492348869628987,WUS
American_WA,American_WA,American_WA,2015,melt_sum_APE__NSE_meltseason2,-0.36232191648035705,WUS
American_WA,American_WA,American_WA,2015,melt_sum_APE__KGE_meltseason2,-0.31871496429217616,WUS
American_WA,American_WA,American_WA,2015,melt_sum_APE__Qmean_meltseason2_APE,0.026108417813190676,WUS
American_WA,American_WA,American_WA,2015,SWE_NSE__NSE_meltseason2,-0.29923166220579084,WUS
American_WA,American_WA,American_WA,2015,SWE_NSE__KGE_meltseason2,-0.019047152662012998,WUS
American_WA,American_WA,American_WA,2015,SWE_NSE__Qmean_meltseason2_APE,0.10103546094703714,WUS
American_WA,American_WA,American_WA,2016,SWE_melt_NSE__NSE_meltseason2,0.011379774486827143,WUS
American_WA,American_WA,American_WA,2016,SWE_melt_NSE__KGE_meltseason2,-0.27603094439337417,WUS
American_WA,American_WA,American_WA,2016,SWE_melt_NSE__Qmean_meltseason2_APE,0.5477338840094251,WUS
American_WA,American_WA,American_WA,2016,melt_sum_APE__NSE_meltseason2,-0.7953805744117797,WUS
American_WA,American_WA,American_WA,2016,melt_sum_APE__KGE_meltseason2,-0.7645514258381058,WUS
American_WA,American_WA,American_WA,2016,melt_sum_APE__Qmean_meltseason2_APE,0.1584389778684648,WUS
American_WA,American_WA,American_WA,2016,SWE_NSE__NSE_meltseason2,-0.09012460823377402,WUS
American_WA,American_WA,American_WA,2016,SWE_NSE__KGE_meltseason2,0.033157452732385545,WUS
American_WA,American_WA,American_WA,2016,SWE_NSE__Qmean_meltseason2_APE,0.4386739718695284,WUS
American_WA,American_WA,American_WA,2017,SWE_melt_NSE__NSE_meltseason2,-0.07855183807153145,WUS
American_WA,American_WA,American_WA,2017,SWE_melt_NSE__KGE_meltseason2,-0.023325885330961874,WUS
American_WA,American_WA,American_WA,2017,SWE_melt_NSE__Qmean_meltseason2_APE,0.4343461955116564,WUS
American_WA,American_WA,American_WA,2017,melt_sum_APE__NSE_meltseason2,-0.7270084229017495,WUS
American_WA,American_WA,American_WA,2017,melt_sum_APE__KGE_meltseason2,-0.7462982460506038,WUS
American_WA,American_WA,American_WA,2017,melt_sum_APE__Qmean_meltseason2_APE,0.09259844456999422,WUS
American_WA,American_WA,American_WA,2017,SWE_NSE__NSE_meltseason2,0.056963534964347154,WUS
American_WA,American_WA,American_WA,2017,SWE_NSE__KGE_meltseason2,-0.34680524007113184,WUS
American_WA,American_WA,American_WA,2017,SWE_NSE__Qmean_meltseason2_APE,0.18339525719541389,WUS
American_WA,American_WA,American_WA,2018,SWE_melt_NSE__NSE_meltseason2,0.11345207466606154,WUS
American_WA,American_WA,American_WA,2018,SWE_melt_NSE__KGE_meltseason2,0.41869246403963023,WUS
American_WA,American_WA,American_WA,2018,SWE_melt_NSE__Qmean_meltseason2_APE,0.5133197555344104,WUS
American_WA,American_WA,American_WA,2018,melt_sum_APE__NSE_meltseason2,-0.6652958669954225,WUS
American_WA,American_WA,American_WA,2018,melt_sum_APE__KGE_meltseason2,-0.3757962402643297,WUS
American_WA,American_WA,American_WA,2018,melt_sum_APE__Qmean_meltseason2_APE,-0.053873924601252024,WUS
American_WA,American_WA,American_WA,2018,SWE_NSE__NSE_meltseason2,-0.059203579515696096,WUS
American_WA,American_WA,American_WA,2018,SWE_NSE__KGE_meltseason2,0.06697620494108238,WUS
American_WA,American_WA,American_WA,2018,SWE_NSE__Qmean_meltseason2_APE,0.359666102879067,WUS
American_WA,American_WA,American_WA,2019,SWE_melt_NSE__NSE_meltseason2,0.017511919524166728,WUS
American_WA,American_WA,American_WA,2019,SWE_melt_NSE__KGE_meltseason2,-0.12635432877970437,WUS
American_WA,American_WA,American_WA,2019,SWE_melt_NSE__Qmean_meltseason2_APE,0.6263956683055446,WUS
American_WA,American_WA,American_WA,2019,melt_sum_APE__NSE_meltseason2,-0.8116635328114611,WUS
American_WA,American_WA,American_WA,2019,melt_sum_APE__KGE_meltseason2,-0.3644284063432262,WUS
American_WA,American_WA,American_WA,2019,melt_sum_APE__Qmean_meltseason2_APE,0.33983007541438887,WUS
American_WA,American_WA,American_WA,2019,SWE_NSE__NSE_meltseason2,0.003757020458893341,WUS
American_WA,American_WA,American_WA,2019,SWE_NSE__KGE_meltseason2,-0.08415769652666745,WUS
American_WA,American_WA,American_WA,2019,SWE_NSE__Qmean_meltseason2_APE,0.37419624706641835,WUS
American_WA,American_WA,American_WA,2020,SWE_melt_NSE__NSE_meltseason2,0.009011903525348764,WUS
American_WA,American_WA,American_WA,2020,SWE_melt_NSE__KGE_meltseason2,-0.2040843307270233,WUS
American_WA,American_WA,American_WA,2020,SWE_melt_NSE__Qmean_meltseason2_APE,0.21361176815570285,WUS
American_WA,American_WA,American_WA,2020,melt_sum_APE__NSE_meltseason2,-0.6883069080805859,WUS
American_WA,American_WA,American_WA,2020,melt_sum_APE__KGE_meltseason2,-0.4185394285518117,WUS
American_WA,American_WA,American_WA,2020,melt_sum_APE__Qmean_meltseason2_APE,0.1070850326442995,WUS
American_WA,American_WA,American_WA,2020,SWE_NSE__NSE_meltseason2,0.09528705769685132,WUS
American_WA,American_WA,American_WA,2020,SWE_NSE__KGE_meltseason2,-0.09336802854368799,WUS
American_WA,American_WA,American_WA,2020,SWE_NSE__Qmean_meltseason2_APE,0.2512921313784925,WUS
American_WA,American_WA,American_WA,2021,SWE_melt_NSE__NSE_meltseason2,-0.11127752709040628,WUS
American_WA,American_WA,American_WA,2021,SWE_melt_NSE__KGE_meltseason2,-0.0038657446518944698,WUS
American_WA,American_WA,American_WA,2021,SWE_melt_NSE__Qmean_meltseason2_APE,0.48832532734838185,WUS
American_WA,American_WA,American_WA,2021,melt_sum_APE__NSE_meltseason2,-0.5372916449083079,WUS
American_WA,American_WA,American_WA,2021,melt_sum_APE__KGE_meltseason2,-0.658485019154756,WUS
American_WA,American_WA,American_WA,2021,melt_sum_APE__Qmean_meltseason2_APE,0.08490422657101512,WUS
American_WA,American_WA,American_WA,2021,SWE_NSE__NSE_meltseason2,0.37479358198162,WUS
American_WA,American_WA,American_WA,2021,SWE_NSE__KGE_meltseason2,0.0705664289871321,WUS
American_WA,American_WA,American_WA,2021,SWE_NSE__Qmean_meltseason2_APE,0.4250049376605256,WUS
American_WA,American_WA,American_WA,2022,SWE_melt_NSE__NSE_meltseason2,-0.16069405370909431,WUS
American_WA,American_WA,American_WA,2022,SWE_melt_NSE__KGE_meltseason2,0.03643045653098965,WUS
American_WA,American_WA,American_WA,2022,SWE_melt_NSE__Qmean_meltseason2_APE,0.06689137193697532,WUS
American_WA,American_WA,American_WA,2022,melt_sum_APE__NSE_meltseason2,-0.4533245866560516,WUS
American_WA,American_WA,American_WA,2022,melt_sum_APE__KGE_meltseason2,-0.016802355564535628,WUS
American_WA,American_WA,American_WA,2022,melt_sum_APE__Qmean_meltseason2_APE,0.10879428027143916,WUS
American_WA,American_WA,American_WA,2022,SWE_NSE__NSE_meltseason2,0.11644709647554871,WUS
American_WA,American_WA,American_WA,2022,SWE_NSE__KGE_meltseason2,0.09514975904017468,WUS
American_WA,American_WA,American_WA,2022,SWE_NSE__Qmean_meltseason2_APE,0.24477655624718783,WUS
Andrews_WA,Andrews_WA,Andrews_WA,2001,SWE_melt_NSE__NSE_meltseason2,-0.2399887012901455,WUS
Andrews_WA,Andrews_WA,Andrews_WA,2001,SWE_melt_NSE__KGE_meltseason2,-0.0708137123747903,WUS
Andrews_WA,Andrews_WA,Andrews_WA,2001,SWE_melt_NSE__Qmean_meltseason2_APE,0.41376479759210333,WUS
Andrews_WA,Andrews_WA,Andrews_WA,2001,melt_sum_APE__NSE_meltseason2,-0.3614877113572804,WUS
Andrews_WA,Andrews_WA,Andrews_WA,2001,melt_sum_APE__KGE_meltseason2,-0.29825103958135757,WUS
Andrews_WA,Andrews_WA,Andrews_WA,2001,melt_sum_APE__Qmean_meltseason2_APE,0.21958414980039634,WUS
Andrews_WA,Andrews_WA,Andrews_WA,2001,SWE_NSE__NSE_meltseason2,0.3437620803424659,WUS
Andrews_WA,Andrews_WA,Andrews_WA,2001,SWE_NSE__KGE_meltseason2,0.09881773621791526,WUS
Andrews_WA,Andrews_WA,Andrews_WA,2001,SWE_NSE__Qmean_meltseason2_APE,0.3164414767493467,WUS
Andrews_WA,Andrews_WA,Andrews_WA,2002,SWE_melt_NSE__NSE_meltseason2,0.018463203626916985,WUS
Andrews_WA,Andrews_WA,Andrews_WA,2002,SWE_melt_NSE__KGE_meltseason2,-0.06996255816756702,WUS
Andrews_WA,Andrews_WA,Andrews_WA,2002,SWE_melt_NSE__Qmean_meltseason2_APE,0.4706041534944939,WUS
Andrews_WA,Andrews_WA,Andrews_WA,2002,melt_sum_APE__NSE_meltseason2,-0.6853199886155057,WUS
Andrews_WA,Andrews_WA,Andrews_WA,2002,melt_sum_APE__KGE_meltseason2,-0.5816893951716468,WUS
Andrews_WA,Andrews_WA,Andrews_WA,2002,melt_sum_APE__Qmean_meltseason2_APE,-0.03862790899662532,WUS
Andrews_WA,Andrews_WA,Andrews_WA,2002,SWE_NSE__NSE_meltseason2,0.07309724603142703,WUS
Andrews_WA,Andrews_WA,Andrews_WA,2002,SWE_NSE__KGE_meltseason2,-0.1038256396638509,WUS
Andrews_WA,Andrews_WA,Andrews_WA,2002,SWE_NSE__Qmean_meltseason2_APE,0.38883073637336857,WUS
Andrews_WA,Andrews_WA,Andrews_WA,2003,SWE_melt_NSE__NSE_meltseason2,-0.36172703895816627,WUS
Andrews_WA,Andrews_WA,Andrews_WA,2003,SWE_melt_NSE__KGE_meltseason2,-0.027861969683057194,WUS
Andrews_WA,Andrews_WA,Andrews_WA,2003,SWE_melt_NSE__Qmean_meltseason2_APE,0.16207414266490908,WUS
Andrews_WA,Andrews_WA,Andrews_WA,2003,melt_sum_APE__NSE_meltseason2,-0.6797004216140188,WUS
Andrews_WA,Andrews_WA,Andrews_WA,2003,melt_sum_APE__KGE_meltseason2,-0.49993418005023665,WUS
Andrews_WA,Andrews_WA,Andrews_WA,2003,melt_sum_APE__Qmean_meltseason2_APE,-0.025134695682654716,WUS
Andrews_WA,Andrews_WA,Andrews_WA,2003,SWE_NSE__NSE_meltseason2,-0.07402203718906318,WUS
Andrews_WA,Andrews_WA,Andrews_WA,2003,SWE_NSE__KGE_meltseason2,-0.3189264127905603,WUS
Andrews_WA,Andrews_WA,Andrews_WA,2003,SWE_NSE__Qmean_meltseason2_APE,0.39653614432291867,WUS
Andrews_WA,Andrews_WA,Andrews_WA,2004,SWE_melt_NSE__NSE_meltseason2,-0.09857355611553087,WUS
Andrews_WA,Andrews_WA,Andrews_WA,2004,SWE_melt_NSE__KGE_meltseason2,-0.23559563600281264,WUS
Andrews_WA,Andrews_WA,Andrews_WA,2004,SWE_melt_NSE__Qmean_meltseason2_APE,0.4507421416853751,WUS
Andrews_WA,Andrews_WA,Andrews_WA,2004,melt_sum_APE__NSE_meltseason2,-0.9085456703733893,WUS
Andrews_WA,Andrews_WA,Andrews_WA,2004,melt_sum_APE__KGE_meltseason2,-0.933376617789838,WUS
Andrews_WA,Andrews_WA,Andrews_WA,2004,melt_sum_APE__Qmean_meltseason2_APE,0.3239200800721601,WUS
Andrews_WA,Andrews_WA,Andrews_WA,2004,SWE_NSE__NSE_meltseason2,0.0509723060321246,WUS
Andrews_WA,Andrews_WA,Andrews_WA,2004,SWE_NSE__KGE_meltseason2,0.11406927870514458,WUS
Andrews_WA,Andrews_WA,Andrews_WA,2004,SWE_NSE__Qmean_meltseason2_APE,0.6608157637579056,WUS
Andrews_WA,Andrews_WA,Andrews_WA,2005,SWE_melt_NSE__NSE_meltseason2,0.5373802675819124,WUS
Andrews_WA,Andrews_WA,Andrews_WA,2005,SWE_melt_NSE__KGE_meltseason2,-0.12043615443406172,WUS
Andrews_WA,Andrews_WA,Andrews_WA,2005,SWE_melt_NSE__Qmean_meltseason2_APE,0.31813604115417304,WUS
Andrews_WA,Andrews_WA,Andrews_WA,2005,melt_sum_APE__NSE_meltseason2,-0.5191642037467639,WUS
Andrews_WA,Andrews_WA,Andrews_WA,2005,melt_sum_APE__KGE_meltseason2,-0.08831538810103641,WUS
Andrews_WA,Andrews_WA,Andrews_WA,2005,melt_sum_APE__Qmean_meltseason2_APE,0.23157106942918732,WUS
Andrews_WA,Andrews_WA,Andrews_WA,2005,SWE_NSE__NSE_meltseason2,0.03686264519000231,WUS
Andrews_WA,Andrews_WA,Andrews_WA,2005,SWE_NSE__KGE_meltseason2,-0.17378785880807168,WUS
Andrews_WA,Andrews_WA,Andrews_WA,2005,SWE_NSE__Qmean_meltseason2_APE,0.03408562309997125,WUS
Andrews_WA,Andrews_WA,Andrews_WA,2006,SWE_melt_NSE__NSE_meltseason2,-0.008640908361391395,WUS
Andrews_WA,Andrews_WA,Andrews_WA,2006,SWE_melt_NSE__KGE_meltseason2,0.04905635751691938,WUS
Andrews_WA,Andrews_WA,Andrews_WA,2006,SWE_melt_NSE__Qmean_meltseason2_APE,0.34590164487915787,WUS
Andrews_WA,Andrews_WA,Andrews_WA,2006,melt_sum_APE__NSE_meltseason2,-0.5067820765469879,WUS
Andrews_WA,Andrews_WA,Andrews_WA,2006,melt_sum_APE__KGE_meltseason2,-0.6604101184355833,WUS
Andrews_WA,Andrews_WA,Andrews_WA,2006,melt_sum_APE__Qmean_meltseason2_APE,-0.40760961231129117,WUS
Andrews_WA,Andrews_WA,Andrews_WA,2006,SWE_NSE__NSE_meltseason2,-0.10694414202723293,WUS
Andrews_WA,Andrews_WA,Andrews_WA,2006,SWE_NSE__KGE_meltseason2,-0.2901586532907305,WUS
Andrews_WA,Andrews_WA,Andrews_WA,2006,SWE_NSE__Qmean_meltseason2_APE,0.12879364521246897,WUS
Andrews_WA,Andrews_WA,Andrews_WA,2007,SWE_melt_NSE__NSE_meltseason2,-0.2550764220103321,WUS
Andrews_WA,Andrews_WA,Andrews_WA,2007,SWE_melt_NSE__KGE_meltseason2,-0.274220266671842,WUS
Andrews_WA,Andrews_WA,Andrews_WA,2007,SWE_melt_NSE__Qmean_meltseason2_APE,0.5277646121370074,WUS
Andrews_WA,Andrews_WA,Andrews_WA,2007,melt_sum_APE__NSE_meltseason2,-0.7477864457883243,WUS
Andrews_WA,Andrews_WA,Andrews_WA,2007,melt_sum_APE__KGE_meltseason2,-0.1781590515639911,WUS
Andrews_WA,Andrews_WA,Andrews_WA,2007,melt_sum_APE__Qmean_meltseason2_APE,0.2709450221766345,WUS
Andrews_WA,Andrews_WA,Andrews_WA,2007,SWE_NSE__NSE_meltseason2,-0.022887728417217437,WUS
Andrews_WA,Andrews_WA,Andrews_WA,2007,SWE_NSE__KGE_meltseason2,0.10319653009827305,WUS
Andrews_WA,Andrews_WA,Andrews_WA,2007,SWE_NSE__Qmean_meltseason2_APE,0.6480202023733274,WUS
Andrews_WA,Andrews_WA,Andrews_WA,2008,SWE_melt_NSE__NSE_meltseason2,-0.23897039430502112,WUS
Andrews_WA,Andrews_WA,Andrews_WA,2008,SWE_melt_NSE__KGE_meltseason2,-0.02269525564132205,WUS
Andrews_WA,Andrews_WA,Andrews_WA,2008,SWE_melt_NSE__Qmean_meltseason2_APE,0.3953926700055452,WUS
Andrews_WA,Andrews_WA,Andrews_WA,2008,melt_sum_APE__NSE_meltseason2,-0.7763802752795497,WUS
Andrews_WA,Andrews_WA,Andrews_WA,2008,melt_sum_APE__KGE_meltseason2,-0.48257987007293235,WUS
Andrews_WA,Andrews_WA,Andrews_WA,2008,melt_sum_APE__Qmean_meltseason2_APE,-0.009831806948972826,WUS
Andrews_WA,Andrews_WA,Andrews_WA,2008,SWE_NSE__NSE_meltseason2,0.023958826407742596,WUS
Andrews_WA,Andrews_WA,Andrews_WA,2008,SWE_NSE__KGE_meltseason2,0.11855835516584402,WUS
Andrews_WA,Andrews_WA,Andrews_WA,2008,SWE_NSE__Qmean_meltseason2_APE,0.5142941845204694,WUS
Andrews_WA,Andrews_WA,Andrews_WA,2009,SWE_melt_NSE__NSE_meltseason2,-0.3186348062287783,WUS
Andrews_WA,Andrews_WA,Andrews_WA,2009,SWE_melt_NSE__KGE_meltseason2,-0.14200906125191684,WUS
Andrews_WA,Andrews_WA,Andrews_WA,2009,SWE_melt_NSE__Qmean_meltseason2_APE,0.32583043711216203,WUS
Andrews_WA,Andrews_WA,Andrews_WA,2009,melt_sum_APE__NSE_meltseason2,-0.6544044370935718,WUS
Andrews_WA,Andrews_WA,Andrews_WA,2009,melt_sum_APE__KGE_meltseason2,-0.39678945059051834,WUS
Andrews_WA,Andrews_WA,Andrews_WA,2009,melt_sum_APE__Qmean_meltseason2_APE,-0.039717632148980386,WUS
Andrews_WA,Andrews_WA,Andrews_WA,2009,SWE_NSE__NSE_meltseason2,0.03399733261791656,WUS
Andrews_WA,Andrews_WA,Andrews_WA,2009,SWE_NSE__KGE_meltseason2,-0.05637181531813955,WUS
Andrews_WA,Andrews_WA,Andrews_WA,2009,SWE_NSE__Qmean_meltseason2_APE,0.3883409537931506,WUS
Andrews_WA,Andrews_WA,Andrews_WA,2010,SWE_melt_NSE__NSE_meltseason2,-0.06522412652394016,WUS
Andrews_WA,Andrews_WA,Andrews_WA,2010,SWE_melt_NSE__KGE_meltseason2,-0.43356294207164214,WUS
Andrews_WA,Andrews_WA,Andrews_WA,2010,SWE_melt_NSE__Qmean_meltseason2_APE,0.3886790378884839,WUS
Andrews_WA,Andrews_WA,Andrews_WA,2010,melt_sum_APE__NSE_meltseason2,-0.8011472447420472,WUS
Andrews_WA,Andrews_WA,Andrews_WA,2010,melt_sum_APE__KGE_meltseason2,-0.6745801697094367,WUS
Andrews_WA,Andrews_WA,Andrews_WA,2010,melt_sum_APE__Qmean_meltseason2_APE,0.015437378738648038,WUS
Andrews_WA,Andrews_WA,Andrews_WA,2010,SWE_NSE__NSE_meltseason2,0.2275229211988543,WUS
Andrews_WA,Andrews_WA,Andrews_WA,2010,SWE_NSE__KGE_meltseason2,0.05664001345414367,WUS
Andrews_WA,Andrews_WA,Andrews_WA,2010,SWE_NSE__Qmean_meltseason2_APE,0.5413030966349406,WUS
Andrews_WA,Andrews_WA,Andrews_WA,2011,SWE_melt_NSE__NSE_meltseason2,-0.10968989430894223,WUS
Andrews_WA,Andrews_WA,Andrews_WA,2011,SWE_melt_NSE__KGE_meltseason2,-0.35914731374391934,WUS
Andrews_WA,Andrews_WA,Andrews_WA,2011,SWE_melt_NSE__Qmean_meltseason2_APE,0.5385716113523269,WUS
Andrews_WA,Andrews_WA,Andrews_WA,2011,melt_sum_APE__NSE_meltseason2,-0.5653698397393803,WUS
Andrews_WA,Andrews_WA,Andrews_WA,2011,melt_sum_APE__KGE_meltseason2,-0.5502596309093447,WUS
Andrews_WA,Andrews_WA,Andrews_WA,2011,melt_sum_APE__Qmean_meltseason2_APE,-0.12909077295229215,WUS
Andrews_WA,Andrews_WA,Andrews_WA,2011,SWE_NSE__NSE_meltseason2,0.3946033817554677,WUS
Andrews_WA,Andrews_WA,Andrews_WA,2011,SWE_NSE__KGE_meltseason2,0.30608444049055145,WUS
Andrews_WA,Andrews_WA,Andrews_WA,2011,SWE_NSE__Qmean_meltseason2_APE,0.37506210514209015,WUS
Andrews_WA,Andrews_WA,Andrews_WA,2012,SWE_melt_NSE__NSE_meltseason2,0.09195505040793996,WUS
Andrews_WA,Andrews_WA,Andrews_WA,2012,SWE_melt_NSE__KGE_meltseason2,0.1888539586353138,WUS
Andrews_WA,Andrews_WA,Andrews_WA,2012,SWE_melt_NSE__Qmean_meltseason2_APE,0.26230729095506483,WUS
Andrews_WA,Andrews_WA,Andrews_WA,2012,melt_sum_APE__NSE_meltseason2,-0.6521032834205887,WUS
Andrews_WA,Andrews_WA,Andrews_WA,2012,melt_sum_APE__KGE_meltseason2,-0.7692494199689779,WUS
Andrews_WA,Andrews_WA,Andrews_WA,2012,melt_sum_APE__Qmean_meltseason2_APE,0.08434750451713188,WUS
Andrews_WA,Andrews_WA,Andrews_WA,2012,SWE_NSE__NSE_meltseason2,0.16367375966771378,WUS
Andrews_WA,Andrews_WA,Andrews_WA,2012,SWE_NSE__KGE_meltseason2,-0.33999359034837984,WUS
Andrews_WA,Andrews_WA,Andrews_WA,2012,SWE_NSE__Qmean_meltseason2_APE,0.33744448544008276,WUS
Andrews_WA,Andrews_WA,Andrews_WA,2013,SWE_melt_NSE__NSE_meltseason2,-0.06657804408740281,WUS
Andrews_WA,Andrews_WA,Andrews_WA,2013,SWE_melt_NSE__KGE_meltseason2,0.4477561499998749,WUS
Andrews_WA,Andrews_WA,Andrews_WA,2013,SWE_melt_NSE__Qmean_meltseason2_APE,0.4344233139170579,WUS
Andrews_WA,Andrews_WA,Andrews_WA,2013,melt_sum_APE__NSE_meltseason2,-0.6743167979238358,WUS
Andrews_WA,Andrews_WA,Andrews_WA,2013,melt_sum_APE__KGE_meltseason2,-0.2922826331388374,WUS
Andrews_WA,Andrews_WA,Andrews_WA,2013,melt_sum_APE__Qmean_meltseason2_APE,-0.23446525363702297,WUS
Andrews_WA,Andrews_WA,Andrews_WA,2013,SWE_NSE__NSE_meltseason2,0.12911727565684222,WUS
Andrews_WA,Andrews_WA,Andrews_WA,2013,SWE_NSE__KGE_meltseason2,0.30516116827765605,WUS
Andrews_WA,Andrews_WA,Andrews_WA,2013,SWE_NSE__Qmean_meltseason2_APE,0.4294330003073336,WUS
Andrews_WA,Andrews_WA,Andrews_WA,2014,SWE_melt_NSE__NSE_meltseason2,-0.10178742215988121,WUS
Andrews_WA,Andrews_WA,Andrews_WA,2014,SWE_melt_NSE__KGE_meltseason2,-0.15110281569921208,WUS
Andrews_WA,Andrews_WA,Andrews_WA,2014,SWE_melt_NSE__Qmean_meltseason2_APE,0.4292398351188184,WUS
Andrews_WA,Andrews_WA,Andrews_WA,2014,melt_sum_APE__NSE_meltseason2,-0.5997108431100615,WUS
Andrews_WA,Andrews_WA,Andrews_WA,2014,melt_sum_APE__KGE_meltseason2,-0.48679764872734466,WUS
Andrews_WA,Andrews_WA,Andrews_WA,2014,melt_sum_APE__Qmean_meltseason2_APE,-0.12916500025375666,WUS
Andrews_WA,Andrews_WA,Andrews_WA,2014,SWE_NSE__NSE_meltseason2,0.05241853403468985,WUS
Andrews_WA,Andrews_WA,Andrews_WA,2014,SWE_NSE__KGE_meltseason2,-0.3711911280360415,WUS
Andrews_WA,Andrews_WA,Andrews_WA,2014,SWE_NSE__Qmean_meltseason2_APE,0.35183717330166847,WUS
Andrews_WA,Andrews_WA,Andrews_WA,2015,SWE_melt_NSE__NSE_meltseason2,-0.28846481904283017,WUS
Andrews_WA,Andrews_WA,Andrews_WA,2015,SWE_melt_NSE__KGE_meltseason2,-0.2775467698588463,WUS
Andrews_WA,Andrews_WA,Andrews_WA,2015,SWE_melt_NSE__Qmean_meltseason2_APE,0.47501362877949915,WUS
Andrews_WA,Andrews_WA,Andrews_WA,2015,melt_sum_APE__NSE_meltseason2,-0.5473400901770609,WUS
Andrews_WA,Andrews_WA,Andrews_WA,2015,melt_sum_APE__KGE_meltseason2,-0.504385905183577,WUS
Andrews_WA,Andrews_WA,Andrews_WA,2015,melt_sum_APE__Qmean_meltseason2_APE,0.0,WUS
Andrews_WA,Andrews_WA,Andrews_WA,2015,SWE_NSE__NSE_meltseason2,0.21302399929698956,WUS
Andrews_WA,Andrews_WA,Andrews_WA,2015,SWE_NSE__KGE_meltseason2,-0.008542514383422743,WUS
Andrews_WA,Andrews_WA,Andrews_WA,2015,SWE_NSE__Qmean_meltseason2_APE,0.4449306229039804,WUS
Andrews_WA,Andrews_WA,Andrews_WA,2016,SWE_melt_NSE__NSE_meltseason2,-0.2944279568415098,WUS
Andrews_WA,Andrews_WA,Andrews_WA,2016,SWE_melt_NSE__KGE_meltseason2,-0.4084395323625396,WUS
Andrews_WA,Andrews_WA,Andrews_WA,2016,SWE_melt_NSE__Qmean_meltseason2_APE,0.3124113998261186,WUS
Andrews_WA,Andrews_WA,Andrews_WA,2016,melt_sum_APE__NSE_meltseason2,-1.091871936852745,WUS
Andrews_WA,Andrews_WA,Andrews_WA,2016,melt_sum_APE__KGE_meltseason2,-0.8409412864723195,WUS
Andrews_WA,Andrews_WA,Andrews_WA,2016,melt_sum_APE__Qmean_meltseason2_APE,0.2927114784092504,WUS
Andrews_WA,Andrews_WA,Andrews_WA,2016,SWE_NSE__NSE_meltseason2,-0.17630319089292262,WUS
Andrews_WA,Andrews_WA,Andrews_WA,2016,SWE_NSE__KGE_meltseason2,0.03236158340706688,WUS
Andrews_WA,Andrews_WA,Andrews_WA,2016,SWE_NSE__Qmean_meltseason2_APE,0.39860836046928844,WUS
Andrews_WA,Andrews_WA,Andrews_WA,2017,SWE_melt_NSE__NSE_meltseason2,-0.13671322242045494,WUS
Andrews_WA,Andrews_WA,Andrews_WA,2017,SWE_melt_NSE__KGE_meltseason2,-0.16753155354864704,WUS
Andrews_WA,Andrews_WA,Andrews_WA,2017,SWE_melt_NSE__Qmean_meltseason2_APE,0.19611559931984987,WUS
Andrews_WA,Andrews_WA,Andrews_WA,2017,melt_sum_APE__NSE_meltseason2,-0.8935787090415941,WUS
Andrews_WA,Andrews_WA,Andrews_WA,2017,melt_sum_APE__KGE_meltseason2,-0.5815991381389082,WUS
Andrews_WA,Andrews_WA,Andrews_WA,2017,melt_sum_APE__Qmean_meltseason2_APE,-0.04098156200647859,WUS
Andrews_WA,Andrews_WA,Andrews_WA,2017,SWE_NSE__NSE_meltseason2,-0.41408386145131093,WUS
Andrews_WA,Andrews_WA,Andrews_WA,2017,SWE_NSE__KGE_meltseason2,-0.40485003949387327,WUS
Andrews_WA,Andrews_WA,Andrews_WA,2017,SWE_NSE__Qmean_meltseason2_APE,0.22816035168000204,WUS
Andrews_WA,Andrews_WA,Andrews_WA,2018,SWE_melt_NSE__NSE_meltseason2,-0.14021815759323847,WUS
Andrews_WA,Andrews_WA,Andrews_WA,2018,SWE_melt_NSE__KGE_meltseason2,-0.08350298412446053,WUS
Andrews_WA,Andrews_WA,Andrews_WA,2018,SWE_melt_NSE__Qmean_meltseason2_APE,0.5046640067197796,WUS
Andrews_WA,Andrews_WA,Andrews_WA,2018,melt_sum_APE__NSE_meltseason2,-1.0264886879121577,WUS
Andrews_WA,Andrews_WA,Andrews_WA,2018,melt_sum_APE__KGE_meltseason2,-0.7784712889074782,WUS
Andrews_WA,Andrews_WA,Andrews_WA,2018,melt_sum_APE__Qmean_meltseason2_APE,-0.04015925579958384,WUS
Andrews_WA,Andrews_WA,Andrews_WA,2018,SWE_NSE__NSE_meltseason2,0.10239138250896637,WUS
Andrews_WA,Andrews_WA,Andrews_WA,2018,SWE_NSE__KGE_meltseason2,0.09616272836903524,WUS
Andrews_WA,Andrews_WA,Andrews_WA,2018,SWE_NSE__Qmean_meltseason2_APE,0.3224832266998512,WUS
Andrews_WA,Andrews_WA,Andrews_WA,2019,SWE_melt_NSE__NSE_meltseason2,0.02560909734149634,WUS
Andrews_WA,Andrews_WA,Andrews_WA,2019,SWE_melt_NSE__KGE_meltseason2,0.04921951654687336,WUS
Andrews_WA,Andrews_WA,Andrews_WA,2019,SWE_melt_NSE__Qmean_meltseason2_APE,0.40190595387960654,WUS
Andrews_WA,Andrews_WA,Andrews_WA,2019,melt_sum_APE__NSE_meltseason2,-0.6648059284262529,WUS
Andrews_WA,Andrews_WA,Andrews_WA,2019,melt_sum_APE__KGE_meltseason2,-0.5269828165503565,WUS
Andrews_WA,Andrews_WA,Andrews_WA,2019,melt_sum_APE__Qmean_meltseason2_APE,-0.10753301637655154,WUS
Andrews_WA,Andrews_WA,Andrews_WA,2019,SWE_NSE__NSE_meltseason2,0.03170885972733805,WUS
Andrews_WA,Andrews_WA,Andrews_WA,2019,SWE_NSE__KGE_meltseason2,0.03298935608620384,WUS
Andrews_WA,Andrews_WA,Andrews_WA,2019,SWE_NSE__Qmean_meltseason2_APE,0.5107995150174569,WUS
Andrews_WA,Andrews_WA,Andrews_WA,2020,SWE_melt_NSE__NSE_meltseason2,-0.11011312624805653,WUS
Andrews_WA,Andrews_WA,Andrews_WA,2020,SWE_melt_NSE__KGE_meltseason2,-0.09793219922421482,WUS
Andrews_WA,Andrews_WA,Andrews_WA,2020,SWE_melt_NSE__Qmean_meltseason2_APE,0.15319796957593773,WUS
Andrews_WA,Andrews_WA,Andrews_WA,2020,melt_sum_APE__NSE_meltseason2,-0.7274375476768078,WUS
Andrews_WA,Andrews_WA,Andrews_WA,2020,melt_sum_APE__KGE_meltseason2,-0.3414682812830074,WUS
Andrews_WA,Andrews_WA,Andrews_WA,2020,melt_sum_APE__Qmean_meltseason2_APE,-0.0050682488367177325,WUS
Andrews_WA,Andrews_WA,Andrews_WA,2020,SWE_NSE__NSE_meltseason2,0.1602797438898555,WUS
Andrews_WA,Andrews_WA,Andrews_WA,2020,SWE_NSE__KGE_meltseason2,0.13354279362769014,WUS
Andrews_WA,Andrews_WA,Andrews_WA,2020,SWE_NSE__Qmean_meltseason2_APE,0.0191196764400322,WUS
Andrews_WA,Andrews_WA,Andrews_WA,2021,SWE_melt_NSE__NSE_meltseason2,-0.13160539649354322,WUS
Andrews_WA,Andrews_WA,Andrews_WA,2021,SWE_melt_NSE__KGE_meltseason2,-0.3188365744901069,WUS
Andrews_WA,Andrews_WA,Andrews_WA,2021,SWE_melt_NSE__Qmean_meltseason2_APE,0.5291360511622791,WUS
Andrews_WA,Andrews_WA,Andrews_WA,2021,melt_sum_APE__NSE_meltseason2,-1.1733152284777029,WUS
Andrews_WA,Andrews_WA,Andrews_WA,2021,melt_sum_APE__KGE_meltseason2,-1.1777871192152825,WUS
Andrews_WA,Andrews_WA,Andrews_WA,2021,melt_sum_APE__Qmean_meltseason2_APE,0.18643264107723517,WUS
Andrews_WA,Andrews_WA,Andrews_WA,2021,SWE_NSE__NSE_meltseason2,-0.07493975963034256,WUS
Andrews_WA,Andrews_WA,Andrews_WA,2021,SWE_NSE__KGE_meltseason2,-0.18258221655225018,WUS
Andrews_WA,Andrews_WA,Andrews_WA,2021,SWE_NSE__Qmean_meltseason2_APE,0.6767221201638205,WUS
Andrews_WA,Andrews_WA,Andrews_WA,2022,SWE_melt_NSE__NSE_meltseason2,0.1285560353015213,WUS
Andrews_WA,Andrews_WA,Andrews_WA,2022,SWE_melt_NSE__KGE_meltseason2,-0.1446852153963307,WUS
Andrews_WA,Andrews_WA,Andrews_WA,2022,SWE_melt_NSE__Qmean_meltseason2_APE,0.5525410230287788,WUS
Andrews_WA,Andrews_WA,Andrews_WA,2022,melt_sum_APE__NSE_meltseason2,-0.7253641147350073,WUS
Andrews_WA,Andrews_WA,Andrews_WA,2022,melt_sum_APE__KGE_meltseason2,-0.2429973380690596,WUS
Andrews_WA,Andrews_WA,Andrews_WA,2022,melt_sum_APE__Qmean_meltseason2_APE,0.03716576060440039,WUS
Andrews_WA,Andrews_WA,Andrews_WA,2022,SWE_NSE__NSE_meltseason2,0.3654308934186769,WUS
Andrews_WA,Andrews_WA,Andrews_WA,2022,SWE_NSE__KGE_meltseason2,0.03512114093633566,WUS
Andrews_WA,Andrews_WA,Andrews_WA,2022,SWE_NSE__Qmean_meltseason2_APE,0.28039303895789935,WUS
Bear_CA,Bear_CA,Bear_CA,2001,SWE_melt_NSE__NSE_meltseason2,-0.17362517028490407,WUS
Bear_CA,Bear_CA,Bear_CA,2001,SWE_melt_NSE__KGE_meltseason2,0.27362505108589485,WUS
Bear_CA,Bear_CA,Bear_CA,2001,SWE_melt_NSE__Qmean_meltseason2_APE,0.5101903194833424,WUS
Bear_CA,Bear_CA,Bear_CA,2001,melt_sum_APE__NSE_meltseason2,-0.9032609779286084,WUS
Bear_CA,Bear_CA,Bear_CA,2001,melt_sum_APE__KGE_meltseason2,-0.8757736947729924,WUS
Bear_CA,Bear_CA,Bear_CA,2001,melt_sum_APE__Qmean_meltseason2_APE,-0.21794490386094634,WUS
Bear_CA,Bear_CA,Bear_CA,2001,SWE_NSE__NSE_meltseason2,-0.05017752293647451,WUS
Bear_CA,Bear_CA,Bear_CA,2001,SWE_NSE__KGE_meltseason2,0.14371512211946397,WUS
Bear_CA,Bear_CA,Bear_CA,2001,SWE_NSE__Qmean_meltseason2_APE,0.5621643719349373,WUS
Bear_CA,Bear_CA,Bear_CA,2002,SWE_melt_NSE__NSE_meltseason2,0.04573767899606536,WUS
Bear_CA,Bear_CA,Bear_CA,2002,SWE_melt_NSE__KGE_meltseason2,0.22002901698438573,WUS
Bear_CA,Bear_CA,Bear_CA,2002,SWE_melt_NSE__Qmean_meltseason2_APE,0.4296992856480905,WUS
Bear_CA,Bear_CA,Bear_CA,2002,melt_sum_APE__NSE_meltseason2,-0.7886874665725392,WUS
Bear_CA,Bear_CA,Bear_CA,2002,melt_sum_APE__KGE_meltseason2,-0.8574331141781493,WUS
Bear_CA,Bear_CA,Bear_CA,2002,melt_sum_APE__Qmean_meltseason2_APE,-0.01096069880541559,WUS
Bear_CA,Bear_CA,Bear_CA,2002,SWE_NSE__NSE_meltseason2,0.06562726448146994,WUS
Bear_CA,Bear_CA,Bear_CA,2002,SWE_NSE__KGE_meltseason2,-0.03509215675584642,WUS
Bear_CA,Bear_CA,Bear_CA,2002,SWE_NSE__Qmean_meltseason2_APE,0.3094185242597422,WUS
Bear_CA,Bear_CA,Bear_CA,2003,SWE_melt_NSE__NSE_meltseason2,0.040031859905880894,WUS
Bear_CA,Bear_CA,Bear_CA,2003,SWE_melt_NSE__KGE_meltseason2,0.026376370330073028,WUS
Bear_CA,Bear_CA,Bear_CA,2003,SWE_melt_NSE__Qmean_meltseason2_APE,0.3381662937056167,WUS
Bear_CA,Bear_CA,Bear_CA,2003,melt_sum_APE__NSE_meltseason2,-0.6452955088144414,WUS
Bear_CA,Bear_CA,Bear_CA,2003,melt_sum_APE__KGE_meltseason2,-0.31289384786474306,WUS
Bear_CA,Bear_CA,Bear_CA,2003,melt_sum_APE__Qmean_meltseason2_APE,-0.061247188826540636,WUS
Bear_CA,Bear_CA,Bear_CA,2003,SWE_NSE__NSE_meltseason2,-0.20924105368514276,WUS
Bear_CA,Bear_CA,Bear_CA,2003,SWE_NSE__KGE_meltseason2,-0.016261865850395064,WUS
Bear_CA,Bear_CA,Bear_CA,2003,SWE_NSE__Qmean_meltseason2_APE,0.29717395219608583,WUS
Bear_CA,Bear_CA,Bear_CA,2004,SWE_melt_NSE__NSE_meltseason2,-0.02266599172908122,WUS
Bear_CA,Bear_CA,Bear_CA,2004,SWE_melt_NSE__KGE_meltseason2,-0.09563834584126406,WUS
Bear_CA,Bear_CA,Bear_CA,2004,SWE_melt_NSE__Qmean_meltseason2_APE,0.49860797560498127,WUS
Bear_CA,Bear_CA,Bear_CA,2004,melt_sum_APE__NSE_meltseason2,-0.8659600249784741,WUS
Bear_CA,Bear_CA,Bear_CA,2004,melt_sum_APE__KGE_meltseason2,-0.8223047311418779,WUS
Bear_CA,Bear_CA,Bear_CA,2004,melt_sum_APE__Qmean_meltseason2_APE,0.03613378605371311,WUS
Bear_CA,Bear_CA,Bear_CA,2004,SWE_NSE__NSE_meltseason2,-0.07230398648813396,WUS
Bear_CA,Bear_CA,Bear_CA,2004,SWE_NSE__KGE_meltseason2,0.10468732500768477,WUS
Bear_CA,Bear_CA,Bear_CA,2004,SWE_NSE__Qmean_meltseason2_APE,0.7429364394272061,WUS
Bear_CA,Bear_CA,Bear_CA,2005,SWE_melt_NSE__NSE_meltseason2,-0.13346005132530886,WUS
Bear_CA,Bear_CA,Bear_CA,2005,SWE_melt_NSE__KGE_meltseason2,-0.23467527159739332,WUS
Bear_CA,Bear_CA,Bear_CA,2005,SWE_melt_NSE__Qmean_meltseason2_APE,0.44857403180520883,WUS
Bear_CA,Bear_CA,Bear_CA,2005,melt_sum_APE__NSE_meltseason2,-0.4351491386671745,WUS
Bear_CA,Bear_CA,Bear_CA,2005,melt_sum_APE__KGE_meltseason2,-0.38136942447839167,WUS
Bear_CA,Bear_CA,Bear_CA,2005,melt_sum_APE__Qmean_meltseason2_APE,0.24228563431533398,WUS
Bear_CA,Bear_CA,Bear_CA,2005,SWE_NSE__NSE_meltseason2,-0.04924675191006764,WUS
Bear_CA,Bear_CA,Bear_CA,2005,SWE_NSE__KGE_meltseason2,-0.4020451751591738,WUS
Bear_CA,Bear_CA,Bear_CA,2005,SWE_NSE__Qmean_meltseason2_APE,0.2806950154271996,WUS
Bear_CA,Bear_CA,Bear_CA,2006,SWE_melt_NSE__NSE_meltseason2,-0.01776067462027224,WUS
Bear_CA,Bear_CA,Bear_CA,2006,SWE_melt_NSE__KGE_meltseason2,-0.15767488254068712,WUS
Bear_CA,Bear_CA,Bear_CA,2006,SWE_melt_NSE__Qmean_meltseason2_APE,0.204904994607607,WUS
Bear_CA,Bear_CA,Bear_CA,2006,melt_sum_APE__NSE_meltseason2,-0.4352251175447103,WUS
Bear_CA,Bear_CA,Bear_CA,2006,melt_sum_APE__KGE_meltseason2,-0.5123034256639378,WUS
Bear_CA,Bear_CA,Bear_CA,2006,melt_sum_APE__Qmean_meltseason2_APE,0.18776498749426293,WUS
Bear_CA,Bear_CA,Bear_CA,2006,SWE_NSE__NSE_meltseason2,0.1633187095767763,WUS
Bear_CA,Bear_CA,Bear_CA,2006,SWE_NSE__KGE_meltseason2,-0.1501122451698016,WUS
Bear_CA,Bear_CA,Bear_CA,2006,SWE_NSE__Qmean_meltseason2_APE,0.32199910938570975,WUS
Bear_CA,Bear_CA,Bear_CA,2007,SWE_melt_NSE__NSE_meltseason2,0.18697280870535463,WUS
Bear_CA,Bear_CA,Bear_CA,2007,SWE_melt_NSE__KGE_meltseason2,0.045427416181505496,WUS
Bear_CA,Bear_CA,Bear_CA,2007,SWE_melt_NSE__Qmean_meltseason2_APE,0.24117921740707823,WUS
Bear_CA,Bear_CA,Bear_CA,2007,melt_sum_APE__NSE_meltseason2,-1.0115253887677327,WUS
Bear_CA,Bear_CA,Bear_CA,2007,melt_sum_APE__KGE_meltseason2,-0.8032531758338517,WUS
Bear_CA,Bear_CA,Bear_CA,2007,melt_sum_APE__Qmean_meltseason2_APE,0.0414636465834863,WUS
Bear_CA,Bear_CA,Bear_CA,2007,SWE_NSE__NSE_meltseason2,-0.4461969515506731,WUS
Bear_CA,Bear_CA,Bear_CA,2007,SWE_NSE__KGE_meltseason2,-0.46247064968920615,WUS
Bear_CA,Bear_CA,Bear_CA,2007,SWE_NSE__Qmean_meltseason2_APE,0.22775953216799774,WUS
Bear_CA,Bear_CA,Bear_CA,2008,SWE_melt_NSE__NSE_meltseason2,-0.19681880548290584,WUS
Bear_CA,Bear_CA,Bear_CA,2008,SWE_melt_NSE__KGE_meltseason2,-0.044441939646132606,WUS
Bear_CA,Bear_CA,Bear_CA,2008,SWE_melt_NSE__Qmean_meltseason2_APE,0.41684482183388866,WUS
Bear_CA,Bear_CA,Bear_CA,2008,melt_sum_APE__NSE_meltseason2,-0.7947221135126016,WUS
Bear_CA,Bear_CA,Bear_CA,2008,melt_sum_APE__KGE_meltseason2,-0.6528014710380194,WUS
Bear_CA,Bear_CA,Bear_CA,2008,melt_sum_APE__Qmean_meltseason2_APE,-0.24564205547511073,WUS
Bear_CA,Bear_CA,Bear_CA,2008,SWE_NSE__NSE_meltseason2,-0.041483005504749156,WUS
Bear_CA,Bear_CA,Bear_CA,2008,SWE_NSE__KGE_meltseason2,-0.4945578389223701,WUS
Bear_CA,Bear_CA,Bear_CA,2008,SWE_NSE__Qmean_meltseason2_APE,0.2981085067343126,WUS
Bear_CA,Bear_CA,Bear_CA,2009,SWE_melt_NSE__NSE_meltseason2,-0.00215167085504855,WUS
Bear_CA,Bear_CA,Bear_CA,2009,SWE_melt_NSE__KGE_meltseason2,0.14975239869701398,WUS
Bear_CA,Bear_CA,Bear_CA,2009,SWE_melt_NSE__Qmean_meltseason2_APE,0.46440557988802267,WUS
Bear_CA,Bear_CA,Bear_CA,2009,melt_sum_APE__NSE_meltseason2,-0.5877539141187155,WUS
Bear_CA,Bear_CA,Bear_CA,2009,melt_sum_APE__KGE_meltseason2,-0.10691520391651206,WUS
Bear_CA,Bear_CA,Bear_CA,2009,melt_sum_APE__Qmean_meltseason2_APE,-0.1494744398232206,WUS
Bear_CA,Bear_CA,Bear_CA,2009,SWE_NSE__NSE_meltseason2,0.026276550003774282,WUS
Bear_CA,Bear_CA,Bear_CA,2009,SWE_NSE__KGE_meltseason2,0.12085120645360443,WUS
Bear_CA,Bear_CA,Bear_CA,2009,SWE_NSE__Qmean_meltseason2_APE,0.38737574130850294,WUS
Bear_CA,Bear_CA,Bear_CA,2010,SWE_melt_NSE__NSE_meltseason2,-0.06101959850568863,WUS
Bear_CA,Bear_CA,Bear_CA,2010,SWE_melt_NSE__KGE_meltseason2,0.0018013425250565961,WUS
Bear_CA,Bear_CA,Bear_CA,2010,SWE_melt_NSE__Qmean_meltseason2_APE,0.5572131831548492,WUS
Bear_CA,Bear_CA,Bear_CA,2010,melt_sum_APE__NSE_meltseason2,-0.546452441833442,WUS
Bear_CA,Bear_CA,Bear_CA,2010,melt_sum_APE__KGE_meltseason2,-0.18890696326572387,WUS
Bear_CA,Bear_CA,Bear_CA,2010,melt_sum_APE__Qmean_meltseason2_APE,0.11299083057234904,WUS
Bear_CA,Bear_CA,Bear_CA,2010,SWE_NSE__NSE_meltseason2,-0.2073454289310673,WUS
Bear_CA,Bear_CA,Bear_CA,2010,SWE_NSE__KGE_meltseason2,-0.36251276703825563,WUS
Bear_CA,Bear_CA,Bear_CA,2010,SWE_NSE__Qmean_meltseason2_APE,0.38653475269028176,WUS
Bear_CA,Bear_CA,Bear_CA,2011,SWE_melt_NSE__NSE_meltseason2,0.18926271201413217,WUS
Bear_CA,Bear_CA,Bear_CA,2011,SWE_melt_NSE__KGE_meltseason2,0.15754127698648002,WUS
Bear_CA,Bear_CA,Bear_CA,2011,SWE_melt_NSE__Qmean_meltseason2_APE,0.5215656180802345,WUS
Bear_CA,Bear_CA,Bear_CA,2011,melt_sum_APE__NSE_meltseason2,-0.24910888554682675,WUS
Bear_CA,Bear_CA,Bear_CA,2011,melt_sum_APE__KGE_meltseason2,-0.19538508944082997,WUS
Bear_CA,Bear_CA,Bear_CA,2011,melt_sum_APE__Qmean_meltseason2_APE,0.3284244219624056,WUS
Bear_CA,Bear_CA,Bear_CA,2011,SWE_NSE__NSE_meltseason2,0.26868348783187124,WUS
Bear_CA,Bear_CA,Bear_CA,2011,SWE_NSE__KGE_meltseason2,-0.07498867837226898,WUS
Bear_CA,Bear_CA,Bear_CA,2011,SWE_NSE__Qmean_meltseason2_APE,0.3525672816047576,WUS
Bear_CA,Bear_CA,Bear_CA,2012,SWE_melt_NSE__NSE_meltseason2,-0.020532632630072895,WUS
Bear_CA,Bear_CA,Bear_CA,2012,SWE_melt_NSE__KGE_meltseason2,0.021483604585886926,WUS
Bear_CA,Bear_CA,Bear_CA,2012,SWE_melt_NSE__Qmean_meltseason2_APE,0.5251397193693168,WUS
Bear_CA,Bear_CA,Bear_CA,2012,melt_sum_APE__NSE_meltseason2,-1.0137643600374324,WUS
Bear_CA,Bear_CA,Bear_CA,2012,melt_sum_APE__KGE_meltseason2,-0.8234864066866774,WUS
Bear_CA,Bear_CA,Bear_CA,2012,melt_sum_APE__Qmean_meltseason2_APE,-0.09345507675832707,WUS
Bear_CA,Bear_CA,Bear_CA,2012,SWE_NSE__NSE_meltseason2,-0.08010369456671824,WUS
Bear_CA,Bear_CA,Bear_CA,2012,SWE_NSE__KGE_meltseason2,-0.11016695970538251,WUS
Bear_CA,Bear_CA,Bear_CA,2012,SWE_NSE__Qmean_meltseason2_APE,0.3450226841152008,WUS
Bear_CA,Bear_CA,Bear_CA,2013,SWE_melt_NSE__NSE_meltseason2,0.01675046385174874,WUS
Bear_CA,Bear_CA,Bear_CA,2013,SWE_melt_NSE__KGE_meltseason2,-0.02878182928728499,WUS
Bear_CA,Bear_CA,Bear_CA,2013,SWE_melt_NSE__Qmean_meltseason2_APE,0.2700617938958495,WUS
Bear_CA,Bear_CA,Bear_CA,2013,melt_sum_APE__NSE_meltseason2,-0.6842709603113065,WUS
Bear_CA,Bear_CA,Bear_CA,2013,melt_sum_APE__KGE_meltseason2,-0.527399619822988,WUS
Bear_CA,Bear_CA,Bear_CA,2013,melt_sum_APE__Qmean_meltseason2_APE,-0.1828494151821057,WUS
Bear_CA,Bear_CA,Bear_CA,2013,SWE_NSE__NSE_meltseason2,-0.43015127263860536,WUS
Bear_CA,Bear_CA,Bear_CA,2013,SWE_NSE__KGE_meltseason2,-0.20333017374801135,WUS
Bear_CA,Bear_CA,Bear_CA,2013,SWE_NSE__Qmean_meltseason2_APE,0.4807263970005258,WUS
Bear_CA,Bear_CA,Bear_CA,2014,SWE_melt_NSE__NSE_meltseason2,-0.03046528072705124,WUS
Bear_CA,Bear_CA,Bear_CA,2014,SWE_melt_NSE__KGE_meltseason2,0.1703149717219916,WUS
Bear_CA,Bear_CA,Bear_CA,2014,SWE_melt_NSE__Qmean_meltseason2_APE,0.6444867383166194,WUS
Bear_CA,Bear_CA,Bear_CA,2014,melt_sum_APE__NSE_meltseason2,-0.9237739079298672,WUS
Bear_CA,Bear_CA,Bear_CA,2014,melt_sum_APE__KGE_meltseason2,-0.4998148186596777,WUS
Bear_CA,Bear_CA,Bear_CA,2014,melt_sum_APE__Qmean_meltseason2_APE,-0.05023553273546185,WUS
Bear_CA,Bear_CA,Bear_CA,2014,SWE_NSE__NSE_meltseason2,-0.25655075070672667,WUS
Bear_CA,Bear_CA,Bear_CA,2014,SWE_NSE__KGE_meltseason2,-0.11821218514117475,WUS
Bear_CA,Bear_CA,Bear_CA,2014,SWE_NSE__Qmean_meltseason2_APE,0.36890398649613393,WUS
Bear_CA,Bear_CA,Bear_CA,2015,SWE_melt_NSE__NSE_meltseason2,-0.24656690814856397,WUS
Bear_CA,Bear_CA,Bear_CA,2015,SWE_melt_NSE__KGE_meltseason2,0.0692144947312886,WUS
Bear_CA,Bear_CA,Bear_CA,2015,SWE_melt_NSE__Qmean_meltseason2_APE,0.13240305665504834,WUS
Bear_CA,Bear_CA,Bear_CA,2015,melt_sum_APE__NSE_meltseason2,-0.2448920202566893,WUS
Bear_CA,Bear_CA,Bear_CA,2015,melt_sum_APE__KGE_meltseason2,-0.019138299089884996,WUS
Bear_CA,Bear_CA,Bear_CA,2015,melt_sum_APE__Qmean_meltseason2_APE,0.17332604309928748,WUS
Bear_CA,Bear_CA,Bear_CA,2015,SWE_NSE__NSE_meltseason2,0.014975445527478799,WUS
Bear_CA,Bear_CA,Bear_CA,2015,SWE_NSE__KGE_meltseason2,0.28861880483411256,WUS
Bear_CA,Bear_CA,Bear_CA,2015,SWE_NSE__Qmean_meltseason2_APE,0.24868165406325213,WUS
Bear_CA,Bear_CA,Bear_CA,2016,SWE_melt_NSE__NSE_meltseason2,-0.28856517358124445,WUS
Bear_CA,Bear_CA,Bear_CA,2016,SWE_melt_NSE__KGE_meltseason2,0.25614602750841153,WUS
Bear_CA,Bear_CA,Bear_CA,2016,SWE_melt_NSE__Qmean_meltseason2_APE,0.20134026247632866,WUS
Bear_CA,Bear_CA,Bear_CA,2016,melt_sum_APE__NSE_meltseason2,-0.2627643267314205,WUS
Bear_CA,Bear_CA,Bear_CA,2016,melt_sum_APE__KGE_meltseason2,-0.48312852499942965,WUS
Bear_CA,Bear_CA,Bear_CA,2016,melt_sum_APE__Qmean_meltseason2_APE,0.19490899326638728,WUS
Bear_CA,Bear_CA,Bear_CA,2016,SWE_NSE__NSE_meltseason2,-0.17609659462778451,WUS
Bear_CA,Bear_CA,Bear_CA,2016,SWE_NSE__KGE_meltseason2,0.019228036477343717,WUS
Bear_CA,Bear_CA,Bear_CA,2016,SWE_NSE__Qmean_meltseason2_APE,0.44439083650724737,WUS
Bear_CA,Bear_CA,Bear_CA,2017,SWE_melt_NSE__NSE_meltseason2,0.0597706725737731,WUS
Bear_CA,Bear_CA,Bear_CA,2017,SWE_melt_NSE__KGE_meltseason2,-0.034399374866371416,WUS
Bear_CA,Bear_CA,Bear_CA,2017,SWE_melt_NSE__Qmean_meltseason2_APE,0.4688015725873689,WUS
Bear_CA,Bear_CA,Bear_CA,2017,melt_sum_APE__NSE_meltseason2,-0.5207959948798887,WUS
Bear_CA,Bear_CA,Bear_CA,2017,melt_sum_APE__KGE_meltseason2,-0.1616397445782159,WUS
Bear_CA,Bear_CA,Bear_CA,2017,melt_sum_APE__Qmean_meltseason2_APE,0.1085769335456908,WUS
Bear_CA,Bear_CA,Bear_CA,2017,SWE_NSE__NSE_meltseason2,-0.26323704577244966,WUS
Bear_CA,Bear_CA,Bear_CA,2017,SWE_NSE__KGE_meltseason2,-0.4122150609235727,WUS
Bear_CA,Bear_CA,Bear_CA,2017,SWE_NSE__Qmean_meltseason2_APE,0.3740788725568713,WUS
Bear_CA,Bear_CA,Bear_CA,2018,SWE_melt_NSE__NSE_meltseason2,-0.13682847341824458,WUS
Bear_CA,Bear_CA,Bear_CA,2018,SWE_melt_NSE__KGE_meltseason2,-0.24100809950379493,WUS
Bear_CA,Bear_CA,Bear_CA,2018,SWE_melt_NSE__Qmean_meltseason2_APE,0.3790603357299802,WUS
Bear_CA,Bear_CA,Bear_CA,2018,melt_sum_APE__NSE_meltseason2,-0.4446573350639674,WUS
Bear_CA,Bear_CA,Bear_CA,2018,melt_sum_APE__KGE_meltseason2,-0.4256872788613471,WUS
Bear_CA,Bear_CA,Bear_CA,2018,melt_sum_APE__Qmean_meltseason2_APE,0.1423606477760154,WUS
Bear_CA,Bear_CA,Bear_CA,2018,SWE_NSE__NSE_meltseason2,-0.156325144300705,WUS
Bear_CA,Bear_CA,Bear_CA,2018,SWE_NSE__KGE_meltseason2,-0.02648841313490092,WUS
Bear_CA,Bear_CA,Bear_CA,2018,SWE_NSE__Qmean_meltseason2_APE,0.3670257728317884,WUS
Bear_CA,Bear_CA,Bear_CA,2019,SWE_melt_NSE__NSE_meltseason2,0.09667601941167389,WUS
Bear_CA,Bear_CA,Bear_CA,2019,SWE_melt_NSE__KGE_meltseason2,0.12093164751204413,WUS
Bear_CA,Bear_CA,Bear_CA,2019,SWE_melt_NSE__Qmean_meltseason2_APE,0.5686675396579599,WUS
Bear_CA,Bear_CA,Bear_CA,2019,melt_sum_APE__NSE_meltseason2,-1.0355704436244315,WUS
Bear_CA,Bear_CA,Bear_CA,2019,melt_sum_APE__KGE_meltseason2,-0.7692510263079251,WUS
Bear_CA,Bear_CA,Bear_CA,2019,melt_sum_APE__Qmean_meltseason2_APE,0.16745674585156242,WUS
Bear_CA,Bear_CA,Bear_CA,2019,SWE_NSE__NSE_meltseason2,-0.04336856498574076,WUS
Bear_CA,Bear_CA,Bear_CA,2019,SWE_NSE__KGE_meltseason2,0.02980548024565997,WUS
Bear_CA,Bear_CA,Bear_CA,2019,SWE_NSE__Qmean_meltseason2_APE,0.8071512522554888,WUS
Bear_CA,Bear_CA,Bear_CA,2020,SWE_melt_NSE__NSE_meltseason2,0.06556021864312404,WUS
Bear_CA,Bear_CA,Bear_CA,2020,SWE_melt_NSE__KGE_meltseason2,0.08896143392781973,WUS
Bear_CA,Bear_CA,Bear_CA,2020,SWE_melt_NSE__Qmean_meltseason2_APE,0.6079884361897228,WUS
Bear_CA,Bear_CA,Bear_CA,2020,melt_sum_APE__NSE_meltseason2,-0.8708053400150169,WUS
Bear_CA,Bear_CA,Bear_CA,2020,melt_sum_APE__KGE_meltseason2,-0.4591527946524921,WUS
Bear_CA,Bear_CA,Bear_CA,2020,melt_sum_APE__Qmean_meltseason2_APE,0.020631332772130605,WUS
Bear_CA,Bear_CA,Bear_CA,2020,SWE_NSE__NSE_meltseason2,-0.23537806293092842,WUS
Bear_CA,Bear_CA,Bear_CA,2020,SWE_NSE__KGE_meltseason2,-0.07209969565650076,WUS
Bear_CA,Bear_CA,Bear_CA,2020,SWE_NSE__Qmean_meltseason2_APE,0.401104915262431,WUS
Bear_CA,Bear_CA,Bear_CA,2021,SWE_melt_NSE__NSE_meltseason2,0.1502631095528435,WUS
Bear_CA,Bear_CA,Bear_CA,2021,SWE_melt_NSE__KGE_meltseason2,0.03840099440129507,WUS
Bear_CA,Bear_CA,Bear_CA,2021,SWE_melt_NSE__Qmean_meltseason2_APE,0.26200237144831967,WUS
Bear_CA,Bear_CA,Bear_CA,2021,melt_sum_APE__NSE_meltseason2,-0.8439535714208197,WUS
Bear_CA,Bear_CA,Bear_CA,2021,melt_sum_APE__KGE_meltseason2,-0.45568850149378676,WUS
Bear_CA,Bear_CA,Bear_CA,2021,melt_sum_APE__Qmean_meltseason2_APE,0.01413428420363599,WUS
Bear_CA,Bear_CA,Bear_CA,2021,SWE_NSE__NSE_meltseason2,0.0019912978190915706,WUS
Bear_CA,Bear_CA,Bear_CA,2021,SWE_NSE__KGE_meltseason2,0.0833026466945614,WUS
Bear_CA,Bear_CA,Bear_CA,2021,SWE_NSE__Qmean_meltseason2_APE,0.30889440939782803,WUS
Bear_CA,Bear_CA,Bear_CA,2022,SWE_melt_NSE__NSE_meltseason2,-0.014385427914060204,WUS
Bear_CA,Bear_CA,Bear_CA,2022,SWE_melt_NSE__KGE_meltseason2,-0.009010615944525792,WUS
Bear_CA,Bear_CA,Bear_CA,2022,SWE_melt_NSE__Qmean_meltseason2_APE,0.400063792336613,WUS
Bear_CA,Bear_CA,Bear_CA,2022,melt_sum_APE__NSE_meltseason2,-0.769330707619363,WUS
Bear_CA,Bear_CA,Bear_CA,2022,melt_sum_APE__KGE_meltseason2,-0.652667359859546,WUS
Bear_CA,Bear_CA,Bear_CA,2022,melt_sum_APE__Qmean_meltseason2_APE,-0.010876589250605738,WUS
Bear_CA,Bear_CA,Bear_CA,2022,SWE_NSE__NSE_meltseason2,-0.042195297773020224,WUS
Bear_CA,Bear_CA,Bear_CA,2022,SWE_NSE__KGE_meltseason2,-0.13853873961838767,WUS
Bear_CA,Bear_CA,Bear_CA,2022,SWE_NSE__Qmean_meltseason2_APE,0.3640477689267896,WUS
Beaver_UT,Beaver_UT,Beaver_UT,2001,SWE_melt_NSE__NSE_meltseason2,-0.4910985486969468,WUS
Beaver_UT,Beaver_UT,Beaver_UT,2001,SWE_melt_NSE__KGE_meltseason2,0.060355847282200975,WUS
Beaver_UT,Beaver_UT,Beaver_UT,2001,SWE_melt_NSE__Qmean_meltseason2_APE,0.5314600953511919,WUS
Beaver_UT,Beaver_UT,Beaver_UT,2001,melt_sum_APE__NSE_meltseason2,-0.2136785650025871,WUS
Beaver_UT,Beaver_UT,Beaver_UT,2001,melt_sum_APE__KGE_meltseason2,0.1397940357498324,WUS
Beaver_UT,Beaver_UT,Beaver_UT,2001,melt_sum_APE__Qmean_meltseason2_APE,0.0512041312797041,WUS
Beaver_UT,Beaver_UT,Beaver_UT,2001,SWE_NSE__NSE_meltseason2,0.17262075439565422,WUS
Beaver_UT,Beaver_UT,Beaver_UT,2001,SWE_NSE__KGE_meltseason2,0.09472483530268438,WUS
Beaver_UT,Beaver_UT,Beaver_UT,2001,SWE_NSE__Qmean_meltseason2_APE,0.37635512802277205,WUS
Beaver_UT,Beaver_UT,Beaver_UT,2002,SWE_melt_NSE__NSE_meltseason2,0.014569182252206214,WUS
Beaver_UT,Beaver_UT,Beaver_UT,2002,SWE_melt_NSE__KGE_meltseason2,0.06256771363274262,WUS
Beaver_UT,Beaver_UT,Beaver_UT,2002,SWE_melt_NSE__Qmean_meltseason2_APE,0.3889556606056091,WUS
Beaver_UT,Beaver_UT,Beaver_UT,2002,melt_sum_APE__NSE_meltseason2,-0.7857710956462223,WUS
Beaver_UT,Beaver_UT,Beaver_UT,2002,melt_sum_APE__KGE_meltseason2,-0.9900241023652249,WUS
Beaver_UT,Beaver_UT,Beaver_UT,2002,melt_sum_APE__Qmean_meltseason2_APE,0.06954093325307702,WUS
Beaver_UT,Beaver_UT,Beaver_UT,2002,SWE_NSE__NSE_meltseason2,-0.299815693923112,WUS
Beaver_UT,Beaver_UT,Beaver_UT,2002,SWE_NSE__KGE_meltseason2,-0.4036523017670188,WUS
Beaver_UT,Beaver_UT,Beaver_UT,2002,SWE_NSE__Qmean_meltseason2_APE,0.4975458776243593,WUS
Beaver_UT,Beaver_UT,Beaver_UT,2003,SWE_melt_NSE__NSE_meltseason2,-0.3093345663057807,WUS
Beaver_UT,Beaver_UT,Beaver_UT,2003,SWE_melt_NSE__KGE_meltseason2,-0.05092515810946215,WUS
Beaver_UT,Beaver_UT,Beaver_UT,2003,SWE_melt_NSE__Qmean_meltseason2_APE,0.3705664948225594,WUS
Beaver_UT,Beaver_UT,Beaver_UT,2003,melt_sum_APE__NSE_meltseason2,-0.15529709488405827,WUS
Beaver_UT,Beaver_UT,Beaver_UT,2003,melt_sum_APE__KGE_meltseason2,-0.12356332513616355,WUS
Beaver_UT,Beaver_UT,Beaver_UT,2003,melt_sum_APE__Qmean_meltseason2_APE,0.18354828530628742,WUS
Beaver_UT,Beaver_UT,Beaver_UT,2003,SWE_NSE__NSE_meltseason2,0.31367452800362994,WUS
Beaver_UT,Beaver_UT,Beaver_UT,2003,SWE_NSE__KGE_meltseason2,0.10343562928357765,WUS
Beaver_UT,Beaver_UT,Beaver_UT,2003,SWE_NSE__Qmean_meltseason2_APE,0.42255955398417067,WUS
Beaver_UT,Beaver_UT,Beaver_UT,2004,SWE_melt_NSE__NSE_meltseason2,-0.6388460631004245,WUS
Beaver_UT,Beaver_UT,Beaver_UT,2004,SWE_melt_NSE__KGE_meltseason2,-0.2766685315672096,WUS
Beaver_UT,Beaver_UT,Beaver_UT,2004,SWE_melt_NSE__Qmean_meltseason2_APE,0.36991100973048074,WUS
Beaver_UT,Beaver_UT,Beaver_UT,2004,melt_sum_APE__NSE_meltseason2,-0.27016899205282446,WUS
Beaver_UT,Beaver_UT,Beaver_UT,2004,melt_sum_APE__KGE_meltseason2,-0.1616425171069698,WUS
Beaver_UT,Beaver_UT,Beaver_UT,2004,melt_sum_APE__Qmean_meltseason2_APE,-0.13884381431321605,WUS
Beaver_UT,Beaver_UT,Beaver_UT,2004,SWE_NSE__NSE_meltseason2,0.1365369620403773,WUS
Beaver_UT,Beaver_UT,Beaver_UT,2004,SWE_NSE__KGE_meltseason2,-0.1822761045588508,WUS
Beaver_UT,Beaver_UT,Beaver_UT,2004,SWE_NSE__Qmean_meltseason2_APE,0.7303585395788601,WUS
Beaver_UT,Beaver_UT,Beaver_UT,2005,SWE_melt_NSE__NSE_meltseason2,0.06438044105736776,WUS
Beaver_UT,Beaver_UT,Beaver_UT,2005,SWE_melt_NSE__KGE_meltseason2,-0.3567900796275627,WUS
Beaver_UT,Beaver_UT,Beaver_UT,2005,SWE_melt_NSE__Qmean_meltseason2_APE,0.48222623251408825,WUS
Beaver_UT,Beaver_UT,Beaver_UT,2005,melt_sum_APE__NSE_meltseason2,-0.8177143396189073,WUS
Beaver_UT,Beaver_UT,Beaver_UT,2005,melt_sum_APE__KGE_meltseason2,-0.27431588728302786,WUS
Beaver_UT,Beaver_UT,Beaver_UT,2005,melt_sum_APE__Qmean_meltseason2_APE,0.12209874876651658,WUS
Beaver_UT,Beaver_UT,Beaver_UT,2005,SWE_NSE__NSE_meltseason2,-0.22334078294225887,WUS
Beaver_UT,Beaver_UT,Beaver_UT,2005,SWE_NSE__KGE_meltseason2,0.09002187055173955,WUS
Beaver_UT,Beaver_UT,Beaver_UT,2005,SWE_NSE__Qmean_meltseason2_APE,0.38780387267690264,WUS
Beaver_UT,Beaver_UT,Beaver_UT,2006,SWE_melt_NSE__NSE_meltseason2,-0.558270654271259,WUS
Beaver_UT,Beaver_UT,Beaver_UT,2006,SWE_melt_NSE__KGE_meltseason2,-0.06752271774740261,WUS
Beaver_UT,Beaver_UT,Beaver_UT,2006,SWE_melt_NSE__Qmean_meltseason2_APE,0.3262542214050834,WUS
Beaver_UT,Beaver_UT,Beaver_UT,2006,melt_sum_APE__NSE_meltseason2,-0.2784701392035865,WUS
Beaver_UT,Beaver_UT,Beaver_UT,2006,melt_sum_APE__KGE_meltseason2,-0.16662608068346585,WUS
Beaver_UT,Beaver_UT,Beaver_UT,2006,melt_sum_APE__Qmean_meltseason2_APE,0.08204769550690452,WUS
Beaver_UT,Beaver_UT,Beaver_UT,2006,SWE_NSE__NSE_meltseason2,-0.0820063220836773,WUS
Beaver_UT,Beaver_UT,Beaver_UT,2006,SWE_NSE__KGE_meltseason2,-0.2084081919007467,WUS
Beaver_UT,Beaver_UT,Beaver_UT,2006,SWE_NSE__Qmean_meltseason2_APE,0.21335309437625782,WUS
Beaver_UT,Beaver_UT,Beaver_UT,2007,SWE_melt_NSE__NSE_meltseason2,-0.24003158655164145,WUS
Beaver_UT,Beaver_UT,Beaver_UT,2007,SWE_melt_NSE__KGE_meltseason2,0.05106247540519133,WUS
Beaver_UT,Beaver_UT,Beaver_UT,2007,SWE_melt_NSE__Qmean_meltseason2_APE,0.21905298905288947,WUS
Beaver_UT,Beaver_UT,Beaver_UT,2007,melt_sum_APE__NSE_meltseason2,-0.6101025179180041,WUS
Beaver_UT,Beaver_UT,Beaver_UT,2007,melt_sum_APE__KGE_meltseason2,-0.3719357822688671,WUS
Beaver_UT,Beaver_UT,Beaver_UT,2007,melt_sum_APE__Qmean_meltseason2_APE,-0.042023214895706415,WUS
Beaver_UT,Beaver_UT,Beaver_UT,2007,SWE_NSE__NSE_meltseason2,0.009181590472388009,WUS
Beaver_UT,Beaver_UT,Beaver_UT,2007,SWE_NSE__KGE_meltseason2,0.1020056273430966,WUS
Beaver_UT,Beaver_UT,Beaver_UT,2007,SWE_NSE__Qmean_meltseason2_APE,0.3596513794917765,WUS
Beaver_UT,Beaver_UT,Beaver_UT,2008,SWE_melt_NSE__NSE_meltseason2,-0.33153676612433985,WUS
Beaver_UT,Beaver_UT,Beaver_UT,2008,SWE_melt_NSE__KGE_meltseason2,-0.023801346348854658,WUS
Beaver_UT,Beaver_UT,Beaver_UT,2008,SWE_melt_NSE__Qmean_meltseason2_APE,0.5080237174822397,WUS
Beaver_UT,Beaver_UT,Beaver_UT,2008,melt_sum_APE__NSE_meltseason2,-0.5253830555243362,WUS
Beaver_UT,Beaver_UT,Beaver_UT,2008,melt_sum_APE__KGE_meltseason2,-0.3954205549936063,WUS
Beaver_UT,Beaver_UT,Beaver_UT,2008,melt_sum_APE__Qmean_meltseason2_APE,0.08563115902621234,WUS
Beaver_UT,Beaver_UT,Beaver_UT,2008,SWE_NSE__NSE_meltseason2,0.05619453945261335,WUS
Beaver_UT,Beaver_UT,Beaver_UT,2008,SWE_NSE__KGE_meltseason2,-0.25082985272665187,WUS
Beaver_UT,Beaver_UT,Beaver_UT,2008,SWE_NSE__Qmean_meltseason2_APE,0.5923355658206342,WUS
Beaver_UT,Beaver_UT,Beaver_UT,2009,SWE_melt_NSE__NSE_meltseason2,-0.4678852398383091,WUS
Beaver_UT,Beaver_UT,Beaver_UT,2009,SWE_melt_NSE__KGE_meltseason2,-0.03885092897135771,WUS
Beaver_UT,Beaver_UT,Beaver_UT,2009,SWE_melt_NSE__Qmean_meltseason2_APE,0.49906627385093816,WUS
Beaver_UT,Beaver_UT,Beaver_UT,2009,melt_sum_APE__NSE_meltseason2,-0.9305238798830561,WUS
Beaver_UT,Beaver_UT,Beaver_UT,2009,melt_sum_APE__KGE_meltseason2,-0.6110811536831047,WUS
Beaver_UT,Beaver_UT,Beaver_UT,2009,melt_sum_APE__Qmean_meltseason2_APE,0.04249699926431707,WUS
Beaver_UT,Beaver_UT,Beaver_UT,2009,SWE_NSE__NSE_meltseason2,-0.11324480685319503,WUS
Beaver_UT,Beaver_UT,Beaver_UT,2009,SWE_NSE__KGE_meltseason2,0.10887609816668085,WUS
Beaver_UT,Beaver_UT,Beaver_UT,2009,SWE_NSE__Qmean_meltseason2_APE,0.7273029259003361,WUS
Beaver_UT,Beaver_UT,Beaver_UT,2010,SWE_melt_NSE__NSE_meltseason2,-0.090970984820561,WUS
Beaver_UT,Beaver_UT,Beaver_UT,2010,SWE_melt_NSE__KGE_meltseason2,0.25283116934444133,WUS
Beaver_UT,Beaver_UT,Beaver_UT,2010,SWE_melt_NSE__Qmean_meltseason2_APE,0.5030504787090468,WUS
Beaver_UT,Beaver_UT,Beaver_UT,2010,melt_sum_APE__NSE_meltseason2,-0.4941157742277048,WUS
Beaver_UT,Beaver_UT,Beaver_UT,2010,melt_sum_APE__KGE_meltseason2,0.04987829850028651,WUS
Beaver_UT,Beaver_UT,Beaver_UT,2010,melt_sum_APE__Qmean_meltseason2_APE,0.14113150604392474,WUS
Beaver_UT,Beaver_UT,Beaver_UT,2010,SWE_NSE__NSE_meltseason2,-0.12832409697553945,WUS
Beaver_UT,Beaver_UT,Beaver_UT,2010,SWE_NSE__KGE_meltseason2,0.20043005903528474,WUS
Beaver_UT,Beaver_UT,Beaver_UT,2010,SWE_NSE__Qmean_meltseason2_APE,0.5312103266644685,WUS
Beaver_UT,Beaver_UT,Beaver_UT,2011,SWE_melt_NSE__NSE_meltseason2,0.0248105003767367,WUS
Beaver_UT,Beaver_UT,Beaver_UT,2011,SWE_melt_NSE__KGE_meltseason2,0.1678276180791418,WUS
Beaver_UT,Beaver_UT,Beaver_UT,2011,SWE_melt_NSE__Qmean_meltseason2_APE,0.7325989860175515,WUS
Beaver_UT,Beaver_UT,Beaver_UT,2011,melt_sum_APE__NSE_meltseason2,-0.6106669312543479,WUS
Beaver_UT,Beaver_UT,Beaver_UT,2011,melt_sum_APE__KGE_meltseason2,0.026666762644728753,WUS
Beaver_UT,Beaver_UT,Beaver_UT,2011,melt_sum_APE__Qmean_meltseason2_APE,0.28307731430515487,WUS
Beaver_UT,Beaver_UT,Beaver_UT,2011,SWE_NSE__NSE_meltseason2,0.35207354161454196,WUS
Beaver_UT,Beaver_UT,Beaver_UT,2011,SWE_NSE__KGE_meltseason2,0.24931752707928606,WUS
Beaver_UT,Beaver_UT,Beaver_UT,2011,SWE_NSE__Qmean_meltseason2_APE,0.6487439477796808,WUS
Beaver_UT,Beaver_UT,Beaver_UT,2012,SWE_melt_NSE__NSE_meltseason2,-0.24551526323277625,WUS
Beaver_UT,Beaver_UT,Beaver_UT,2012,SWE_melt_NSE__KGE_meltseason2,0.10506938494366001,WUS
Beaver_UT,Beaver_UT,Beaver_UT,2012,SWE_melt_NSE__Qmean_meltseason2_APE,0.3857153211118209,WUS
Beaver_UT,Beaver_UT,Beaver_UT,2012,melt_sum_APE__NSE_meltseason2,-0.9634555254736397,WUS
Beaver_UT,Beaver_UT,Beaver_UT,2012,melt_sum_APE__KGE_meltseason2,-0.8588701679510592,WUS
Beaver_UT,Beaver_UT,Beaver_UT,2012,melt_sum_APE__Qmean_meltseason2_APE,-0.1901390051817972,WUS
Beaver_UT,Beaver_UT,Beaver_UT,2012,SWE_NSE__NSE_meltseason2,-0.5145731728297583,WUS
Beaver_UT,Beaver_UT,Beaver_UT,2012,SWE_NSE__KGE_meltseason2,-0.1388926352137802,WUS
Beaver_UT,Beaver_UT,Beaver_UT,2012,SWE_NSE__Qmean_meltseason2_APE,0.3981424084749136,WUS
Beaver_UT,Beaver_UT,Beaver_UT,2013,SWE_melt_NSE__NSE_meltseason2,-0.44912293846648377,WUS
Beaver_UT,Beaver_UT,Beaver_UT,2013,SWE_melt_NSE__KGE_meltseason2,-0.2806118226767215,WUS
Beaver_UT,Beaver_UT,Beaver_UT,2013,SWE_melt_NSE__Qmean_meltseason2_APE,0.09391326287267124,WUS
Beaver_UT,Beaver_UT,Beaver_UT,2013,melt_sum_APE__NSE_meltseason2,-0.5867351738287987,WUS
Beaver_UT,Beaver_UT,Beaver_UT,2013,melt_sum_APE__KGE_meltseason2,-0.4678374304197379,WUS
Beaver_UT,Beaver_UT,Beaver_UT,2013,melt_sum_APE__Qmean_meltseason2_APE,-0.002443175928328956,WUS
Beaver_UT,Beaver_UT,Beaver_UT,2013,SWE_NSE__NSE_meltseason2,-0.19578706475427843,WUS
Beaver_UT,Beaver_UT,Beaver_UT,2013,SWE_NSE__KGE_meltseason2,-0.1978951596493994,WUS
Beaver_UT,Beaver_UT,Beaver_UT,2013,SWE_NSE__Qmean_meltseason2_APE,0.12878259575095938,WUS
Beaver_UT,Beaver_UT,Beaver_UT,2014,SWE_melt_NSE__NSE_meltseason2,-0.009040416261589407,WUS
Beaver_UT,Beaver_UT,Beaver_UT,2014,SWE_melt_NSE__KGE_meltseason2,-0.0306942657548531,WUS
Beaver_UT,Beaver_UT,Beaver_UT,2014,SWE_melt_NSE__Qmean_meltseason2_APE,0.15673719080695805,WUS
Beaver_UT,Beaver_UT,Beaver_UT,2014,melt_sum_APE__NSE_meltseason2,-0.49853570622334153,WUS
Beaver_UT,Beaver_UT,Beaver_UT,2014,melt_sum_APE__KGE_meltseason2,-0.5945338731749452,WUS
Beaver_UT,Beaver_UT,Beaver_UT,2014,melt_sum_APE__Qmean_meltseason2_APE,-0.015705442888069517,WUS
Beaver_UT,Beaver_UT,Beaver_UT,2014,SWE_NSE__NSE_meltseason2,0.14473509298101064,WUS
Beaver_UT,Beaver_UT,Beaver_UT,2014,SWE_NSE__KGE_meltseason2,0.1355699398908667,WUS
Beaver_UT,Beaver_UT,Beaver_UT,2014,SWE_NSE__Qmean_meltseason2_APE,0.296827691965742,WUS
Beaver_UT,Beaver_UT,Beaver_UT,2015,SWE_melt_NSE__NSE_meltseason2,-0.4750244558505785,WUS
Beaver_UT,Beaver_UT,Beaver_UT,2015,SWE_melt_NSE__KGE_meltseason2,-0.23720044680188876,WUS
Beaver_UT,Beaver_UT,Beaver_UT,2015,SWE_melt_NSE__Qmean_meltseason2_APE,-0.09274420061622556,WUS
Beaver_UT,Beaver_UT,Beaver_UT,2015,melt_sum_APE__NSE_meltseason2,-0.4673609879072451,WUS
Beaver_UT,Beaver_UT,Beaver_UT,2015,melt_sum_APE__KGE_meltseason2,-0.3550808003405688,WUS
Beaver_UT,Beaver_UT,Beaver_UT,2015,melt_sum_APE__Qmean_meltseason2_APE,-0.04261575641221868,WUS
Beaver_UT,Beaver_UT,Beaver_UT,2015,SWE_NSE__NSE_meltseason2,-0.7180757001952862,WUS
Beaver_UT,Beaver_UT,Beaver_UT,2015,SWE_NSE__KGE_meltseason2,-0.49906242731550887,WUS
Beaver_UT,Beaver_UT,Beaver_UT,2015,SWE_NSE__Qmean_meltseason2_APE,-0.18666492285778874,WUS
Beaver_UT,Beaver_UT,Beaver_UT,2016,SWE_melt_NSE__NSE_meltseason2,-0.2880863034334598,WUS
Beaver_UT,Beaver_UT,Beaver_UT,2016,SWE_melt_NSE__KGE_meltseason2,0.15740912615412023,WUS
Beaver_UT,Beaver_UT,Beaver_UT,2016,SWE_melt_NSE__Qmean_meltseason2_APE,0.5050921198188728,WUS
Beaver_UT,Beaver_UT,Beaver_UT,2016,melt_sum_APE__NSE_meltseason2,-0.656439952846908,WUS
Beaver_UT,Beaver_UT,Beaver_UT,2016,melt_sum_APE__KGE_meltseason2,-0.12029423371771193,WUS
Beaver_UT,Beaver_UT,Beaver_UT,2016,melt_sum_APE__Qmean_meltseason2_APE,-0.02516548013228123,WUS
Beaver_UT,Beaver_UT,Beaver_UT,2016,SWE_NSE__NSE_meltseason2,0.026454232620705367,WUS
Beaver_UT,Beaver_UT,Beaver_UT,2016,SWE_NSE__KGE_meltseason2,0.0895931462326241,WUS
Beaver_UT,Beaver_UT,Beaver_UT,2016,SWE_NSE__Qmean_meltseason2_APE,0.4300463952445244,WUS
Beaver_UT,Beaver_UT,Beaver_UT,2017,SWE_melt_NSE__NSE_meltseason2,-0.20333692192891284,WUS
Beaver_UT,Beaver_UT,Beaver_UT,2017,SWE_melt_NSE__KGE_meltseason2,-0.13477309091126632,WUS
Beaver_UT,Beaver_UT,Beaver_UT,2017,SWE_melt_NSE__Qmean_meltseason2_APE,0.5121934463083205,WUS
Beaver_UT,Beaver_UT,Beaver_UT,2017,melt_sum_APE__NSE_meltseason2,-0.37126814034952565,WUS
Beaver_UT,Beaver_UT,Beaver_UT,2017,melt_sum_APE__KGE_meltseason2,-0.12141196571663902,WUS
Beaver_UT,Beaver_UT,Beaver_UT,2017,melt_sum_APE__Qmean_meltseason2_APE,0.11415962621883291,WUS
Beaver_UT,Beaver_UT,Beaver_UT,2017,SWE_NSE__NSE_meltseason2,-0.2846829691385572,WUS
Beaver_UT,Beaver_UT,Beaver_UT,2017,SWE_NSE__KGE_meltseason2,-0.44146895366451455,WUS
Beaver_UT,Beaver_UT,Beaver_UT,2017,SWE_NSE__Qmean_meltseason2_APE,0.4863591018656166,WUS
Beaver_UT,Beaver_UT,Beaver_UT,2018,SWE_melt_NSE__NSE_meltseason2,-0.2733593174672775,WUS
Beaver_UT,Beaver_UT,Beaver_UT,2018,SWE_melt_NSE__KGE_meltseason2,-0.001506506482268547,WUS
Beaver_UT,Beaver_UT,Beaver_UT,2018,SWE_melt_NSE__Qmean_meltseason2_APE,0.3024278441338806,WUS
Beaver_UT,Beaver_UT,Beaver_UT,2018,melt_sum_APE__NSE_meltseason2,-0.9937056705764395,WUS
Beaver_UT,Beaver_UT,Beaver_UT,2018,melt_sum_APE__KGE_meltseason2,-0.8102694584849816,WUS
Beaver_UT,Beaver_UT,Beaver_UT,2018,melt_sum_APE__Qmean_meltseason2_APE,-0.12598454958321598,WUS
Beaver_UT,Beaver_UT,Beaver_UT,2018,SWE_NSE__NSE_meltseason2,-0.29660539623620735,WUS
Beaver_UT,Beaver_UT,Beaver_UT,2018,SWE_NSE__KGE_meltseason2,0.06812857103893703,WUS
Beaver_UT,Beaver_UT,Beaver_UT,2018,SWE_NSE__Qmean_meltseason2_APE,0.626548881090613,WUS
Beaver_UT,Beaver_UT,Beaver_UT,2019,SWE_melt_NSE__NSE_meltseason2,-0.044499460166859885,WUS
Beaver_UT,Beaver_UT,Beaver_UT,2019,SWE_melt_NSE__KGE_meltseason2,0.1272654664192848,WUS
Beaver_UT,Beaver_UT,Beaver_UT,2019,SWE_melt_NSE__Qmean_meltseason2_APE,0.5638884124153991,WUS
Beaver_UT,Beaver_UT,Beaver_UT,2019,melt_sum_APE__NSE_meltseason2,-0.5205075433433985,WUS
Beaver_UT,Beaver_UT,Beaver_UT,2019,melt_sum_APE__KGE_meltseason2,0.04161302585711307,WUS
Beaver_UT,Beaver_UT,Beaver_UT,2019,melt_sum_APE__Qmean_meltseason2_APE,0.2554728606386359,WUS
Beaver_UT,Beaver_UT,Beaver_UT,2019,SWE_NSE__NSE_meltseason2,0.10159550855070398,WUS
Beaver_UT,Beaver_UT,Beaver_UT,2019,SWE_NSE__KGE_meltseason2,0.04229479847801343,WUS
Beaver_UT,Beaver_UT,Beaver_UT,2019,SWE_NSE__Qmean_meltseason2_APE,0.5544661620517575,WUS
Beaver_UT,Beaver_UT,Beaver_UT,2020,SWE_melt_NSE__NSE_meltseason2,-0.3828103370343849,WUS
Beaver_UT,Beaver_UT,Beaver_UT,2020,SWE_melt_NSE__KGE_meltseason2,-0.32741363397109213,WUS
Beaver_UT,Beaver_UT,Beaver_UT,2020,SWE_melt_NSE__Qmean_meltseason2_APE,0.3568322937745071,WUS
Beaver_UT,Beaver_UT,Beaver_UT,2020,melt_sum_APE__NSE_meltseason2,-0.7672656344420933,WUS
Beaver_UT,Beaver_UT,Beaver_UT,2020,melt_sum_APE__KGE_meltseason2,-0.4139845652526221,WUS
Beaver_UT,Beaver_UT,Beaver_UT,2020,melt_sum_APE__Qmean_meltseason2_APE,0.11540386688272178,WUS
Beaver_UT,Beaver_UT,Beaver_UT,2020,SWE_NSE__NSE_meltseason2,-0.3244760620656711,WUS
Beaver_UT,Beaver_UT,Beaver_UT,2020,SWE_NSE__KGE_meltseason2,-0.20782124124190782,WUS
Beaver_UT,Beaver_UT,Beaver_UT,2020,SWE_NSE__Qmean_meltseason2_APE,0.3050396444532214,WUS
Beaver_UT,Beaver_UT,Beaver_UT,2021,SWE_melt_NSE__NSE_meltseason2,-0.21057300520722563,WUS
Beaver_UT,Beaver_UT,Beaver_UT,2021,SWE_melt_NSE__KGE_meltseason2,-0.21842727443554746,WUS
Beaver_UT,Beaver_UT,Beaver_UT,2021,SWE_melt_NSE__Qmean_meltseason2_APE,0.21088312378268706,WUS
Beaver_UT,Beaver_UT,Beaver_UT,2021,melt_sum_APE__NSE_meltseason2,-0.5285606672710379,WUS
Beaver_UT,Beaver_UT,Beaver_UT,2021,melt_sum_APE__KGE_meltseason2,-0.435720262190141,WUS
Beaver_UT,Beaver_UT,Beaver_UT,2021,melt_sum_APE__Qmean_meltseason2_APE,0.35628658770482075,WUS
Beaver_UT,Beaver_UT,Beaver_UT,2021,SWE_NSE__NSE_meltseason2,-0.5849625007211561,WUS
Beaver_UT,Beaver_UT,Beaver_UT,2021,SWE_NSE__KGE_meltseason2,-0.5057126429109519,WUS
Beaver_UT,Beaver_UT,Beaver_UT,2021,SWE_NSE__Qmean_meltseason2_APE,0.5659540093397823,WUS
Beaver_UT,Beaver_UT,Beaver_UT,2022,SWE_melt_NSE__NSE_meltseason2,-0.27370831704597587,WUS
Beaver_UT,Beaver_UT,Beaver_UT,2022,SWE_melt_NSE__KGE_meltseason2,-0.15225361866767287,WUS
Beaver_UT,Beaver_UT,Beaver_UT,2022,SWE_melt_NSE__Qmean_meltseason2_APE,0.21044779373119635,WUS
Beaver_UT,Beaver_UT,Beaver_UT,2022,melt_sum_APE__NSE_meltseason2,-0.45825562261454245,WUS
Beaver_UT,Beaver_UT,Beaver_UT,2022,melt_sum_APE__KGE_meltseason2,-0.45225881134638735,WUS
Beaver_UT,Beaver_UT,Beaver_UT,2022,melt_sum_APE__Qmean_meltseason2_APE,0.2274104961030724,WUS
Beaver_UT,Beaver_UT,Beaver_UT,2022,SWE_NSE__NSE_meltseason2,-0.09823612636059173,WUS
Beaver_UT,Beaver_UT,Beaver_UT,2022,SWE_NSE__KGE_meltseason2,-0.07389408983709338,WUS
Beaver_UT,Beaver_UT,Beaver_UT,2022,SWE_NSE__Qmean_meltseason2_APE,0.33997317224557627,WUS
BlackGore_CO,BlackGore_CO,BlackGore_CO,2001,SWE_melt_NSE__NSE_meltseason2,-0.13999043486519402,WUS
BlackGore_CO,BlackGore_CO,BlackGore_CO,2001,SWE_melt_NSE__KGE_meltseason2,-0.2053668235347254,WUS
BlackGore_CO,BlackGore_CO,BlackGore_CO,2001,SWE_melt_NSE__Qmean_meltseason2_APE,0.48003038308374635,WUS
BlackGore_CO,BlackGore_CO,BlackGore_CO,2001,melt_sum_APE__NSE_meltseason2,-0.8725840742467773,WUS
BlackGore_CO,BlackGore_CO,BlackGore_CO,2001,melt_sum_APE__KGE_meltseason2,-0.6020323410862781,WUS
BlackGore_CO,BlackGore_CO,BlackGore_CO,2001,melt_sum_APE__Qmean_meltseason2_APE,0.17427912752419106,WUS
BlackGore_CO,BlackGore_CO,BlackGore_CO,2001,SWE_NSE__NSE_meltseason2,0.048798061956719846,WUS
BlackGore_CO,BlackGore_CO,BlackGore_CO,2001,SWE_NSE__KGE_meltseason2,0.02946296917464404,WUS
BlackGore_CO,BlackGore_CO,BlackGore_CO,2001,SWE_NSE__Qmean_meltseason2_APE,0.5437877900743249,WUS
BlackGore_CO,BlackGore_CO,BlackGore_CO,2002,SWE_melt_NSE__NSE_meltseason2,-0.07398687796835277,WUS
BlackGore_CO,BlackGore_CO,BlackGore_CO,2002,SWE_melt_NSE__KGE_meltseason2,-0.007987426887009305,WUS
BlackGore_CO,BlackGore_CO,BlackGore_CO,2002,SWE_melt_NSE__Qmean_meltseason2_APE,0.24157047657426017,WUS
BlackGore_CO,BlackGore_CO,BlackGore_CO,2002,melt_sum_APE__NSE_meltseason2,-0.39969294677657763,WUS
BlackGore_CO,BlackGore_CO,BlackGore_CO,2002,melt_sum_APE__KGE_meltseason2,-0.34969449392807134,WUS
BlackGore_CO,BlackGore_CO,BlackGore_CO,2002,melt_sum_APE__Qmean_meltseason2_APE,0.1758822555126975,WUS
BlackGore_CO,BlackGore_CO,BlackGore_CO,2002,SWE_NSE__NSE_meltseason2,0.08082635862107669,WUS
BlackGore_CO,BlackGore_CO,BlackGore_CO,2002,SWE_NSE__KGE_meltseason2,0.11647553597262635,WUS
BlackGore_CO,BlackGore_CO,BlackGore_CO,2002,SWE_NSE__Qmean_meltseason2_APE,0.45012156620833377,WUS
BlackGore_CO,BlackGore_CO,BlackGore_CO,2003,SWE_melt_NSE__NSE_meltseason2,-0.2674140546918871,WUS
BlackGore_CO,BlackGore_CO,BlackGore_CO,2003,SWE_melt_NSE__KGE_meltseason2,-0.04432959625826253,WUS
BlackGore_CO,BlackGore_CO,BlackGore_CO,2003,SWE_melt_NSE__Qmean_meltseason2_APE,0.623684214039203,WUS
BlackGore_CO,BlackGore_CO,BlackGore_CO,2003,melt_sum_APE__NSE_meltseason2,-0.11189057092569221,WUS
BlackGore_CO,BlackGore_CO,BlackGore_CO,2003,melt_sum_APE__KGE_meltseason2,-0.1430456719413,WUS
BlackGore_CO,BlackGore_CO,BlackGore_CO,2003,melt_sum_APE__Qmean_meltseason2_APE,0.16854059001193536,WUS
BlackGore_CO,BlackGore_CO,BlackGore_CO,2003,SWE_NSE__NSE_meltseason2,-0.16031715359183546,WUS
BlackGore_CO,BlackGore_CO,BlackGore_CO,2003,SWE_NSE__KGE_meltseason2,-0.37812578994430585,WUS
BlackGore_CO,BlackGore_CO,BlackGore_CO,2003,SWE_NSE__Qmean_meltseason2_APE,0.13629577023261713,WUS
BlackGore_CO,BlackGore_CO,BlackGore_CO,2004,SWE_melt_NSE__NSE_meltseason2,-0.3209995587990897,WUS
BlackGore_CO,BlackGore_CO,BlackGore_CO,2004,SWE_melt_NSE__KGE_meltseason2,-0.23441947244604736,WUS
BlackGore_CO,BlackGore_CO,BlackGore_CO,2004,SWE_melt_NSE__Qmean_meltseason2_APE,0.09141379119016672,WUS
BlackGore_CO,BlackGore_CO,BlackGore_CO,2004,melt_sum_APE__NSE_meltseason2,-0.7244153802256943,WUS
BlackGore_CO,BlackGore_CO,BlackGore_CO,2004,melt_sum_APE__KGE_meltseason2,-0.7913060547709476,WUS
BlackGore_CO,BlackGore_CO,BlackGore_CO,2004,melt_sum_APE__Qmean_meltseason2_APE,0.1336745977718756,WUS
BlackGore_CO,BlackGore_CO,BlackGore_CO,2004,SWE_NSE__NSE_meltseason2,-0.40112660450402077,WUS
BlackGore_CO,BlackGore_CO,BlackGore_CO,2004,SWE_NSE__KGE_meltseason2,-0.12661720343767482,WUS
BlackGore_CO,BlackGore_CO,BlackGore_CO,2004,SWE_NSE__Qmean_meltseason2_APE,0.35144184427195696,WUS
BlackGore_CO,BlackGore_CO,BlackGore_CO,2005,SWE_melt_NSE__NSE_meltseason2,-0.29619372174656455,WUS
BlackGore_CO,BlackGore_CO,BlackGore_CO,2005,SWE_melt_NSE__KGE_meltseason2,-0.47593860696630114,WUS
BlackGore_CO,BlackGore_CO,BlackGore_CO,2005,SWE_melt_NSE__Qmean_meltseason2_APE,0.4174587569531516,WUS
BlackGore_CO,BlackGore_CO,BlackGore_CO,2005,melt_sum_APE__NSE_meltseason2,-0.9098421806350515,WUS
BlackGore_CO,BlackGore_CO,BlackGore_CO,2005,melt_sum_APE__KGE_meltseason2,-0.6496821814393103,WUS
BlackGore_CO,BlackGore_CO,BlackGore_CO,2005,melt_sum_APE__Qmean_meltseason2_APE,0.28449164151470097,WUS
BlackGore_CO,BlackGore_CO,BlackGore_CO,2005,SWE_NSE__NSE_meltseason2,-0.1316770606509687,WUS
BlackGore_CO,BlackGore_CO,BlackGore_CO,2005,SWE_NSE__KGE_meltseason2,-0.35932295885821225,WUS
BlackGore_CO,BlackGore_CO,BlackGore_CO,2005,SWE_NSE__Qmean_meltseason2_APE,0.5870952141168023,WUS
BlackGore_CO,BlackGore_CO,BlackGore_CO,2006,SWE_melt_NSE__NSE_meltseason2,0.06023510713336982,WUS
BlackGore_CO,BlackGore_CO,BlackGore_CO,2006,SWE_melt_NSE__KGE_meltseason2,0.015327581526980457,WUS
BlackGore_CO,BlackGore_CO,BlackGore_CO,2006,SWE_melt_NSE__Qmean_meltseason2_APE,0.5622424242210728,WUS
BlackGore_CO,BlackGore_CO,BlackGore_CO,2006,melt_sum_APE__NSE_meltseason2,-0.5976856247202276,WUS
BlackGore_CO,BlackGore_CO,BlackGore_CO,2006,melt_sum_APE__KGE_meltseason2,-0.7704288100066211,WUS
BlackGore_CO,BlackGore_CO,BlackGore_CO,2006,melt_sum_APE__Qmean_meltseason2_APE,0.016069391362648417,WUS
BlackGore_CO,BlackGore_CO,BlackGore_CO,2006,SWE_NSE__NSE_meltseason2,0.27258627955072867,WUS
BlackGore_CO,BlackGore_CO,BlackGore_CO,2006,SWE_NSE__KGE_meltseason2,0.03875407162998624,WUS
BlackGore_CO,BlackGore_CO,BlackGore_CO,2006,SWE_NSE__Qmean_meltseason2_APE,0.7915788390989211,WUS
BlackGore_CO,BlackGore_CO,BlackGore_CO,2007,SWE_melt_NSE__NSE_meltseason2,-0.10348922091025167,WUS
BlackGore_CO,BlackGore_CO,BlackGore_CO,2007,SWE_melt_NSE__KGE_meltseason2,-0.24278421016762558,WUS
BlackGore_CO,BlackGore_CO,BlackGore_CO,2007,SWE_melt_NSE__Qmean_meltseason2_APE,0.1511792042182017,WUS
BlackGore_CO,BlackGore_CO,BlackGore_CO,2007,melt_sum_APE__NSE_meltseason2,-0.7910800768030435,WUS
BlackGore_CO,BlackGore_CO,BlackGore_CO,2007,melt_sum_APE__KGE_meltseason2,-0.8552019688126313,WUS
BlackGore_CO,BlackGore_CO,BlackGore_CO,2007,melt_sum_APE__Qmean_meltseason2_APE,0.17090809861213513,WUS
BlackGore_CO,BlackGore_CO,BlackGore_CO,2007,SWE_NSE__NSE_meltseason2,0.2349420988044409,WUS
BlackGore_CO,BlackGore_CO,BlackGore_CO,2007,SWE_NSE__KGE_meltseason2,-0.08510860291563441,WUS
BlackGore_CO,BlackGore_CO,BlackGore_CO,2007,SWE_NSE__Qmean_meltseason2_APE,0.8461407531424088,WUS
BlackGore_CO,BlackGore_CO,BlackGore_CO,2008,SWE_melt_NSE__NSE_meltseason2,-0.4381780762455988,WUS
BlackGore_CO,BlackGore_CO,BlackGore_CO,2008,SWE_melt_NSE__KGE_meltseason2,-0.23634539513798922,WUS
BlackGore_CO,BlackGore_CO,BlackGore_CO,2008,SWE_melt_NSE__Qmean_meltseason2_APE,0.4220108957118878,WUS
BlackGore_CO,BlackGore_CO,BlackGore_CO,2008,melt_sum_APE__NSE_meltseason2,-0.9077831867654257,WUS
BlackGore_CO,BlackGore_CO,BlackGore_CO,2008,melt_sum_APE__KGE_meltseason2,-0.5089533541349752,WUS
BlackGore_CO,BlackGore_CO,BlackGore_CO,2008,melt_sum_APE__Qmean_meltseason2_APE,0.4466461381722664,WUS
BlackGore_CO,BlackGore_CO,BlackGore_CO,2008,SWE_NSE__NSE_meltseason2,-0.08643557142986837,WUS
BlackGore_CO,BlackGore_CO,BlackGore_CO,2008,SWE_NSE__KGE_meltseason2,-0.05967165401521472,WUS
BlackGore_CO,BlackGore_CO,BlackGore_CO,2008,SWE_NSE__Qmean_meltseason2_APE,0.4220909674137599,WUS
BlackGore_CO,BlackGore_CO,BlackGore_CO,2009,SWE_melt_NSE__NSE_meltseason2,-0.3912580121765579,WUS
BlackGore_CO,BlackGore_CO,BlackGore_CO,2009,SWE_melt_NSE__KGE_meltseason2,-0.1311771931437702,WUS
BlackGore_CO,BlackGore_CO,BlackGore_CO,2009,SWE_melt_NSE__Qmean_meltseason2_APE,0.25664175176405735,WUS
BlackGore_CO,BlackGore_CO,BlackGore_CO,2009,melt_sum_APE__NSE_meltseason2,-0.3239963231669069,WUS
BlackGore_CO,BlackGore_CO,BlackGore_CO,2009,melt_sum_APE__KGE_meltseason2,-0.36364638017684975,WUS
BlackGore_CO,BlackGore_CO,BlackGore_CO,2009,melt_sum_APE__Qmean_meltseason2_APE,0.17681064843935188,WUS
BlackGore_CO,BlackGore_CO,BlackGore_CO,2009,SWE_NSE__NSE_meltseason2,-0.03581943534329233,WUS
BlackGore_CO,BlackGore_CO,BlackGore_CO,2009,SWE_NSE__KGE_meltseason2,-0.006586503286222268,WUS
BlackGore_CO,BlackGore_CO,BlackGore_CO,2009,SWE_NSE__Qmean_meltseason2_APE,0.4790552185305239,WUS
BlackGore_CO,BlackGore_CO,BlackGore_CO,2010,SWE_melt_NSE__NSE_meltseason2,0.008020856293336496,WUS
BlackGore_CO,BlackGore_CO,BlackGore_CO,2010,SWE_melt_NSE__KGE_meltseason2,-0.08865144114465641,WUS
BlackGore_CO,BlackGore_CO,BlackGore_CO,2010,SWE_melt_NSE__Qmean_meltseason2_APE,0.20604848013105012,WUS
BlackGore_CO,BlackGore_CO,BlackGore_CO,2010,melt_sum_APE__NSE_meltseason2,-0.7335121034904525,WUS
BlackGore_CO,BlackGore_CO,BlackGore_CO,2010,melt_sum_APE__KGE_meltseason2,-0.7735671208056838,WUS
BlackGore_CO,BlackGore_CO,BlackGore_CO,2010,melt_sum_APE__Qmean_meltseason2_APE,0.13276304560342708,WUS
BlackGore_CO,BlackGore_CO,BlackGore_CO,2010,SWE_NSE__NSE_meltseason2,0.43215365744176404,WUS
BlackGore_CO,BlackGore_CO,BlackGore_CO,2010,SWE_NSE__KGE_meltseason2,0.3305611765828216,WUS
BlackGore_CO,BlackGore_CO,BlackGore_CO,2010,SWE_NSE__Qmean_meltseason2_APE,0.8234186668759326,WUS
BlackGore_CO,BlackGore_CO,BlackGore_CO,2011,SWE_melt_NSE__NSE_meltseason2,-0.0912408948191934,WUS
BlackGore_CO,BlackGore_CO,BlackGore_CO,2011,SWE_melt_NSE__KGE_meltseason2,-0.14875601088383764,WUS
BlackGore_CO,BlackGore_CO,BlackGore_CO,2011,SWE_melt_NSE__Qmean_meltseason2_APE,0.19031653565408924,WUS
BlackGore_CO,BlackGore_CO,BlackGore_CO,2011,melt_sum_APE__NSE_meltseason2,-1.0401950966274216,WUS
BlackGore_CO,BlackGore_CO,BlackGore_CO,2011,melt_sum_APE__KGE_meltseason2,-0.9939337250373442,WUS
BlackGore_CO,BlackGore_CO,BlackGore_CO,2011,melt_sum_APE__Qmean_meltseason2_APE,-0.0006487424410698565,WUS
BlackGore_CO,BlackGore_CO,BlackGore_CO,2011,SWE_NSE__NSE_meltseason2,-0.02353364164930877,WUS
BlackGore_CO,BlackGore_CO,BlackGore_CO,2011,SWE_NSE__KGE_meltseason2,-0.13928643957283737,WUS
BlackGore_CO,BlackGore_CO,BlackGore_CO,2011,SWE_NSE__Qmean_meltseason2_APE,0.5943213568255865,WUS
BlackGore_CO,BlackGore_CO,BlackGore_CO,2012,SWE_melt_NSE__NSE_meltseason2,-0.5979320906263736,WUS
BlackGore_CO,BlackGore_CO,BlackGore_CO,2012,SWE_melt_NSE__KGE_meltseason2,-0.6372066796027165,WUS
BlackGore_CO,BlackGore_CO,BlackGore_CO,2012,SWE_melt_NSE__Qmean_meltseason2_APE,0.09829180446088982,WUS
BlackGore_CO,BlackGore_CO,BlackGore_CO,2012,melt_sum_APE__NSE_meltseason2,-0.42735251251894235,WUS
BlackGore_CO,BlackGore_CO,BlackGore_CO,2012,melt_sum_APE__KGE_meltseason2,-0.3390975320158694,WUS
BlackGore_CO,BlackGore_CO,BlackGore_CO,2012,melt_sum_APE__Qmean_meltseason2_APE,0.022708969781131412,WUS
BlackGore_CO,BlackGore_CO,BlackGore_CO,2012,SWE_NSE__NSE_meltseason2,-0.03555886633489472,WUS
BlackGore_CO,BlackGore_CO,BlackGore_CO,2012,SWE_NSE__KGE_meltseason2,-0.07528812730423727,WUS
BlackGore_CO,BlackGore_CO,BlackGore_CO,2012,SWE_NSE__Qmean_meltseason2_APE,0.4181984843021908,WUS
BlackGore_CO,BlackGore_CO,BlackGore_CO,2013,SWE_melt_NSE__NSE_meltseason2,-0.30960305995444587,WUS
BlackGore_CO,BlackGore_CO,BlackGore_CO,2013,SWE_melt_NSE__KGE_meltseason2,-0.1092051965257152,WUS
BlackGore_CO,BlackGore_CO,BlackGore_CO,2013,SWE_melt_NSE__Qmean_meltseason2_APE,0.26829201832545085,WUS
BlackGore_CO,BlackGore_CO,BlackGore_CO,2013,melt_sum_APE__NSE_meltseason2,-0.17868576220627033,WUS
BlackGore_CO,BlackGore_CO,BlackGore_CO,2013,melt_sum_APE__KGE_meltseason2,-0.2955987458366201,WUS
BlackGore_CO,BlackGore_CO,BlackGore_CO,2013,melt_sum_APE__Qmean_meltseason2_APE,-0.12211393514869168,WUS
BlackGore_CO,BlackGore_CO,BlackGore_CO,2013,SWE_NSE__NSE_meltseason2,0.017205869301148986,WUS
BlackGore_CO,BlackGore_CO,BlackGore_CO,2013,SWE_NSE__KGE_meltseason2,-0.0848646504072776,WUS
BlackGore_CO,BlackGore_CO,BlackGore_CO,2013,SWE_NSE__Qmean_meltseason2_APE,0.020877770472588153,WUS
BlackGore_CO,BlackGore_CO,BlackGore_CO,2014,SWE_melt_NSE__NSE_meltseason2,-0.2758190738177786,WUS
BlackGore_CO,BlackGore_CO,BlackGore_CO,2014,SWE_melt_NSE__KGE_meltseason2,-0.08430721596781475,WUS
BlackGore_CO,BlackGore_CO,BlackGore_CO,2014,SWE_melt_NSE__Qmean_meltseason2_APE,0.20265148374001735,WUS
BlackGore_CO,BlackGore_CO,BlackGore_CO,2014,melt_sum_APE__NSE_meltseason2,-0.7465006918867403,WUS
BlackGore_CO,BlackGore_CO,BlackGore_CO,2014,melt_sum_APE__KGE_meltseason2,-0.7495556347564132,WUS
BlackGore_CO,BlackGore_CO,BlackGore_CO,2014,melt_sum_APE__Qmean_meltseason2_APE,-0.13192112034854872,WUS
BlackGore_CO,BlackGore_CO,BlackGore_CO,2014,SWE_NSE__NSE_meltseason2,-0.23406134189971978,WUS
BlackGore_CO,BlackGore_CO,BlackGore_CO,2014,SWE_NSE__KGE_meltseason2,-0.24692331265903142,WUS
BlackGore_CO,BlackGore_CO,BlackGore_CO,2014,SWE_NSE__Qmean_meltseason2_APE,0.3904452642141635,WUS
BlackGore_CO,BlackGore_CO,BlackGore_CO,2015,SWE_melt_NSE__NSE_meltseason2,-0.17824747439566743,WUS
BlackGore_CO,BlackGore_CO,BlackGore_CO,2015,SWE_melt_NSE__KGE_meltseason2,-0.3672467525993482,WUS
BlackGore_CO,BlackGore_CO,BlackGore_CO,2015,SWE_melt_NSE__Qmean_meltseason2_APE,0.053299490554596325,WUS
BlackGore_CO,BlackGore_CO,BlackGore_CO,2015,melt_sum_APE__NSE_meltseason2,0.06770324437315882,WUS
BlackGore_CO,BlackGore_CO,BlackGore_CO,2015,melt_sum_APE__KGE_meltseason2,0.17213019126230353,WUS
BlackGore_CO,BlackGore_CO,BlackGore_CO,2015,melt_sum_APE__Qmean_meltseason2_APE,0.3118422160636084,WUS
BlackGore_CO,BlackGore_CO,BlackGore_CO,2015,SWE_NSE__NSE_meltseason2,0.2556876628741019,WUS
BlackGore_CO,BlackGore_CO,BlackGore_CO,2015,SWE_NSE__KGE_meltseason2,0.08861567070380069,WUS
BlackGore_CO,BlackGore_CO,BlackGore_CO,2015,SWE_NSE__Qmean_meltseason2_APE,0.2011727797152691,WUS
BlackGore_CO,BlackGore_CO,BlackGore_CO,2016,SWE_melt_NSE__NSE_meltseason2,-0.2089297063635337,WUS
BlackGore_CO,BlackGore_CO,BlackGore_CO,2016,SWE_melt_NSE__KGE_meltseason2,-0.29529169764278806,WUS
BlackGore_CO,BlackGore_CO,BlackGore_CO,2016,SWE_melt_NSE__Qmean_meltseason2_APE,0.09932592414623553,WUS
BlackGore_CO,BlackGore_CO,BlackGore_CO,2016,melt_sum_APE__NSE_meltseason2,-0.42706801890777407,WUS
BlackGore_CO,BlackGore_CO,BlackGore_CO,2016,melt_sum_APE__KGE_meltseason2,-0.348459677636487,WUS
BlackGore_CO,BlackGore_CO,BlackGore_CO,2016,melt_sum_APE__Qmean_meltseason2_APE,-0.2390514856327219,WUS
BlackGore_CO,BlackGore_CO,BlackGore_CO,2016,SWE_NSE__NSE_meltseason2,0.5315593909232021,WUS
BlackGore_CO,BlackGore_CO,BlackGore_CO,2016,SWE_NSE__KGE_meltseason2,-0.022489448245913313,WUS
BlackGore_CO,BlackGore_CO,BlackGore_CO,2016,SWE_NSE__Qmean_meltseason2_APE,0.24128599511110496,WUS
BlackGore_CO,BlackGore_CO,BlackGore_CO,2017,SWE_melt_NSE__NSE_meltseason2,0.08478554896790164,WUS
BlackGore_CO,BlackGore_CO,BlackGore_CO,2017,SWE_melt_NSE__KGE_meltseason2,0.007243672326624201,WUS
BlackGore_CO,BlackGore_CO,BlackGore_CO,2017,SWE_melt_NSE__Qmean_meltseason2_APE,0.46636120052531127,WUS
BlackGore_CO,BlackGore_CO,BlackGore_CO,2017,melt_sum_APE__NSE_meltseason2,-0.7975302234699875,WUS
BlackGore_CO,BlackGore_CO,BlackGore_CO,2017,melt_sum_APE__KGE_meltseason2,-0.7155358569503697,WUS
BlackGore_CO,BlackGore_CO,BlackGore_CO,2017,melt_sum_APE__Qmean_meltseason2_APE,-0.05255133410331379,WUS
BlackGore_CO,BlackGore_CO,BlackGore_CO,2017,SWE_NSE__NSE_meltseason2,-0.10463549995423528,WUS
BlackGore_CO,BlackGore_CO,BlackGore_CO,2017,SWE_NSE__KGE_meltseason2,0.06610659759754649,WUS
BlackGore_CO,BlackGore_CO,BlackGore_CO,2017,SWE_NSE__Qmean_meltseason2_APE,0.6460732867557382,WUS
BlackGore_CO,BlackGore_CO,BlackGore_CO,2018,SWE_melt_NSE__NSE_meltseason2,-0.058716618612096295,WUS
BlackGore_CO,BlackGore_CO,BlackGore_CO,2018,SWE_melt_NSE__KGE_meltseason2,-0.15163319717291301,WUS
BlackGore_CO,BlackGore_CO,BlackGore_CO,2018,SWE_melt_NSE__Qmean_meltseason2_APE,0.30021501516400845,WUS
BlackGore_CO,BlackGore_CO,BlackGore_CO,2018,melt_sum_APE__NSE_meltseason2,-0.5991095487185151,WUS
BlackGore_CO,BlackGore_CO,BlackGore_CO,2018,melt_sum_APE__KGE_meltseason2,-0.31017312194731395,WUS
BlackGore_CO,BlackGore_CO,BlackGore_CO,2018,melt_sum_APE__Qmean_meltseason2_APE,0.27375746259225275,WUS
BlackGore_CO,BlackGore_CO,BlackGore_CO,2018,SWE_NSE__NSE_meltseason2,0.033849512142245096,WUS
BlackGore_CO,BlackGore_CO,BlackGore_CO,2018,SWE_NSE__KGE_meltseason2,0.1355060631795901,WUS
BlackGore_CO,BlackGore_CO,BlackGore_CO,2018,SWE_NSE__Qmean_meltseason2_APE,0.6712333056064097,WUS
BlackGore_CO,BlackGore_CO,BlackGore_CO,2019,SWE_melt_NSE__NSE_meltseason2,-0.2248862768250057,WUS
BlackGore_CO,BlackGore_CO,BlackGore_CO,2019,SWE_melt_NSE__KGE_meltseason2,-0.12940646548176224,WUS
BlackGore_CO,BlackGore_CO,BlackGore_CO,2019,SWE_melt_NSE__Qmean_meltseason2_APE,0.1834560389069816,WUS
BlackGore_CO,BlackGore_CO,BlackGore_CO,2019,melt_sum_APE__NSE_meltseason2,-0.7755941378745065,WUS
BlackGore_CO,BlackGore_CO,BlackGore_CO,2019,melt_sum_APE__KGE_meltseason2,-0.8957595501120172,WUS
BlackGore_CO,BlackGore_CO,BlackGore_CO,2019,melt_sum_APE__Qmean_meltseason2_APE,0.06800604173124088,WUS
BlackGore_CO,BlackGore_CO,BlackGore_CO,2019,SWE_NSE__NSE_meltseason2,0.30065306406048753,WUS
BlackGore_CO,BlackGore_CO,BlackGore_CO,2019,SWE_NSE__KGE_meltseason2,0.033537559450666415,WUS
BlackGore_CO,BlackGore_CO,BlackGore_CO,2019,SWE_NSE__Qmean_meltseason2_APE,0.7008971319063965,WUS
BlackGore_CO,BlackGore_CO,BlackGore_CO,2020,SWE_melt_NSE__NSE_meltseason2,-0.42636200083747844,WUS
BlackGore_CO,BlackGore_CO,BlackGore_CO,2020,SWE_melt_NSE__KGE_meltseason2,0.02143816615611993,WUS
BlackGore_CO,BlackGore_CO,BlackGore_CO,2020,SWE_melt_NSE__Qmean_meltseason2_APE,0.25608454619769483,WUS
BlackGore_CO,BlackGore_CO,BlackGore_CO,2020,melt_sum_APE__NSE_meltseason2,-0.5973480271233782,WUS
BlackGore_CO,BlackGore_CO,BlackGore_CO,2020,melt_sum_APE__KGE_meltseason2,-0.6258927647760384,WUS
BlackGore_CO,BlackGore_CO,BlackGore_CO,2020,melt_sum_APE__Qmean_meltseason2_APE,0.03333718387411272,WUS
BlackGore_CO,BlackGore_CO,BlackGore_CO,2020,SWE_NSE__NSE_meltseason2,0.16387857037636233,WUS
BlackGore_CO,BlackGore_CO,BlackGore_CO,2020,SWE_NSE__KGE_meltseason2,0.018500736125228175,WUS
BlackGore_CO,BlackGore_CO,BlackGore_CO,2020,SWE_NSE__Qmean_meltseason2_APE,0.19870934629016077,WUS
BlackGore_CO,BlackGore_CO,BlackGore_CO,2021,SWE_melt_NSE__NSE_meltseason2,-0.05581513796881256,WUS
BlackGore_CO,BlackGore_CO,BlackGore_CO,2021,SWE_melt_NSE__KGE_meltseason2,-0.2774589894304544,WUS
BlackGore_CO,BlackGore_CO,BlackGore_CO,2021,SWE_melt_NSE__Qmean_meltseason2_APE,0.16041918546303424,WUS
BlackGore_CO,BlackGore_CO,BlackGore_CO,2021,melt_sum_APE__NSE_meltseason2,-0.34967262775311597,WUS
BlackGore_CO,BlackGore_CO,BlackGore_CO,2021,melt_sum_APE__KGE_meltseason2,-0.5566701928386307,WUS
BlackGore_CO,BlackGore_CO,BlackGore_CO,2021,melt_sum_APE__Qmean_meltseason2_APE,0.012613471257956662,WUS
BlackGore_CO,BlackGore_CO,BlackGore_CO,2021,SWE_NSE__NSE_meltseason2,0.32101444475464846,WUS
BlackGore_CO,BlackGore_CO,BlackGore_CO,2021,SWE_NSE__KGE_meltseason2,0.12992616067358673,WUS
BlackGore_CO,BlackGore_CO,BlackGore_CO,2021,SWE_NSE__Qmean_meltseason2_APE,0.38605148462137967,WUS
BlackGore_CO,BlackGore_CO,BlackGore_CO,2022,SWE_melt_NSE__NSE_meltseason2,-0.3318931936013578,WUS
BlackGore_CO,BlackGore_CO,BlackGore_CO,2022,SWE_melt_NSE__KGE_meltseason2,-0.454061113462139,WUS
BlackGore_CO,BlackGore_CO,BlackGore_CO,2022,SWE_melt_NSE__Qmean_meltseason2_APE,0.3723062499126813,WUS
BlackGore_CO,BlackGore_CO,BlackGore_CO,2022,melt_sum_APE__NSE_meltseason2,-0.6175576728958996,WUS
BlackGore_CO,BlackGore_CO,BlackGore_CO,2022,melt_sum_APE__KGE_meltseason2,-0.6005106193174432,WUS
BlackGore_CO,BlackGore_CO,BlackGore_CO,2022,melt_sum_APE__Qmean_meltseason2_APE,-0.17556353960207,WUS
BlackGore_CO,BlackGore_CO,BlackGore_CO,2022,SWE_NSE__NSE_meltseason2,0.26442503422344427,WUS
BlackGore_CO,BlackGore_CO,BlackGore_CO,2022,SWE_NSE__KGE_meltseason2,-0.03616654829312012,WUS
BlackGore_CO,BlackGore_CO,BlackGore_CO,2022,SWE_NSE__Qmean_meltseason2_APE,0.5106645427793428,WUS
BlazedAlder_OR,BlazedAlder_OR,BlazedAlder_OR,2001,SWE_melt_NSE__NSE_meltseason2,0.057220486525305564,WUS
BlazedAlder_OR,BlazedAlder_OR,BlazedAlder_OR,2001,SWE_melt_NSE__KGE_meltseason2,-0.09300820169487457,WUS
BlazedAlder_OR,BlazedAlder_OR,BlazedAlder_OR,2001,SWE_melt_NSE__Qmean_meltseason2_APE,0.10921696371396089,WUS
BlazedAlder_OR,BlazedAlder_OR,BlazedAlder_OR,2001,melt_sum_APE__NSE_meltseason2,-0.3645841730259281,WUS
BlazedAlder_OR,BlazedAlder_OR,BlazedAlder_OR,2001,melt_sum_APE__KGE_meltseason2,0.07468264037704499,WUS
BlazedAlder_OR,BlazedAlder_OR,BlazedAlder_OR,2001,melt_sum_APE__Qmean_meltseason2_APE,0.00686685856863354,WUS
BlazedAlder_OR,BlazedAlder_OR,BlazedAlder_OR,2001,SWE_NSE__NSE_meltseason2,0.30664775001637884,WUS
BlazedAlder_OR,BlazedAlder_OR,BlazedAlder_OR,2001,SWE_NSE__KGE_meltseason2,0.2133433839675226,WUS
BlazedAlder_OR,BlazedAlder_OR,BlazedAlder_OR,2001,SWE_NSE__Qmean_meltseason2_APE,0.1059010731568012,WUS
BlazedAlder_OR,BlazedAlder_OR,BlazedAlder_OR,2002,SWE_melt_NSE__NSE_meltseason2,0.16648447014978182,WUS
BlazedAlder_OR,BlazedAlder_OR,BlazedAlder_OR,2002,SWE_melt_NSE__KGE_meltseason2,-0.12400570704812025,WUS
BlazedAlder_OR,BlazedAlder_OR,BlazedAlder_OR,2002,SWE_melt_NSE__Qmean_meltseason2_APE,0.334825088901804,WUS
BlazedAlder_OR,BlazedAlder_OR,BlazedAlder_OR,2002,melt_sum_APE__NSE_meltseason2,-0.06569288907561441,WUS
BlazedAlder_OR,BlazedAlder_OR,BlazedAlder_OR,2002,melt_sum_APE__KGE_meltseason2,-0.14815779331113138,WUS
BlazedAlder_OR,BlazedAlder_OR,BlazedAlder_OR,2002,melt_sum_APE__Qmean_meltseason2_APE,0.23997198015893798,WUS
BlazedAlder_OR,BlazedAlder_OR,BlazedAlder_OR,2002,SWE_NSE__NSE_meltseason2,0.19537143158693637,WUS
BlazedAlder_OR,BlazedAlder_OR,BlazedAlder_OR,2002,SWE_NSE__KGE_meltseason2,-0.2759473534668307,WUS
BlazedAlder_OR,BlazedAlder_OR,BlazedAlder_OR,2002,SWE_NSE__Qmean_meltseason2_APE,0.3687819083179713,WUS
BlazedAlder_OR,BlazedAlder_OR,BlazedAlder_OR,2003,SWE_melt_NSE__NSE_meltseason2,-0.5202302409308684,WUS
BlazedAlder_OR,BlazedAlder_OR,BlazedAlder_OR,2003,SWE_melt_NSE__KGE_meltseason2,-0.32383679843571733,WUS
BlazedAlder_OR,BlazedAlder_OR,BlazedAlder_OR,2003,SWE_melt_NSE__Qmean_meltseason2_APE,0.17169641128409296,WUS
BlazedAlder_OR,BlazedAlder_OR,BlazedAlder_OR,2003,melt_sum_APE__NSE_meltseason2,-0.38122278628660006,WUS
BlazedAlder_OR,BlazedAlder_OR,BlazedAlder_OR,2003,melt_sum_APE__KGE_meltseason2,-0.4759578338926563,WUS
BlazedAlder_OR,BlazedAlder_OR,BlazedAlder_OR,2003,melt_sum_APE__Qmean_meltseason2_APE,0.1372701148191158,WUS
BlazedAlder_OR,BlazedAlder_OR,BlazedAlder_OR,2003,SWE_NSE__NSE_meltseason2,-0.28018573865663526,WUS
BlazedAlder_OR,BlazedAlder_OR,BlazedAlder_OR,2003,SWE_NSE__KGE_meltseason2,-0.20063128133309127,WUS
BlazedAlder_OR,BlazedAlder_OR,BlazedAlder_OR,2003,SWE_NSE__Qmean_meltseason2_APE,0.14460729727213242,WUS
BlazedAlder_OR,BlazedAlder_OR,BlazedAlder_OR,2004,SWE_melt_NSE__NSE_meltseason2,0.036440446266931145,WUS
BlazedAlder_OR,BlazedAlder_OR,BlazedAlder_OR,2004,SWE_melt_NSE__KGE_meltseason2,0.028720823248307836,WUS
BlazedAlder_OR,BlazedAlder_OR,BlazedAlder_OR,2004,SWE_melt_NSE__Qmean_meltseason2_APE,0.09153354946594208,WUS
BlazedAlder_OR,BlazedAlder_OR,BlazedAlder_OR,2004,melt_sum_APE__NSE_meltseason2,-0.21628572374757574,WUS
BlazedAlder_OR,BlazedAlder_OR,BlazedAlder_OR,2004,melt_sum_APE__KGE_meltseason2,-0.3911627906207229,WUS
BlazedAlder_OR,BlazedAlder_OR,BlazedAlder_OR,2004,melt_sum_APE__Qmean_meltseason2_APE,-0.035148750250028095,WUS
BlazedAlder_OR,BlazedAlder_OR,BlazedAlder_OR,2004,SWE_NSE__NSE_meltseason2,0.02376970166166873,WUS
BlazedAlder_OR,BlazedAlder_OR,BlazedAlder_OR,2004,SWE_NSE__KGE_meltseason2,-0.3441496667585785,WUS
BlazedAlder_OR,BlazedAlder_OR,BlazedAlder_OR,2004,SWE_NSE__Qmean_meltseason2_APE,-0.08881844347322897,WUS
BlazedAlder_OR,BlazedAlder_OR,BlazedAlder_OR,2005,SWE_melt_NSE__NSE_meltseason2,-0.051306297062132175,WUS
BlazedAlder_OR,BlazedAlder_OR,BlazedAlder_OR,2005,SWE_melt_NSE__KGE_meltseason2,-0.5146443332766978,WUS
BlazedAlder_OR,BlazedAlder_OR,BlazedAlder_OR,2005,SWE_melt_NSE__Qmean_meltseason2_APE,0.06640516450864566,WUS
BlazedAlder_OR,BlazedAlder_OR,BlazedAlder_OR,2005,melt_sum_APE__NSE_meltseason2,-0.09927133233668045,WUS
BlazedAlder_OR,BlazedAlder_OR,BlazedAlder_OR,2005,melt_sum_APE__KGE_meltseason2,-0.13858420411501113,WUS
BlazedAlder_OR,BlazedAlder_OR,BlazedAlder_OR,2005,melt_sum_APE__Qmean_meltseason2_APE,0.0538556299315286,WUS
BlazedAlder_OR,BlazedAlder_OR,BlazedAlder_OR,2005,SWE_NSE__NSE_meltseason2,0.0785079581897068,WUS
BlazedAlder_OR,BlazedAlder_OR,BlazedAlder_OR,2005,SWE_NSE__KGE_meltseason2,-0.3979400244019479,WUS
BlazedAlder_OR,BlazedAlder_OR,BlazedAlder_OR,2005,SWE_NSE__Qmean_meltseason2_APE,0.17185105312468363,WUS
BlazedAlder_OR,BlazedAlder_OR,BlazedAlder_OR,2006,SWE_melt_NSE__NSE_meltseason2,-0.3595985128534174,WUS
BlazedAlder_OR,BlazedAlder_OR,BlazedAlder_OR,2006,SWE_melt_NSE__KGE_meltseason2,-0.546661810506612,WUS
BlazedAlder_OR,BlazedAlder_OR,BlazedAlder_OR,2006,SWE_melt_NSE__Qmean_meltseason2_APE,0.3623313307098183,WUS
BlazedAlder_OR,BlazedAlder_OR,BlazedAlder_OR,2006,melt_sum_APE__NSE_meltseason2,-0.25097010516720275,WUS
BlazedAlder_OR,BlazedAlder_OR,BlazedAlder_OR,2006,melt_sum_APE__KGE_meltseason2,-0.3619280304328209,WUS
BlazedAlder_OR,BlazedAlder_OR,BlazedAlder_OR,2006,melt_sum_APE__Qmean_meltseason2_APE,0.16210105818182374,WUS
BlazedAlder_OR,BlazedAlder_OR,BlazedAlder_OR,2006,SWE_NSE__NSE_meltseason2,-0.31475806699073655,WUS
BlazedAlder_OR,BlazedAlder_OR,BlazedAlder_OR,2006,SWE_NSE__KGE_meltseason2,-0.30173339339099325,WUS
BlazedAlder_OR,BlazedAlder_OR,BlazedAlder_OR,2006,SWE_NSE__Qmean_meltseason2_APE,0.45277253984649957,WUS
BlazedAlder_OR,BlazedAlder_OR,BlazedAlder_OR,2007,SWE_melt_NSE__NSE_meltseason2,-0.12607429052031444,WUS
BlazedAlder_OR,BlazedAlder_OR,BlazedAlder_OR,2007,SWE_melt_NSE__KGE_meltseason2,-0.35983635544382725,WUS
BlazedAlder_OR,BlazedAlder_OR,BlazedAlder_OR,2007,SWE_melt_NSE__Qmean_meltseason2_APE,0.1621680728762741,WUS
BlazedAlder_OR,BlazedAlder_OR,BlazedAlder_OR,2007,melt_sum_APE__NSE_meltseason2,-0.3517655905593311,WUS
BlazedAlder_OR,BlazedAlder_OR,BlazedAlder_OR,2007,melt_sum_APE__KGE_meltseason2,-0.13547523382128307,WUS
BlazedAlder_OR,BlazedAlder_OR,BlazedAlder_OR,2007,melt_sum_APE__Qmean_meltseason2_APE,0.043735975838037226,WUS
BlazedAlder_OR,BlazedAlder_OR,BlazedAlder_OR,2007,SWE_NSE__NSE_meltseason2,-0.18076315407678095,WUS
BlazedAlder_OR,BlazedAlder_OR,BlazedAlder_OR,2007,SWE_NSE__KGE_meltseason2,-0.10898973100678412,WUS
BlazedAlder_OR,BlazedAlder_OR,BlazedAlder_OR,2007,SWE_NSE__Qmean_meltseason2_APE,0.4707263723758318,WUS
BlazedAlder_OR,BlazedAlder_OR,BlazedAlder_OR,2008,SWE_melt_NSE__NSE_meltseason2,-0.016024174817289558,WUS
BlazedAlder_OR,BlazedAlder_OR,BlazedAlder_OR,2008,SWE_melt_NSE__KGE_meltseason2,0.29752946640687844,WUS
BlazedAlder_OR,BlazedAlder_OR,BlazedAlder_OR,2008,SWE_melt_NSE__Qmean_meltseason2_APE,0.32108107003350594,WUS
BlazedAlder_OR,BlazedAlder_OR,BlazedAlder_OR,2008,melt_sum_APE__NSE_meltseason2,-0.1855556531560764,WUS
BlazedAlder_OR,BlazedAlder_OR,BlazedAlder_OR,2008,melt_sum_APE__KGE_meltseason2,0.17422325828661264,WUS
BlazedAlder_OR,BlazedAlder_OR,BlazedAlder_OR,2008,melt_sum_APE__Qmean_meltseason2_APE,0.1241042758732316,WUS
BlazedAlder_OR,BlazedAlder_OR,BlazedAlder_OR,2008,SWE_NSE__NSE_meltseason2,0.009248076802015701,WUS
BlazedAlder_OR,BlazedAlder_OR,BlazedAlder_OR,2008,SWE_NSE__KGE_meltseason2,0.16311051872239105,WUS
BlazedAlder_OR,BlazedAlder_OR,BlazedAlder_OR,2008,SWE_NSE__Qmean_meltseason2_APE,0.10542043495808949,WUS
BlazedAlder_OR,BlazedAlder_OR,BlazedAlder_OR,2009,SWE_melt_NSE__NSE_meltseason2,-0.02414282859831229,WUS
BlazedAlder_OR,BlazedAlder_OR,BlazedAlder_OR,2009,SWE_melt_NSE__KGE_meltseason2,0.11321061044799108,WUS
BlazedAlder_OR,BlazedAlder_OR,BlazedAlder_OR,2009,SWE_melt_NSE__Qmean_meltseason2_APE,-0.08403536783118935,WUS
BlazedAlder_OR,BlazedAlder_OR,BlazedAlder_OR,2009,melt_sum_APE__NSE_meltseason2,-0.1964516633721305,WUS
BlazedAlder_OR,BlazedAlder_OR,BlazedAlder_OR,2009,melt_sum_APE__KGE_meltseason2,0.16602997871733552,WUS
BlazedAlder_OR,BlazedAlder_OR,BlazedAlder_OR,2009,melt_sum_APE__Qmean_meltseason2_APE,-0.12289582191588869,WUS
BlazedAlder_OR,BlazedAlder_OR,BlazedAlder_OR,2009,SWE_NSE__NSE_meltseason2,-0.17455392079187515,WUS
BlazedAlder_OR,BlazedAlder_OR,BlazedAlder_OR,2009,SWE_NSE__KGE_meltseason2,0.08559484660831296,WUS
BlazedAlder_OR,BlazedAlder_OR,BlazedAlder_OR,2009,SWE_NSE__Qmean_meltseason2_APE,0.02222933572224615,WUS
BlazedAlder_OR,BlazedAlder_OR,BlazedAlder_OR,2010,SWE_melt_NSE__NSE_meltseason2,-0.34956623033481377,WUS
BlazedAlder_OR,BlazedAlder_OR,BlazedAlder_OR,2010,SWE_melt_NSE__KGE_meltseason2,-0.698151983269804,WUS
BlazedAlder_OR,BlazedAlder_OR,BlazedAlder_OR,2010,SWE_melt_NSE__Qmean_meltseason2_APE,0.1547872720218708,WUS
BlazedAlder_OR,BlazedAlder_OR,BlazedAlder_OR,2010,melt_sum_APE__NSE_meltseason2,-0.21844107881973363,WUS
BlazedAlder_OR,BlazedAlder_OR,BlazedAlder_OR,2010,melt_sum_APE__KGE_meltseason2,-0.25837240083696406,WUS
BlazedAlder_OR,BlazedAlder_OR,BlazedAlder_OR,2010,melt_sum_APE__Qmean_meltseason2_APE,0.19437804516685125,WUS
BlazedAlder_OR,BlazedAlder_OR,BlazedAlder_OR,2010,SWE_NSE__NSE_meltseason2,-0.5114859547660082,WUS
BlazedAlder_OR,BlazedAlder_OR,BlazedAlder_OR,2010,SWE_NSE__KGE_meltseason2,-0.8074230975197006,WUS
BlazedAlder_OR,BlazedAlder_OR,BlazedAlder_OR,2010,SWE_NSE__Qmean_meltseason2_APE,-0.022807805645754867,WUS
BlazedAlder_OR,BlazedAlder_OR,BlazedAlder_OR,2011,SWE_melt_NSE__NSE_meltseason2,-0.324822383193523,WUS
BlazedAlder_OR,BlazedAlder_OR,BlazedAlder_OR,2011,SWE_melt_NSE__KGE_meltseason2,-0.38903878816200727,WUS
BlazedAlder_OR,BlazedAlder_OR,BlazedAlder_OR,2011,SWE_melt_NSE__Qmean_meltseason2_APE,-0.05823196737068864,WUS
BlazedAlder_OR,BlazedAlder_OR,BlazedAlder_OR,2011,melt_sum_APE__NSE_meltseason2,-0.4179142600344074,WUS
BlazedAlder_OR,BlazedAlder_OR,BlazedAlder_OR,2011,melt_sum_APE__KGE_meltseason2,-0.30776076296076854,WUS
BlazedAlder_OR,BlazedAlder_OR,BlazedAlder_OR,2011,melt_sum_APE__Qmean_meltseason2_APE,0.11565516754423344,WUS
BlazedAlder_OR,BlazedAlder_OR,BlazedAlder_OR,2011,SWE_NSE__NSE_meltseason2,-0.397048943503849,WUS
BlazedAlder_OR,BlazedAlder_OR,BlazedAlder_OR,2011,SWE_NSE__KGE_meltseason2,-0.6061151632752756,WUS
BlazedAlder_OR,BlazedAlder_OR,BlazedAlder_OR,2011,SWE_NSE__Qmean_meltseason2_APE,-0.07169924145939068,WUS
BlazedAlder_OR,BlazedAlder_OR,BlazedAlder_OR,2012,SWE_melt_NSE__NSE_meltseason2,0.19455821313972224,WUS
BlazedAlder_OR,BlazedAlder_OR,BlazedAlder_OR,2012,SWE_melt_NSE__KGE_meltseason2,-0.0852496389876271,WUS
BlazedAlder_OR,BlazedAlder_OR,BlazedAlder_OR,2012,SWE_melt_NSE__Qmean_meltseason2_APE,0.18005804679288348,WUS
BlazedAlder_OR,BlazedAlder_OR,BlazedAlder_OR,2012,melt_sum_APE__NSE_meltseason2,-0.03740859922127647,WUS
BlazedAlder_OR,BlazedAlder_OR,BlazedAlder_OR,2012,melt_sum_APE__KGE_meltseason2,0.03607543265124429,WUS
BlazedAlder_OR,BlazedAlder_OR,BlazedAlder_OR,2012,melt_sum_APE__Qmean_meltseason2_APE,0.3355735747918659,WUS
BlazedAlder_OR,BlazedAlder_OR,BlazedAlder_OR,2012,SWE_NSE__NSE_meltseason2,0.03748823083260553,WUS
BlazedAlder_OR,BlazedAlder_OR,BlazedAlder_OR,2012,SWE_NSE__KGE_meltseason2,0.09959295631445207,WUS
BlazedAlder_OR,BlazedAlder_OR,BlazedAlder_OR,2012,SWE_NSE__Qmean_meltseason2_APE,0.2147852288209558,WUS
BlazedAlder_OR,BlazedAlder_OR,BlazedAlder_OR,2013,SWE_melt_NSE__NSE_meltseason2,0.08403286806719944,WUS
BlazedAlder_OR,BlazedAlder_OR,BlazedAlder_OR,2013,SWE_melt_NSE__KGE_meltseason2,0.20577611279496988,WUS
BlazedAlder_OR,BlazedAlder_OR,BlazedAlder_OR,2013,SWE_melt_NSE__Qmean_meltseason2_APE,-0.023377958076626588,WUS
BlazedAlder_OR,BlazedAlder_OR,BlazedAlder_OR,2013,melt_sum_APE__NSE_meltseason2,-0.3813229998875136,WUS
BlazedAlder_OR,BlazedAlder_OR,BlazedAlder_OR,2013,melt_sum_APE__KGE_meltseason2,0.005772437130097999,WUS
BlazedAlder_OR,BlazedAlder_OR,BlazedAlder_OR,2013,melt_sum_APE__Qmean_meltseason2_APE,-0.03632807043888672,WUS
BlazedAlder_OR,BlazedAlder_OR,BlazedAlder_OR,2013,SWE_NSE__NSE_meltseason2,0.13413396953528645,WUS
BlazedAlder_OR,BlazedAlder_OR,BlazedAlder_OR,2013,SWE_NSE__KGE_meltseason2,0.15447969087252858,WUS
BlazedAlder_OR,BlazedAlder_OR,BlazedAlder_OR,2013,SWE_NSE__Qmean_meltseason2_APE,-0.07116102892123903,WUS
BlazedAlder_OR,BlazedAlder_OR,BlazedAlder_OR,2014,SWE_melt_NSE__NSE_meltseason2,-0.4356141644253293,WUS
BlazedAlder_OR,BlazedAlder_OR,BlazedAlder_OR,2014,SWE_melt_NSE__KGE_meltseason2,-0.6054169958500817,WUS
BlazedAlder_OR,BlazedAlder_OR,BlazedAlder_OR,2014,SWE_melt_NSE__Qmean_meltseason2_APE,-0.21123513411669087,WUS
BlazedAlder_OR,BlazedAlder_OR,BlazedAlder_OR,2014,melt_sum_APE__NSE_meltseason2,-0.08080049662323374,WUS
BlazedAlder_OR,BlazedAlder_OR,BlazedAlder_OR,2014,melt_sum_APE__KGE_meltseason2,-0.37250511027400124,WUS
BlazedAlder_OR,BlazedAlder_OR,BlazedAlder_OR,2014,melt_sum_APE__Qmean_meltseason2_APE,-0.2668285912070174,WUS
BlazedAlder_OR,BlazedAlder_OR,BlazedAlder_OR,2014,SWE_NSE__NSE_meltseason2,-0.3295453668147541,WUS
BlazedAlder_OR,BlazedAlder_OR,BlazedAlder_OR,2014,SWE_NSE__KGE_meltseason2,-0.6191186808672371,WUS
BlazedAlder_OR,BlazedAlder_OR,BlazedAlder_OR,2014,SWE_NSE__Qmean_meltseason2_APE,-0.0755964726504178,WUS
BlazedAlder_OR,BlazedAlder_OR,BlazedAlder_OR,2015,SWE_melt_NSE__NSE_meltseason2,-0.590687813119833,WUS
BlazedAlder_OR,BlazedAlder_OR,BlazedAlder_OR,2015,SWE_melt_NSE__KGE_meltseason2,0.23548972526921894,WUS
BlazedAlder_OR,BlazedAlder_OR,BlazedAlder_OR,2015,SWE_melt_NSE__Qmean_meltseason2_APE,0.2221092123210141,WUS
BlazedAlder_OR,BlazedAlder_OR,BlazedAlder_OR,2015,melt_sum_APE__NSE_meltseason2,-0.6038855186034906,WUS
BlazedAlder_OR,BlazedAlder_OR,BlazedAlder_OR,2015,melt_sum_APE__KGE_meltseason2,0.10385133577016442,WUS
BlazedAlder_OR,BlazedAlder_OR,BlazedAlder_OR,2015,melt_sum_APE__Qmean_meltseason2_APE,0.25195687887858625,WUS
BlazedAlder_OR,BlazedAlder_OR,BlazedAlder_OR,2015,SWE_NSE__NSE_meltseason2,-0.5708441674050063,WUS
BlazedAlder_OR,BlazedAlder_OR,BlazedAlder_OR,2015,SWE_NSE__KGE_meltseason2,0.25743873281703045,WUS
BlazedAlder_OR,BlazedAlder_OR,BlazedAlder_OR,2015,SWE_NSE__Qmean_meltseason2_APE,0.32968609707641083,WUS
BlazedAlder_OR,BlazedAlder_OR,BlazedAlder_OR,2016,SWE_melt_NSE__NSE_meltseason2,-0.09220861340920979,WUS
BlazedAlder_OR,BlazedAlder_OR,BlazedAlder_OR,2016,SWE_melt_NSE__KGE_meltseason2,-0.3688955248841314,WUS
BlazedAlder_OR,BlazedAlder_OR,BlazedAlder_OR,2016,SWE_melt_NSE__Qmean_meltseason2_APE,0.15627702854534617,WUS
BlazedAlder_OR,BlazedAlder_OR,BlazedAlder_OR,2016,melt_sum_APE__NSE_meltseason2,-0.25929738967952676,WUS
BlazedAlder_OR,BlazedAlder_OR,BlazedAlder_OR,2016,melt_sum_APE__KGE_meltseason2,-0.31602749344767805,WUS
BlazedAlder_OR,BlazedAlder_OR,BlazedAlder_OR,2016,melt_sum_APE__Qmean_meltseason2_APE,0.04981642744740795,WUS
BlazedAlder_OR,BlazedAlder_OR,BlazedAlder_OR,2016,SWE_NSE__NSE_meltseason2,-0.18786314280161803,WUS
BlazedAlder_OR,BlazedAlder_OR,BlazedAlder_OR,2016,SWE_NSE__KGE_meltseason2,-0.4525013309996988,WUS
BlazedAlder_OR,BlazedAlder_OR,BlazedAlder_OR,2016,SWE_NSE__Qmean_meltseason2_APE,0.017007944178532422,WUS
BlazedAlder_OR,BlazedAlder_OR,BlazedAlder_OR,2017,SWE_melt_NSE__NSE_meltseason2,-0.21475505548084603,WUS
BlazedAlder_OR,BlazedAlder_OR,BlazedAlder_OR,2017,SWE_melt_NSE__KGE_meltseason2,-0.3543360492124363,WUS
BlazedAlder_OR,BlazedAlder_OR,BlazedAlder_OR,2017,SWE_melt_NSE__Qmean_meltseason2_APE,0.11166926189187511,WUS
BlazedAlder_OR,BlazedAlder_OR,BlazedAlder_OR,2017,melt_sum_APE__NSE_meltseason2,-0.42859293202095744,WUS
BlazedAlder_OR,BlazedAlder_OR,BlazedAlder_OR,2017,melt_sum_APE__KGE_meltseason2,-0.3119063131377599,WUS
BlazedAlder_OR,BlazedAlder_OR,BlazedAlder_OR,2017,melt_sum_APE__Qmean_meltseason2_APE,0.03272460090345576,WUS
BlazedAlder_OR,BlazedAlder_OR,BlazedAlder_OR,2017,SWE_NSE__NSE_meltseason2,-0.03682184382610872,WUS
BlazedAlder_OR,BlazedAlder_OR,BlazedAlder_OR,2017,SWE_NSE__KGE_meltseason2,-0.45967609290555667,WUS
BlazedAlder_OR,BlazedAlder_OR,BlazedAlder_OR,2017,SWE_NSE__Qmean_meltseason2_APE,0.1557978054786703,WUS
BlazedAlder_OR,BlazedAlder_OR,BlazedAlder_OR,2018,SWE_melt_NSE__NSE_meltseason2,-0.11688549267144012,WUS
BlazedAlder_OR,BlazedAlder_OR,BlazedAlder_OR,2018,SWE_melt_NSE__KGE_meltseason2,-0.45544614266732597,WUS
BlazedAlder_OR,BlazedAlder_OR,BlazedAlder_OR,2018,SWE_melt_NSE__Qmean_meltseason2_APE,0.10415786873229392,WUS
BlazedAlder_OR,BlazedAlder_OR,BlazedAlder_OR,2018,melt_sum_APE__NSE_meltseason2,-0.4806698141158328,WUS
BlazedAlder_OR,BlazedAlder_OR,BlazedAlder_OR,2018,melt_sum_APE__KGE_meltseason2,-0.20187791006491065,WUS
BlazedAlder_OR,BlazedAlder_OR,BlazedAlder_OR,2018,melt_sum_APE__Qmean_meltseason2_APE,0.12831641472287575,WUS
BlazedAlder_OR,BlazedAlder_OR,BlazedAlder_OR,2018,SWE_NSE__NSE_meltseason2,-0.2564644729521812,WUS
BlazedAlder_OR,BlazedAlder_OR,BlazedAlder_OR,2018,SWE_NSE__KGE_meltseason2,-0.34145996216195196,WUS
BlazedAlder_OR,BlazedAlder_OR,BlazedAlder_OR,2018,SWE_NSE__Qmean_meltseason2_APE,0.011444343926057511,WUS
BlazedAlder_OR,BlazedAlder_OR,BlazedAlder_OR,2019,SWE_melt_NSE__NSE_meltseason2,-0.5130473185987982,WUS
BlazedAlder_OR,BlazedAlder_OR,BlazedAlder_OR,2019,SWE_melt_NSE__KGE_meltseason2,-0.5831893699060474,WUS
BlazedAlder_OR,BlazedAlder_OR,BlazedAlder_OR,2019,SWE_melt_NSE__Qmean_meltseason2_APE,0.23014262002839941,WUS
BlazedAlder_OR,BlazedAlder_OR,BlazedAlder_OR,2019,melt_sum_APE__NSE_meltseason2,-0.129406091038928,WUS
BlazedAlder_OR,BlazedAlder_OR,BlazedAlder_OR,2019,melt_sum_APE__KGE_meltseason2,-0.21561048643989433,WUS
BlazedAlder_OR,BlazedAlder_OR,BlazedAlder_OR,2019,melt_sum_APE__Qmean_meltseason2_APE,0.06611267201346392,WUS
BlazedAlder_OR,BlazedAlder_OR,BlazedAlder_OR,2019,SWE_NSE__NSE_meltseason2,0.03243047566875121,WUS
BlazedAlder_OR,BlazedAlder_OR,BlazedAlder_OR,2019,SWE_NSE__KGE_meltseason2,-0.3351347207921671,WUS
BlazedAlder_OR,BlazedAlder_OR,BlazedAlder_OR,2019,SWE_NSE__Qmean_meltseason2_APE,0.31482921000730146,WUS
BlazedAlder_OR,BlazedAlder_OR,BlazedAlder_OR,2020,SWE_melt_NSE__NSE_meltseason2,-0.29235739166844327,WUS
BlazedAlder_OR,BlazedAlder_OR,BlazedAlder_OR,2020,SWE_melt_NSE__KGE_meltseason2,-0.8407195338548134,WUS
BlazedAlder_OR,BlazedAlder_OR,BlazedAlder_OR,2020,SWE_melt_NSE__Qmean_meltseason2_APE,-0.1707365961809402,WUS
BlazedAlder_OR,BlazedAlder_OR,BlazedAlder_OR,2020,melt_sum_APE__NSE_meltseason2,-0.5044536356197061,WUS
BlazedAlder_OR,BlazedAlder_OR,BlazedAlder_OR,2020,melt_sum_APE__KGE_meltseason2,-0.7557367686735279,WUS
BlazedAlder_OR,BlazedAlder_OR,BlazedAlder_OR,2020,melt_sum_APE__Qmean_meltseason2_APE,-0.13739996824368347,WUS
BlazedAlder_OR,BlazedAlder_OR,BlazedAlder_OR,2020,SWE_NSE__NSE_meltseason2,-0.18300482848630212,WUS
BlazedAlder_OR,BlazedAlder_OR,BlazedAlder_OR,2020,SWE_NSE__KGE_meltseason2,-0.8544025268876645,WUS
BlazedAlder_OR,BlazedAlder_OR,BlazedAlder_OR,2020,SWE_NSE__Qmean_meltseason2_APE,-0.13731641590441115,WUS
BlazedAlder_OR,BlazedAlder_OR,BlazedAlder_OR,2021,SWE_melt_NSE__NSE_meltseason2,0.08565841279591742,WUS
BlazedAlder_OR,BlazedAlder_OR,BlazedAlder_OR,2021,SWE_melt_NSE__KGE_meltseason2,0.02480339100057253,WUS
BlazedAlder_OR,BlazedAlder_OR,BlazedAlder_OR,2021,SWE_melt_NSE__Qmean_meltseason2_APE,0.22412130669328353,WUS
BlazedAlder_OR,BlazedAlder_OR,BlazedAlder_OR,2021,melt_sum_APE__NSE_meltseason2,-0.45483850733681885,WUS
BlazedAlder_OR,BlazedAlder_OR,BlazedAlder_OR,2021,melt_sum_APE__KGE_meltseason2,-0.07501761014815263,WUS
BlazedAlder_OR,BlazedAlder_OR,BlazedAlder_OR,2021,melt_sum_APE__Qmean_meltseason2_APE,-0.22329410576635514,WUS
BlazedAlder_OR,BlazedAlder_OR,BlazedAlder_OR,2021,SWE_NSE__NSE_meltseason2,-0.1447715242139739,WUS
BlazedAlder_OR,BlazedAlder_OR,BlazedAlder_OR,2021,SWE_NSE__KGE_meltseason2,-0.2606615516132089,WUS
BlazedAlder_OR,BlazedAlder_OR,BlazedAlder_OR,2021,SWE_NSE__Qmean_meltseason2_APE,0.4461984307653045,WUS
BlazedAlder_OR,BlazedAlder_OR,BlazedAlder_OR,2022,SWE_melt_NSE__NSE_meltseason2,-0.029402594930739948,WUS
BlazedAlder_OR,BlazedAlder_OR,BlazedAlder_OR,2022,SWE_melt_NSE__KGE_meltseason2,-0.28457680704771965,WUS
BlazedAlder_OR,BlazedAlder_OR,BlazedAlder_OR,2022,SWE_melt_NSE__Qmean_meltseason2_APE,0.15136403817175348,WUS
BlazedAlder_OR,BlazedAlder_OR,BlazedAlder_OR,2022,melt_sum_APE__NSE_meltseason2,-0.18917489047793812,WUS
BlazedAlder_OR,BlazedAlder_OR,BlazedAlder_OR,2022,melt_sum_APE__KGE_meltseason2,-0.19006984781145192,WUS
BlazedAlder_OR,BlazedAlder_OR,BlazedAlder_OR,2022,melt_sum_APE__Qmean_meltseason2_APE,-0.04545199468331145,WUS
BlazedAlder_OR,BlazedAlder_OR,BlazedAlder_OR,2022,SWE_NSE__NSE_meltseason2,-0.14528421321694288,WUS
BlazedAlder_OR,BlazedAlder_OR,BlazedAlder_OR,2022,SWE_NSE__KGE_meltseason2,-0.08274442943660927,WUS
BlazedAlder_OR,BlazedAlder_OR,BlazedAlder_OR,2022,SWE_NSE__Qmean_meltseason2_APE,0.10274261740217062,WUS
Cache_WY,Cache_WY,Cache_WY,2001,SWE_melt_NSE__NSE_meltseason2,-0.4843430634081605,WUS
Cache_WY,Cache_WY,Cache_WY,2001,SWE_melt_NSE__KGE_meltseason2,0.010461938818624485,WUS
Cache_WY,Cache_WY,Cache_WY,2001,SWE_melt_NSE__Qmean_meltseason2_APE,0.11068074280740874,WUS
Cache_WY,Cache_WY,Cache_WY,2001,melt_sum_APE__NSE_meltseason2,-0.3323585000680975,WUS
Cache_WY,Cache_WY,Cache_WY,2001,melt_sum_APE__KGE_meltseason2,-0.46366446775949605,WUS
Cache_WY,Cache_WY,Cache_WY,2001,melt_sum_APE__Qmean_meltseason2_APE,-0.07020513446109491,WUS
Cache_WY,Cache_WY,Cache_WY,2001,SWE_NSE__NSE_meltseason2,0.06790406450180375,WUS
Cache_WY,Cache_WY,Cache_WY,2001,SWE_NSE__KGE_meltseason2,0.26411780075529884,WUS
Cache_WY,Cache_WY,Cache_WY,2001,SWE_NSE__Qmean_meltseason2_APE,0.3247820919425154,WUS
Cache_WY,Cache_WY,Cache_WY,2002,SWE_melt_NSE__NSE_meltseason2,-0.28440742710561495,WUS
Cache_WY,Cache_WY,Cache_WY,2002,SWE_melt_NSE__KGE_meltseason2,-0.028643300063410482,WUS
Cache_WY,Cache_WY,Cache_WY,2002,SWE_melt_NSE__Qmean_meltseason2_APE,-0.08171070227990561,WUS
Cache_WY,Cache_WY,Cache_WY,2002,melt_sum_APE__NSE_meltseason2,-0.10081955282127235,WUS
Cache_WY,Cache_WY,Cache_WY,2002,melt_sum_APE__KGE_meltseason2,-0.09431601141832002,WUS
Cache_WY,Cache_WY,Cache_WY,2002,melt_sum_APE__Qmean_meltseason2_APE,0.11040591786655399,WUS
Cache_WY,Cache_WY,Cache_WY,2002,SWE_NSE__NSE_meltseason2,0.0841460061999181,WUS
Cache_WY,Cache_WY,Cache_WY,2002,SWE_NSE__KGE_meltseason2,0.09798239703070648,WUS
Cache_WY,Cache_WY,Cache_WY,2002,SWE_NSE__Qmean_meltseason2_APE,0.5011477474072945,WUS
Cache_WY,Cache_WY,Cache_WY,2003,SWE_melt_NSE__NSE_meltseason2,-0.10945021024524322,WUS
Cache_WY,Cache_WY,Cache_WY,2003,SWE_melt_NSE__KGE_meltseason2,0.02214706931846655,WUS
Cache_WY,Cache_WY,Cache_WY,2003,SWE_melt_NSE__Qmean_meltseason2_APE,0.2720774762128079,WUS
Cache_WY,Cache_WY,Cache_WY,2003,melt_sum_APE__NSE_meltseason2,-0.27416653566972377,WUS
Cache_WY,Cache_WY,Cache_WY,2003,melt_sum_APE__KGE_meltseason2,-0.05004599151243989,WUS
Cache_WY,Cache_WY,Cache_WY,2003,melt_sum_APE__Qmean_meltseason2_APE,-0.0631988835091627,WUS
Cache_WY,Cache_WY,Cache_WY,2003,SWE_NSE__NSE_meltseason2,0.033096409864985625,WUS
Cache_WY,Cache_WY,Cache_WY,2003,SWE_NSE__KGE_meltseason2,-0.05422874812505044,WUS
Cache_WY,Cache_WY,Cache_WY,2003,SWE_NSE__Qmean_meltseason2_APE,0.40850477442719957,WUS
Cache_WY,Cache_WY,Cache_WY,2004,SWE_melt_NSE__NSE_meltseason2,-0.20257916755329525,WUS
Cache_WY,Cache_WY,Cache_WY,2004,SWE_melt_NSE__KGE_meltseason2,-0.053406063415137886,WUS
Cache_WY,Cache_WY,Cache_WY,2004,SWE_melt_NSE__Qmean_meltseason2_APE,0.18982644052648753,WUS
Cache_WY,Cache_WY,Cache_WY,2004,melt_sum_APE__NSE_meltseason2,-0.2885840009066575,WUS
Cache_WY,Cache_WY,Cache_WY,2004,melt_sum_APE__KGE_meltseason2,-0.04668276941874867,WUS
Cache_WY,Cache_WY,Cache_WY,2004,melt_sum_APE__Qmean_meltseason2_APE,0.018655290337442836,WUS
Cache_WY,Cache_WY,Cache_WY,2004,SWE_NSE__NSE_meltseason2,0.21275991812488843,WUS
Cache_WY,Cache_WY,Cache_WY,2004,SWE_NSE__KGE_meltseason2,0.31997182623099585,WUS
Cache_WY,Cache_WY,Cache_WY,2004,SWE_NSE__Qmean_meltseason2_APE,0.47383375053432353,WUS
Cache_WY,Cache_WY,Cache_WY,2005,SWE_melt_NSE__NSE_meltseason2,-0.1728096779325191,WUS
Cache_WY,Cache_WY,Cache_WY,2005,SWE_melt_NSE__KGE_meltseason2,-0.3155346855723861,WUS
Cache_WY,Cache_WY,Cache_WY,2005,SWE_melt_NSE__Qmean_meltseason2_APE,0.14466999109292172,WUS
Cache_WY,Cache_WY,Cache_WY,2005,melt_sum_APE__NSE_meltseason2,0.1370726854909514,WUS
Cache_WY,Cache_WY,Cache_WY,2005,melt_sum_APE__KGE_meltseason2,0.10040507438527518,WUS
Cache_WY,Cache_WY,Cache_WY,2005,melt_sum_APE__Qmean_meltseason2_APE,0.3387335797612361,WUS
Cache_WY,Cache_WY,Cache_WY,2005,SWE_NSE__NSE_meltseason2,0.10555593881334,WUS
Cache_WY,Cache_WY,Cache_WY,2005,SWE_NSE__KGE_meltseason2,-0.16038669183886903,WUS
Cache_WY,Cache_WY,Cache_WY,2005,SWE_NSE__Qmean_meltseason2_APE,0.20650610447202256,WUS
Cache_WY,Cache_WY,Cache_WY,2006,SWE_melt_NSE__NSE_meltseason2,-0.4403777576585657,WUS
Cache_WY,Cache_WY,Cache_WY,2006,SWE_melt_NSE__KGE_meltseason2,-0.398766495429993,WUS
Cache_WY,Cache_WY,Cache_WY,2006,SWE_melt_NSE__Qmean_meltseason2_APE,0.37619181747777364,WUS
Cache_WY,Cache_WY,Cache_WY,2006,melt_sum_APE__NSE_meltseason2,-0.6078951843954059,WUS
Cache_WY,Cache_WY,Cache_WY,2006,melt_sum_APE__KGE_meltseason2,-0.455276968068273,WUS
Cache_WY,Cache_WY,Cache_WY,2006,melt_sum_APE__Qmean_meltseason2_APE,-0.07427605387707818,WUS
Cache_WY,Cache_WY,Cache_WY,2006,SWE_NSE__NSE_meltseason2,-0.026114336152919564,WUS
Cache_WY,Cache_WY,Cache_WY,2006,SWE_NSE__KGE_meltseason2,-0.43709838413901414,WUS
Cache_WY,Cache_WY,Cache_WY,2006,SWE_NSE__Qmean_meltseason2_APE,0.28512617344349944,WUS
Cache_WY,Cache_WY,Cache_WY,2007,SWE_melt_NSE__NSE_meltseason2,-0.3239315172604312,WUS
Cache_WY,Cache_WY,Cache_WY,2007,SWE_melt_NSE__KGE_meltseason2,-0.11929104813014703,WUS
Cache_WY,Cache_WY,Cache_WY,2007,SWE_melt_NSE__Qmean_meltseason2_APE,0.010859983283204346,WUS
Cache_WY,Cache_WY,Cache_WY,2007,melt_sum_APE__NSE_meltseason2,-0.11972754498732685,WUS
Cache_WY,Cache_WY,Cache_WY,2007,melt_sum_APE__KGE_meltseason2,-0.2937853956837096,WUS
Cache_WY,Cache_WY,Cache_WY,2007,melt_sum_APE__Qmean_meltseason2_APE,-0.3488278625992073,WUS
Cache_WY,Cache_WY,Cache_WY,2007,SWE_NSE__NSE_meltseason2,0.13656396328632056,WUS
Cache_WY,Cache_WY,Cache_WY,2007,SWE_NSE__KGE_meltseason2,0.027078404546604613,WUS
Cache_WY,Cache_WY,Cache_WY,2007,SWE_NSE__Qmean_meltseason2_APE,-0.07783920960244693,WUS
Cache_WY,Cache_WY,Cache_WY,2008,SWE_melt_NSE__NSE_meltseason2,-0.43502897446630995,WUS
Cache_WY,Cache_WY,Cache_WY,2008,SWE_melt_NSE__KGE_meltseason2,-0.5619955501001639,WUS
Cache_WY,Cache_WY,Cache_WY,2008,SWE_melt_NSE__Qmean_meltseason2_APE,0.39162448566606856,WUS
Cache_WY,Cache_WY,Cache_WY,2008,melt_sum_APE__NSE_meltseason2,-0.6911523971571567,WUS
Cache_WY,Cache_WY,Cache_WY,2008,melt_sum_APE__KGE_meltseason2,-0.7704447617609519,WUS
Cache_WY,Cache_WY,Cache_WY,2008,melt_sum_APE__Qmean_meltseason2_APE,-0.02675775494843604,WUS
Cache_WY,Cache_WY,Cache_WY,2008,SWE_NSE__NSE_meltseason2,0.1526221430322737,WUS
Cache_WY,Cache_WY,Cache_WY,2008,SWE_NSE__KGE_meltseason2,-0.1720452365933307,WUS
Cache_WY,Cache_WY,Cache_WY,2008,SWE_NSE__Qmean_meltseason2_APE,0.5723144908413658,WUS
Cache_WY,Cache_WY,Cache_WY,2009,SWE_melt_NSE__NSE_meltseason2,-0.1304788759072081,WUS
Cache_WY,Cache_WY,Cache_WY,2009,SWE_melt_NSE__KGE_meltseason2,0.0468832152514533,WUS
Cache_WY,Cache_WY,Cache_WY,2009,SWE_melt_NSE__Qmean_meltseason2_APE,0.29277472062253246,WUS
Cache_WY,Cache_WY,Cache_WY,2009,melt_sum_APE__NSE_meltseason2,-0.23764330375930143,WUS
Cache_WY,Cache_WY,Cache_WY,2009,melt_sum_APE__KGE_meltseason2,-0.24913342889644907,WUS
Cache_WY,Cache_WY,Cache_WY,2009,melt_sum_APE__Qmean_meltseason2_APE,0.04680324843959778,WUS
Cache_WY,Cache_WY,Cache_WY,2009,SWE_NSE__NSE_meltseason2,0.2433197639765743,WUS
Cache_WY,Cache_WY,Cache_WY,2009,SWE_NSE__KGE_meltseason2,0.07201799065768613,WUS
Cache_WY,Cache_WY,Cache_WY,2009,SWE_NSE__Qmean_meltseason2_APE,0.28434233390673397,WUS
Cache_WY,Cache_WY,Cache_WY,2010,SWE_melt_NSE__NSE_meltseason2,-0.31814711506737336,WUS
Cache_WY,Cache_WY,Cache_WY,2010,SWE_melt_NSE__KGE_meltseason2,-0.2024360006711117,WUS
Cache_WY,Cache_WY,Cache_WY,2010,SWE_melt_NSE__Qmean_meltseason2_APE,0.24402137311160046,WUS
Cache_WY,Cache_WY,Cache_WY,2010,melt_sum_APE__NSE_meltseason2,-0.33176694824220043,WUS
Cache_WY,Cache_WY,Cache_WY,2010,melt_sum_APE__KGE_meltseason2,0.015056120978794057,WUS
Cache_WY,Cache_WY,Cache_WY,2010,melt_sum_APE__Qmean_meltseason2_APE,0.006147975501762044,WUS
Cache_WY,Cache_WY,Cache_WY,2010,SWE_NSE__NSE_meltseason2,0.11572360031540099,WUS
Cache_WY,Cache_WY,Cache_WY,2010,SWE_NSE__KGE_meltseason2,0.13793751660913672,WUS
Cache_WY,Cache_WY,Cache_WY,2010,SWE_NSE__Qmean_meltseason2_APE,0.6015819580449986,WUS
Cache_WY,Cache_WY,Cache_WY,2011,SWE_melt_NSE__NSE_meltseason2,-0.1261514227794292,WUS
Cache_WY,Cache_WY,Cache_WY,2011,SWE_melt_NSE__KGE_meltseason2,-0.4069096183954433,WUS
Cache_WY,Cache_WY,Cache_WY,2011,SWE_melt_NSE__Qmean_meltseason2_APE,0.4000156338543821,WUS
Cache_WY,Cache_WY,Cache_WY,2011,melt_sum_APE__NSE_meltseason2,-0.9451884616712083,WUS
Cache_WY,Cache_WY,Cache_WY,2011,melt_sum_APE__KGE_meltseason2,-0.7056584003047759,WUS
Cache_WY,Cache_WY,Cache_WY,2011,melt_sum_APE__Qmean_meltseason2_APE,-0.3070532535936292,WUS
Cache_WY,Cache_WY,Cache_WY,2011,SWE_NSE__NSE_meltseason2,0.07132823214879942,WUS
Cache_WY,Cache_WY,Cache_WY,2011,SWE_NSE__KGE_meltseason2,-0.12293858773228226,WUS
Cache_WY,Cache_WY,Cache_WY,2011,SWE_NSE__Qmean_meltseason2_APE,0.37419439055160286,WUS
Cache_WY,Cache_WY,Cache_WY,2012,SWE_melt_NSE__NSE_meltseason2,-0.48602221052671113,WUS
Cache_WY,Cache_WY,Cache_WY,2012,SWE_melt_NSE__KGE_meltseason2,-0.41789303695419566,WUS
Cache_WY,Cache_WY,Cache_WY,2012,SWE_melt_NSE__Qmean_meltseason2_APE,0.45137934634256427,WUS
Cache_WY,Cache_WY,Cache_WY,2012,melt_sum_APE__NSE_meltseason2,0.02030409645508868,WUS
Cache_WY,Cache_WY,Cache_WY,2012,melt_sum_APE__KGE_meltseason2,-0.20707528563163738,WUS
Cache_WY,Cache_WY,Cache_WY,2012,melt_sum_APE__Qmean_meltseason2_APE,-0.011408862798532881,WUS
Cache_WY,Cache_WY,Cache_WY,2012,SWE_NSE__NSE_meltseason2,0.0670567717320787,WUS
Cache_WY,Cache_WY,Cache_WY,2012,SWE_NSE__KGE_meltseason2,-0.3726980373938367,WUS
Cache_WY,Cache_WY,Cache_WY,2012,SWE_NSE__Qmean_meltseason2_APE,0.41176450814507864,WUS
Cache_WY,Cache_WY,Cache_WY,2013,SWE_melt_NSE__NSE_meltseason2,-0.21116454840559645,WUS
Cache_WY,Cache_WY,Cache_WY,2013,SWE_melt_NSE__KGE_meltseason2,0.01700459469627651,WUS
Cache_WY,Cache_WY,Cache_WY,2013,SWE_melt_NSE__Qmean_meltseason2_APE,0.33645101842082625,WUS
Cache_WY,Cache_WY,Cache_WY,2013,melt_sum_APE__NSE_meltseason2,-0.09995615495313662,WUS
Cache_WY,Cache_WY,Cache_WY,2013,melt_sum_APE__KGE_meltseason2,-0.13764099528664275,WUS
Cache_WY,Cache_WY,Cache_WY,2013,melt_sum_APE__Qmean_meltseason2_APE,0.09659701936437141,WUS
Cache_WY,Cache_WY,Cache_WY,2013,SWE_NSE__NSE_meltseason2,0.2604766413714574,WUS
Cache_WY,Cache_WY,Cache_WY,2013,SWE_NSE__KGE_meltseason2,0.19457252651351045,WUS
Cache_WY,Cache_WY,Cache_WY,2013,SWE_NSE__Qmean_meltseason2_APE,0.6267197012296233,WUS
Cache_WY,Cache_WY,Cache_WY,2014,SWE_melt_NSE__NSE_meltseason2,0.1155951472880597,WUS
Cache_WY,Cache_WY,Cache_WY,2014,SWE_melt_NSE__KGE_meltseason2,-0.12398229057320495,WUS
Cache_WY,Cache_WY,Cache_WY,2014,SWE_melt_NSE__Qmean_meltseason2_APE,0.24796157823564619,WUS
Cache_WY,Cache_WY,Cache_WY,2014,melt_sum_APE__NSE_meltseason2,-0.7363799065337273,WUS
Cache_WY,Cache_WY,Cache_WY,2014,melt_sum_APE__KGE_meltseason2,-0.6583488954855015,WUS
Cache_WY,Cache_WY,Cache_WY,2014,melt_sum_APE__Qmean_meltseason2_APE,-0.34543573260285343,WUS
Cache_WY,Cache_WY,Cache_WY,2014,SWE_NSE__NSE_meltseason2,0.12981092877895561,WUS
Cache_WY,Cache_WY,Cache_WY,2014,SWE_NSE__KGE_meltseason2,-0.11112899308487025,WUS
Cache_WY,Cache_WY,Cache_WY,2014,SWE_NSE__Qmean_meltseason2_APE,0.2531116818673629,WUS
Cache_WY,Cache_WY,Cache_WY,2015,SWE_melt_NSE__NSE_meltseason2,-0.48948922839113973,WUS
Cache_WY,Cache_WY,Cache_WY,2015,SWE_melt_NSE__KGE_meltseason2,-0.24387091212341447,WUS
Cache_WY,Cache_WY,Cache_WY,2015,SWE_melt_NSE__Qmean_meltseason2_APE,0.24007822835275808,WUS
Cache_WY,Cache_WY,Cache_WY,2015,melt_sum_APE__NSE_meltseason2,-0.132146340831165,WUS
Cache_WY,Cache_WY,Cache_WY,2015,melt_sum_APE__KGE_meltseason2,-0.2285628233422998,WUS
Cache_WY,Cache_WY,Cache_WY,2015,melt_sum_APE__Qmean_meltseason2_APE,0.03442147375354858,WUS
Cache_WY,Cache_WY,Cache_WY,2015,SWE_NSE__NSE_meltseason2,-0.037402734400669435,WUS
Cache_WY,Cache_WY,Cache_WY,2015,SWE_NSE__KGE_meltseason2,-0.1266756898444915,WUS
Cache_WY,Cache_WY,Cache_WY,2015,SWE_NSE__Qmean_meltseason2_APE,0.2737857926452102,WUS
Cache_WY,Cache_WY,Cache_WY,2016,SWE_melt_NSE__NSE_meltseason2,-0.40950896248381313,WUS
Cache_WY,Cache_WY,Cache_WY,2016,SWE_melt_NSE__KGE_meltseason2,-0.302012612520817,WUS
Cache_WY,Cache_WY,Cache_WY,2016,SWE_melt_NSE__Qmean_meltseason2_APE,0.2271055749594766,WUS
Cache_WY,Cache_WY,Cache_WY,2016,melt_sum_APE__NSE_meltseason2,-0.38386615210801794,WUS
Cache_WY,Cache_WY,Cache_WY,2016,melt_sum_APE__KGE_meltseason2,-0.04009484389013641,WUS
Cache_WY,Cache_WY,Cache_WY,2016,melt_sum_APE__Qmean_meltseason2_APE,0.11517966249655703,WUS
Cache_WY,Cache_WY,Cache_WY,2016,SWE_NSE__NSE_meltseason2,0.021149288041052167,WUS
Cache_WY,Cache_WY,Cache_WY,2016,SWE_NSE__KGE_meltseason2,0.3626989576071751,WUS
Cache_WY,Cache_WY,Cache_WY,2016,SWE_NSE__Qmean_meltseason2_APE,0.3598183829218584,WUS
Cache_WY,Cache_WY,Cache_WY,2017,SWE_melt_NSE__NSE_meltseason2,0.18380435400991504,WUS
Cache_WY,Cache_WY,Cache_WY,2017,SWE_melt_NSE__KGE_meltseason2,-0.10812783582241368,WUS
Cache_WY,Cache_WY,Cache_WY,2017,SWE_melt_NSE__Qmean_meltseason2_APE,0.4117982698000858,WUS
Cache_WY,Cache_WY,Cache_WY,2017,melt_sum_APE__NSE_meltseason2,-0.35207401190371374,WUS
Cache_WY,Cache_WY,Cache_WY,2017,melt_sum_APE__KGE_meltseason2,-0.021872467086802294,WUS
Cache_WY,Cache_WY,Cache_WY,2017,melt_sum_APE__Qmean_meltseason2_APE,-0.07624783525749715,WUS
Cache_WY,Cache_WY,Cache_WY,2017,SWE_NSE__NSE_meltseason2,-0.052872273282758175,WUS
Cache_WY,Cache_WY,Cache_WY,2017,SWE_NSE__KGE_meltseason2,-0.26377972412168804,WUS
Cache_WY,Cache_WY,Cache_WY,2017,SWE_NSE__Qmean_meltseason2_APE,0.0776525556524646,WUS
Cache_WY,Cache_WY,Cache_WY,2018,SWE_melt_NSE__NSE_meltseason2,0.16051754818661412,WUS
Cache_WY,Cache_WY,Cache_WY,2018,SWE_melt_NSE__KGE_meltseason2,-0.06752981199662866,WUS
Cache_WY,Cache_WY,Cache_WY,2018,SWE_melt_NSE__Qmean_meltseason2_APE,0.45316041275434016,WUS
Cache_WY,Cache_WY,Cache_WY,2018,melt_sum_APE__NSE_meltseason2,-0.6713129154426105,WUS
Cache_WY,Cache_WY,Cache_WY,2018,melt_sum_APE__KGE_meltseason2,-0.43506641375638616,WUS
Cache_WY,Cache_WY,Cache_WY,2018,melt_sum_APE__Qmean_meltseason2_APE,-0.03581926304014999,WUS
Cache_WY,Cache_WY,Cache_WY,2018,SWE_NSE__NSE_meltseason2,0.3014719421337689,WUS
Cache_WY,Cache_WY,Cache_WY,2018,SWE_NSE__KGE_meltseason2,0.26799302246940615,WUS
Cache_WY,Cache_WY,Cache_WY,2018,SWE_NSE__Qmean_meltseason2_APE,0.7116883593008085,WUS
Cache_WY,Cache_WY,Cache_WY,2019,SWE_melt_NSE__NSE_meltseason2,-0.453685668179676,WUS
Cache_WY,Cache_WY,Cache_WY,2019,SWE_melt_NSE__KGE_meltseason2,-0.5985242201323902,WUS
Cache_WY,Cache_WY,Cache_WY,2019,SWE_melt_NSE__Qmean_meltseason2_APE,0.19220223912757536,WUS
Cache_WY,Cache_WY,Cache_WY,2019,melt_sum_APE__NSE_meltseason2,-0.46546340149374366,WUS
Cache_WY,Cache_WY,Cache_WY,2019,melt_sum_APE__KGE_meltseason2,-0.4919940609553259,WUS
Cache_WY,Cache_WY,Cache_WY,2019,melt_sum_APE__Qmean_meltseason2_APE,-0.11966012134935489,WUS
Cache_WY,Cache_WY,Cache_WY,2019,SWE_NSE__NSE_meltseason2,0.19055325058721784,WUS
Cache_WY,Cache_WY,Cache_WY,2019,SWE_NSE__KGE_meltseason2,-0.2947818537078403,WUS
Cache_WY,Cache_WY,Cache_WY,2019,SWE_NSE__Qmean_meltseason2_APE,0.37257309176483944,WUS
Cache_WY,Cache_WY,Cache_WY,2020,SWE_melt_NSE__NSE_meltseason2,-0.42300313239743415,WUS
Cache_WY,Cache_WY,Cache_WY,2020,SWE_melt_NSE__KGE_meltseason2,-0.5569257504223126,WUS
Cache_WY,Cache_WY,Cache_WY,2020,SWE_melt_NSE__Qmean_meltseason2_APE,0.33304159831127994,WUS
Cache_WY,Cache_WY,Cache_WY,2020,melt_sum_APE__NSE_meltseason2,-0.4739086460462863,WUS
Cache_WY,Cache_WY,Cache_WY,2020,melt_sum_APE__KGE_meltseason2,-0.27890081129281485,WUS
Cache_WY,Cache_WY,Cache_WY,2020,melt_sum_APE__Qmean_meltseason2_APE,0.07925952166578856,WUS
Cache_WY,Cache_WY,Cache_WY,2020,SWE_NSE__NSE_meltseason2,0.17650279261065227,WUS
Cache_WY,Cache_WY,Cache_WY,2020,SWE_NSE__KGE_meltseason2,-0.032387225266756255,WUS
Cache_WY,Cache_WY,Cache_WY,2020,SWE_NSE__Qmean_meltseason2_APE,0.5689269020377234,WUS
Cache_WY,Cache_WY,Cache_WY,2021,SWE_melt_NSE__NSE_meltseason2,-0.038822103171798496,WUS
Cache_WY,Cache_WY,Cache_WY,2021,SWE_melt_NSE__KGE_meltseason2,-0.022572678251276124,WUS
Cache_WY,Cache_WY,Cache_WY,2021,SWE_melt_NSE__Qmean_meltseason2_APE,0.4490703308283044,WUS
Cache_WY,Cache_WY,Cache_WY,2021,melt_sum_APE__NSE_meltseason2,-0.521867900138667,WUS
Cache_WY,Cache_WY,Cache_WY,2021,melt_sum_APE__KGE_meltseason2,-0.531260271466647,WUS
Cache_WY,Cache_WY,Cache_WY,2021,melt_sum_APE__Qmean_meltseason2_APE,-0.03348841743071636,WUS
Cache_WY,Cache_WY,Cache_WY,2021,SWE_NSE__NSE_meltseason2,0.1798575366535722,WUS
Cache_WY,Cache_WY,Cache_WY,2021,SWE_NSE__KGE_meltseason2,0.18524277993254187,WUS
Cache_WY,Cache_WY,Cache_WY,2021,SWE_NSE__Qmean_meltseason2_APE,0.6849938605991902,WUS
Cache_WY,Cache_WY,Cache_WY,2022,SWE_melt_NSE__NSE_meltseason2,-0.2239268725486655,WUS
Cache_WY,Cache_WY,Cache_WY,2022,SWE_melt_NSE__KGE_meltseason2,-0.06185003238498089,WUS
Cache_WY,Cache_WY,Cache_WY,2022,SWE_melt_NSE__Qmean_meltseason2_APE,0.28329623223082495,WUS
Cache_WY,Cache_WY,Cache_WY,2022,melt_sum_APE__NSE_meltseason2,-0.29438165968658137,WUS
Cache_WY,Cache_WY,Cache_WY,2022,melt_sum_APE__KGE_meltseason2,-0.06081224182155459,WUS
Cache_WY,Cache_WY,Cache_WY,2022,melt_sum_APE__Qmean_meltseason2_APE,0.19695305755739875,WUS
Cache_WY,Cache_WY,Cache_WY,2022,SWE_NSE__NSE_meltseason2,0.20505574117259734,WUS
Cache_WY,Cache_WY,Cache_WY,2022,SWE_NSE__KGE_meltseason2,0.2810901708844832,WUS
Cache_WY,Cache_WY,Cache_WY,2022,SWE_NSE__Qmean_meltseason2_APE,0.4051652085319112,WUS
Cedar_WA,Cedar_WA,Cedar_WA,2001,SWE_melt_NSE__NSE_meltseason2,-0.0024577434238535773,WUS
Cedar_WA,Cedar_WA,Cedar_WA,2001,SWE_melt_NSE__KGE_meltseason2,0.3150102609088594,WUS
Cedar_WA,Cedar_WA,Cedar_WA,2001,SWE_melt_NSE__Qmean_meltseason2_APE,-0.02677028515490869,WUS
Cedar_WA,Cedar_WA,Cedar_WA,2001,melt_sum_APE__NSE_meltseason2,-0.36858601047678424,WUS
Cedar_WA,Cedar_WA,Cedar_WA,2001,melt_sum_APE__KGE_meltseason2,-0.2794150677965327,WUS
Cedar_WA,Cedar_WA,Cedar_WA,2001,melt_sum_APE__Qmean_meltseason2_APE,-0.10224334854298606,WUS
Cedar_WA,Cedar_WA,Cedar_WA,2001,SWE_NSE__NSE_meltseason2,-0.052225199750883806,WUS
Cedar_WA,Cedar_WA,Cedar_WA,2001,SWE_NSE__KGE_meltseason2,-0.10161898805140326,WUS
Cedar_WA,Cedar_WA,Cedar_WA,2001,SWE_NSE__Qmean_meltseason2_APE,-0.18152013992091975,WUS
Cedar_WA,Cedar_WA,Cedar_WA,2002,SWE_melt_NSE__NSE_meltseason2,-0.040930264054882065,WUS
Cedar_WA,Cedar_WA,Cedar_WA,2002,SWE_melt_NSE__KGE_meltseason2,-0.29393668590008426,WUS
Cedar_WA,Cedar_WA,Cedar_WA,2002,SWE_melt_NSE__Qmean_meltseason2_APE,-0.01721721694982945,WUS
Cedar_WA,Cedar_WA,Cedar_WA,2002,melt_sum_APE__NSE_meltseason2,-0.26500710859330745,WUS
Cedar_WA,Cedar_WA,Cedar_WA,2002,melt_sum_APE__KGE_meltseason2,0.013106563373998853,WUS
Cedar_WA,Cedar_WA,Cedar_WA,2002,melt_sum_APE__Qmean_meltseason2_APE,-0.07435736828762511,WUS
Cedar_WA,Cedar_WA,Cedar_WA,2002,SWE_NSE__NSE_meltseason2,0.06632070695363788,WUS
Cedar_WA,Cedar_WA,Cedar_WA,2002,SWE_NSE__KGE_meltseason2,0.017802822519752973,WUS
Cedar_WA,Cedar_WA,Cedar_WA,2002,SWE_NSE__Qmean_meltseason2_APE,0.0556060681371621,WUS
Cedar_WA,Cedar_WA,Cedar_WA,2003,SWE_melt_NSE__NSE_meltseason2,-0.19571037868394234,WUS
Cedar_WA,Cedar_WA,Cedar_WA,2003,SWE_melt_NSE__KGE_meltseason2,-0.21482854411975374,WUS
Cedar_WA,Cedar_WA,Cedar_WA,2003,SWE_melt_NSE__Qmean_meltseason2_APE,0.40089696524560525,WUS
Cedar_WA,Cedar_WA,Cedar_WA,2003,melt_sum_APE__NSE_meltseason2,-0.14130849264881346,WUS
Cedar_WA,Cedar_WA,Cedar_WA,2003,melt_sum_APE__KGE_meltseason2,-0.27139182263538036,WUS
Cedar_WA,Cedar_WA,Cedar_WA,2003,melt_sum_APE__Qmean_meltseason2_APE,0.1326992296867447,WUS
Cedar_WA,Cedar_WA,Cedar_WA,2003,SWE_NSE__NSE_meltseason2,-0.22266110464868527,WUS
Cedar_WA,Cedar_WA,Cedar_WA,2003,SWE_NSE__KGE_meltseason2,-0.35639602292883654,WUS
Cedar_WA,Cedar_WA,Cedar_WA,2003,SWE_NSE__Qmean_meltseason2_APE,0.2712490617126123,WUS
Cedar_WA,Cedar_WA,Cedar_WA,2004,SWE_melt_NSE__NSE_meltseason2,-0.036787328552268246,WUS
Cedar_WA,Cedar_WA,Cedar_WA,2004,SWE_melt_NSE__KGE_meltseason2,0.0663497606358767,WUS
Cedar_WA,Cedar_WA,Cedar_WA,2004,SWE_melt_NSE__Qmean_meltseason2_APE,0.19047183373629636,WUS
Cedar_WA,Cedar_WA,Cedar_WA,2004,melt_sum_APE__NSE_meltseason2,-0.39264732754245735,WUS
Cedar_WA,Cedar_WA,Cedar_WA,2004,melt_sum_APE__KGE_meltseason2,-0.3329325112857712,WUS
Cedar_WA,Cedar_WA,Cedar_WA,2004,melt_sum_APE__Qmean_meltseason2_APE,0.2921486965898299,WUS
Cedar_WA,Cedar_WA,Cedar_WA,2004,SWE_NSE__NSE_meltseason2,0.179330225483174,WUS
Cedar_WA,Cedar_WA,Cedar_WA,2004,SWE_NSE__KGE_meltseason2,0.06369094534620195,WUS
Cedar_WA,Cedar_WA,Cedar_WA,2004,SWE_NSE__Qmean_meltseason2_APE,0.18807723234445597,WUS
Cedar_WA,Cedar_WA,Cedar_WA,2005,SWE_melt_NSE__NSE_meltseason2,-0.5959197309176484,WUS
Cedar_WA,Cedar_WA,Cedar_WA,2005,SWE_melt_NSE__KGE_meltseason2,-0.3660134998646151,WUS
Cedar_WA,Cedar_WA,Cedar_WA,2005,SWE_melt_NSE__Qmean_meltseason2_APE,0.2133994206830074,WUS
Cedar_WA,Cedar_WA,Cedar_WA,2005,melt_sum_APE__NSE_meltseason2,-0.47237067434479546,WUS
Cedar_WA,Cedar_WA,Cedar_WA,2005,melt_sum_APE__KGE_meltseason2,-0.2189731826871028,WUS
Cedar_WA,Cedar_WA,Cedar_WA,2005,melt_sum_APE__Qmean_meltseason2_APE,0.1508420573132585,WUS
Cedar_WA,Cedar_WA,Cedar_WA,2005,SWE_NSE__NSE_meltseason2,-0.5614664617671415,WUS
Cedar_WA,Cedar_WA,Cedar_WA,2005,SWE_NSE__KGE_meltseason2,-0.6115671455409315,WUS
Cedar_WA,Cedar_WA,Cedar_WA,2005,SWE_NSE__Qmean_meltseason2_APE,0.029061559796930342,WUS
Cedar_WA,Cedar_WA,Cedar_WA,2006,SWE_melt_NSE__NSE_meltseason2,0.10118541077000714,WUS
Cedar_WA,Cedar_WA,Cedar_WA,2006,SWE_melt_NSE__KGE_meltseason2,-0.023766157971724343,WUS
Cedar_WA,Cedar_WA,Cedar_WA,2006,SWE_melt_NSE__Qmean_meltseason2_APE,0.32804041640948434,WUS
Cedar_WA,Cedar_WA,Cedar_WA,2006,melt_sum_APE__NSE_meltseason2,-0.2066352356608775,WUS
Cedar_WA,Cedar_WA,Cedar_WA,2006,melt_sum_APE__KGE_meltseason2,-0.12174727313737654,WUS
Cedar_WA,Cedar_WA,Cedar_WA,2006,melt_sum_APE__Qmean_meltseason2_APE,0.16307936928531924,WUS
Cedar_WA,Cedar_WA,Cedar_WA,2006,SWE_NSE__NSE_meltseason2,0.2433644256936604,WUS
Cedar_WA,Cedar_WA,Cedar_WA,2006,SWE_NSE__KGE_meltseason2,-0.024099668855592345,WUS
Cedar_WA,Cedar_WA,Cedar_WA,2006,SWE_NSE__Qmean_meltseason2_APE,0.16648545337164455,WUS
Cedar_WA,Cedar_WA,Cedar_WA,2007,SWE_melt_NSE__NSE_meltseason2,-0.028969400511417075,WUS
Cedar_WA,Cedar_WA,Cedar_WA,2007,SWE_melt_NSE__KGE_meltseason2,-0.06044633616465106,WUS
Cedar_WA,Cedar_WA,Cedar_WA,2007,SWE_melt_NSE__Qmean_meltseason2_APE,0.006839406539551354,WUS
Cedar_WA,Cedar_WA,Cedar_WA,2007,melt_sum_APE__NSE_meltseason2,-0.24348260461149498,WUS
Cedar_WA,Cedar_WA,Cedar_WA,2007,melt_sum_APE__KGE_meltseason2,-0.22434136225980597,WUS
Cedar_WA,Cedar_WA,Cedar_WA,2007,melt_sum_APE__Qmean_meltseason2_APE,0.017707174862073613,WUS
Cedar_WA,Cedar_WA,Cedar_WA,2007,SWE_NSE__NSE_meltseason2,0.12175771898180256,WUS
Cedar_WA,Cedar_WA,Cedar_WA,2007,SWE_NSE__KGE_meltseason2,-0.0691730111727604,WUS
Cedar_WA,Cedar_WA,Cedar_WA,2007,SWE_NSE__Qmean_meltseason2_APE,0.06257733326816156,WUS
Cedar_WA,Cedar_WA,Cedar_WA,2008,SWE_melt_NSE__NSE_meltseason2,0.20555926349950515,WUS
Cedar_WA,Cedar_WA,Cedar_WA,2008,SWE_melt_NSE__KGE_meltseason2,0.051586141675897555,WUS
Cedar_WA,Cedar_WA,Cedar_WA,2008,SWE_melt_NSE__Qmean_meltseason2_APE,0.3339760672085419,WUS
Cedar_WA,Cedar_WA,Cedar_WA,2008,melt_sum_APE__NSE_meltseason2,-0.5303071631845188,WUS
Cedar_WA,Cedar_WA,Cedar_WA,2008,melt_sum_APE__KGE_meltseason2,-0.4759761143174366,WUS
Cedar_WA,Cedar_WA,Cedar_WA,2008,melt_sum_APE__Qmean_meltseason2_APE,-0.10887340702650582,WUS
Cedar_WA,Cedar_WA,Cedar_WA,2008,SWE_NSE__NSE_meltseason2,0.3037750108227658,WUS
Cedar_WA,Cedar_WA,Cedar_WA,2008,SWE_NSE__KGE_meltseason2,-0.033310867033675716,WUS
Cedar_WA,Cedar_WA,Cedar_WA,2008,SWE_NSE__Qmean_meltseason2_APE,0.05760121706125069,WUS
Cedar_WA,Cedar_WA,Cedar_WA,2009,SWE_melt_NSE__NSE_meltseason2,-0.14833563500960156,WUS
Cedar_WA,Cedar_WA,Cedar_WA,2009,SWE_melt_NSE__KGE_meltseason2,-0.05852201780457324,WUS
Cedar_WA,Cedar_WA,Cedar_WA,2009,SWE_melt_NSE__Qmean_meltseason2_APE,0.04026387021372732,WUS
Cedar_WA,Cedar_WA,Cedar_WA,2009,melt_sum_APE__NSE_meltseason2,-0.7150083766358128,WUS
Cedar_WA,Cedar_WA,Cedar_WA,2009,melt_sum_APE__KGE_meltseason2,-0.22857192485378514,WUS
Cedar_WA,Cedar_WA,Cedar_WA,2009,melt_sum_APE__Qmean_meltseason2_APE,0.0929939472235685,WUS
Cedar_WA,Cedar_WA,Cedar_WA,2009,SWE_NSE__NSE_meltseason2,-0.013639676542419654,WUS
Cedar_WA,Cedar_WA,Cedar_WA,2009,SWE_NSE__KGE_meltseason2,-0.07756855349570328,WUS
Cedar_WA,Cedar_WA,Cedar_WA,2009,SWE_NSE__Qmean_meltseason2_APE,0.08767647011190832,WUS
Cedar_WA,Cedar_WA,Cedar_WA,2010,SWE_melt_NSE__NSE_meltseason2,-0.6448816523176077,WUS
Cedar_WA,Cedar_WA,Cedar_WA,2010,SWE_melt_NSE__KGE_meltseason2,-0.2535822800313635,WUS
Cedar_WA,Cedar_WA,Cedar_WA,2010,SWE_melt_NSE__Qmean_meltseason2_APE,0.314388052916224,WUS
Cedar_WA,Cedar_WA,Cedar_WA,2010,melt_sum_APE__NSE_meltseason2,-0.2864578513484985,WUS
Cedar_WA,Cedar_WA,Cedar_WA,2010,melt_sum_APE__KGE_meltseason2,-0.10445955219019964,WUS
Cedar_WA,Cedar_WA,Cedar_WA,2010,melt_sum_APE__Qmean_meltseason2_APE,0.1737381017575248,WUS
Cedar_WA,Cedar_WA,Cedar_WA,2010,SWE_NSE__NSE_meltseason2,-0.1963899405869698,WUS
Cedar_WA,Cedar_WA,Cedar_WA,2010,SWE_NSE__KGE_meltseason2,0.01189551735682743,WUS
Cedar_WA,Cedar_WA,Cedar_WA,2010,SWE_NSE__Qmean_meltseason2_APE,0.36956762003785293,WUS
Cedar_WA,Cedar_WA,Cedar_WA,2011,SWE_melt_NSE__NSE_meltseason2,-0.35436553592202713,WUS
Cedar_WA,Cedar_WA,Cedar_WA,2011,SWE_melt_NSE__KGE_meltseason2,-0.3343465533668843,WUS
Cedar_WA,Cedar_WA,Cedar_WA,2011,SWE_melt_NSE__Qmean_meltseason2_APE,0.06858078030944752,WUS
Cedar_WA,Cedar_WA,Cedar_WA,2011,melt_sum_APE__NSE_meltseason2,-0.1892763145226811,WUS
Cedar_WA,Cedar_WA,Cedar_WA,2011,melt_sum_APE__KGE_meltseason2,-0.07136917251955519,WUS
Cedar_WA,Cedar_WA,Cedar_WA,2011,melt_sum_APE__Qmean_meltseason2_APE,-0.20936686077745884,WUS
Cedar_WA,Cedar_WA,Cedar_WA,2011,SWE_NSE__NSE_meltseason2,0.10835648448720003,WUS
Cedar_WA,Cedar_WA,Cedar_WA,2011,SWE_NSE__KGE_meltseason2,0.055135445206623716,WUS
Cedar_WA,Cedar_WA,Cedar_WA,2011,SWE_NSE__Qmean_meltseason2_APE,0.026682354595033115,WUS
Cedar_WA,Cedar_WA,Cedar_WA,2012,SWE_melt_NSE__NSE_meltseason2,-0.14522018009673798,WUS
Cedar_WA,Cedar_WA,Cedar_WA,2012,SWE_melt_NSE__KGE_meltseason2,-0.00975665073809306,WUS
Cedar_WA,Cedar_WA,Cedar_WA,2012,SWE_melt_NSE__Qmean_meltseason2_APE,0.09416621149618308,WUS
Cedar_WA,Cedar_WA,Cedar_WA,2012,melt_sum_APE__NSE_meltseason2,-0.28509927525387546,WUS
Cedar_WA,Cedar_WA,Cedar_WA,2012,melt_sum_APE__KGE_meltseason2,-0.6465074396874413,WUS
Cedar_WA,Cedar_WA,Cedar_WA,2012,melt_sum_APE__Qmean_meltseason2_APE,-0.02978752596792319,WUS
Cedar_WA,Cedar_WA,Cedar_WA,2012,SWE_NSE__NSE_meltseason2,0.34560241228085925,WUS
Cedar_WA,Cedar_WA,Cedar_WA,2012,SWE_NSE__KGE_meltseason2,-0.11500646748221849,WUS
Cedar_WA,Cedar_WA,Cedar_WA,2012,SWE_NSE__Qmean_meltseason2_APE,0.1940135213520452,WUS
Cedar_WA,Cedar_WA,Cedar_WA,2013,SWE_melt_NSE__NSE_meltseason2,-0.030613478657717356,WUS
Cedar_WA,Cedar_WA,Cedar_WA,2013,SWE_melt_NSE__KGE_meltseason2,0.06768875857462965,WUS
Cedar_WA,Cedar_WA,Cedar_WA,2013,SWE_melt_NSE__Qmean_meltseason2_APE,0.05835806123571605,WUS
Cedar_WA,Cedar_WA,Cedar_WA,2013,melt_sum_APE__NSE_meltseason2,-0.49546510202003463,WUS
Cedar_WA,Cedar_WA,Cedar_WA,2013,melt_sum_APE__KGE_meltseason2,-0.06666751799515475,WUS
Cedar_WA,Cedar_WA,Cedar_WA,2013,melt_sum_APE__Qmean_meltseason2_APE,-0.05389425320012055,WUS
Cedar_WA,Cedar_WA,Cedar_WA,2013,SWE_NSE__NSE_meltseason2,0.02777375205906367,WUS
Cedar_WA,Cedar_WA,Cedar_WA,2013,SWE_NSE__KGE_meltseason2,-0.09373419886322717,WUS
Cedar_WA,Cedar_WA,Cedar_WA,2013,SWE_NSE__Qmean_meltseason2_APE,-0.01786541511539601,WUS
Cedar_WA,Cedar_WA,Cedar_WA,2014,SWE_melt_NSE__NSE_meltseason2,-0.1361075923000598,WUS
Cedar_WA,Cedar_WA,Cedar_WA,2014,SWE_melt_NSE__KGE_meltseason2,0.07942109131015006,WUS
Cedar_WA,Cedar_WA,Cedar_WA,2014,SWE_melt_NSE__Qmean_meltseason2_APE,0.3249640608848295,WUS
Cedar_WA,Cedar_WA,Cedar_WA,2014,melt_sum_APE__NSE_meltseason2,-0.117161344232749,WUS
Cedar_WA,Cedar_WA,Cedar_WA,2014,melt_sum_APE__KGE_meltseason2,-0.12900396322549892,WUS
Cedar_WA,Cedar_WA,Cedar_WA,2014,melt_sum_APE__Qmean_meltseason2_APE,0.2614841794075221,WUS
Cedar_WA,Cedar_WA,Cedar_WA,2014,SWE_NSE__NSE_meltseason2,0.1391532609690276,WUS
Cedar_WA,Cedar_WA,Cedar_WA,2014,SWE_NSE__KGE_meltseason2,-0.14437910064713166,WUS
Cedar_WA,Cedar_WA,Cedar_WA,2014,SWE_NSE__Qmean_meltseason2_APE,0.10997668236074834,WUS
Cedar_WA,Cedar_WA,Cedar_WA,2015,SWE_melt_NSE__NSE_meltseason2,-0.440515925110482,WUS
Cedar_WA,Cedar_WA,Cedar_WA,2015,SWE_melt_NSE__KGE_meltseason2,-0.5827897668151751,WUS
Cedar_WA,Cedar_WA,Cedar_WA,2015,SWE_melt_NSE__Qmean_meltseason2_APE,0.1410033518318495,WUS
Cedar_WA,Cedar_WA,Cedar_WA,2015,melt_sum_APE__NSE_meltseason2,-0.4163092539916492,WUS
Cedar_WA,Cedar_WA,Cedar_WA,2015,melt_sum_APE__KGE_meltseason2,-0.5668079424767969,WUS
Cedar_WA,Cedar_WA,Cedar_WA,2015,melt_sum_APE__Qmean_meltseason2_APE,-0.020967429463432868,WUS
Cedar_WA,Cedar_WA,Cedar_WA,2015,SWE_NSE__NSE_meltseason2,-0.4563520249935532,WUS
Cedar_WA,Cedar_WA,Cedar_WA,2015,SWE_NSE__KGE_meltseason2,-0.628043280592514,WUS
Cedar_WA,Cedar_WA,Cedar_WA,2015,SWE_NSE__Qmean_meltseason2_APE,0.036092711895818655,WUS
Cedar_WA,Cedar_WA,Cedar_WA,2016,SWE_melt_NSE__NSE_meltseason2,-0.16440178431571412,WUS
Cedar_WA,Cedar_WA,Cedar_WA,2016,SWE_melt_NSE__KGE_meltseason2,-0.14551656104175517,WUS
Cedar_WA,Cedar_WA,Cedar_WA,2016,SWE_melt_NSE__Qmean_meltseason2_APE,0.10995733923473243,WUS
Cedar_WA,Cedar_WA,Cedar_WA,2016,melt_sum_APE__NSE_meltseason2,-0.6570561902400971,WUS
Cedar_WA,Cedar_WA,Cedar_WA,2016,melt_sum_APE__KGE_meltseason2,-0.6268727636708165,WUS
Cedar_WA,Cedar_WA,Cedar_WA,2016,melt_sum_APE__Qmean_meltseason2_APE,0.02608224108151197,WUS
Cedar_WA,Cedar_WA,Cedar_WA,2016,SWE_NSE__NSE_meltseason2,-0.09817022906802804,WUS
Cedar_WA,Cedar_WA,Cedar_WA,2016,SWE_NSE__KGE_meltseason2,-0.23610572756381648,WUS
Cedar_WA,Cedar_WA,Cedar_WA,2016,SWE_NSE__Qmean_meltseason2_APE,0.1274588332410835,WUS
Cedar_WA,Cedar_WA,Cedar_WA,2017,SWE_melt_NSE__NSE_meltseason2,0.03941663562581576,WUS
Cedar_WA,Cedar_WA,Cedar_WA,2017,SWE_melt_NSE__KGE_meltseason2,0.04655927674520619,WUS
Cedar_WA,Cedar_WA,Cedar_WA,2017,SWE_melt_NSE__Qmean_meltseason2_APE,0.29096564221579907,WUS
Cedar_WA,Cedar_WA,Cedar_WA,2017,melt_sum_APE__NSE_meltseason2,-0.37841418665214016,WUS
Cedar_WA,Cedar_WA,Cedar_WA,2017,melt_sum_APE__KGE_meltseason2,-0.5452032637703864,WUS
Cedar_WA,Cedar_WA,Cedar_WA,2017,melt_sum_APE__Qmean_meltseason2_APE,0.18810894573608708,WUS
Cedar_WA,Cedar_WA,Cedar_WA,2017,SWE_NSE__NSE_meltseason2,0.19373901018185455,WUS
Cedar_WA,Cedar_WA,Cedar_WA,2017,SWE_NSE__KGE_meltseason2,-0.26761647197507604,WUS
Cedar_WA,Cedar_WA,Cedar_WA,2017,SWE_NSE__Qmean_meltseason2_APE,0.08225366318447243,WUS
Cedar_WA,Cedar_WA,Cedar_WA,2018,SWE_melt_NSE__NSE_meltseason2,-0.06869394332047944,WUS
Cedar_WA,Cedar_WA,Cedar_WA,2018,SWE_melt_NSE__KGE_meltseason2,0.06371210432767543,WUS
Cedar_WA,Cedar_WA,Cedar_WA,2018,SWE_melt_NSE__Qmean_meltseason2_APE,0.04712280334067744,WUS
Cedar_WA,Cedar_WA,Cedar_WA,2018,melt_sum_APE__NSE_meltseason2,-0.43112735210564046,WUS
Cedar_WA,Cedar_WA,Cedar_WA,2018,melt_sum_APE__KGE_meltseason2,-0.41768884835850517,WUS
Cedar_WA,Cedar_WA,Cedar_WA,2018,melt_sum_APE__Qmean_meltseason2_APE,0.18160366305189232,WUS
Cedar_WA,Cedar_WA,Cedar_WA,2018,SWE_NSE__NSE_meltseason2,-0.0951138769663218,WUS
Cedar_WA,Cedar_WA,Cedar_WA,2018,SWE_NSE__KGE_meltseason2,0.0643336704146292,WUS
Cedar_WA,Cedar_WA,Cedar_WA,2018,SWE_NSE__Qmean_meltseason2_APE,0.28606770052747293,WUS
Cedar_WA,Cedar_WA,Cedar_WA,2019,SWE_melt_NSE__NSE_meltseason2,-0.13344847568114046,WUS
Cedar_WA,Cedar_WA,Cedar_WA,2019,SWE_melt_NSE__KGE_meltseason2,-0.42803047206920675,WUS
Cedar_WA,Cedar_WA,Cedar_WA,2019,SWE_melt_NSE__Qmean_meltseason2_APE,0.0022440968367471704,WUS
Cedar_WA,Cedar_WA,Cedar_WA,2019,melt_sum_APE__NSE_meltseason2,-0.24549600042410388,WUS
Cedar_WA,Cedar_WA,Cedar_WA,2019,melt_sum_APE__KGE_meltseason2,-0.12820731536097663,WUS
Cedar_WA,Cedar_WA,Cedar_WA,2019,melt_sum_APE__Qmean_meltseason2_APE,0.03502101805894573,WUS
Cedar_WA,Cedar_WA,Cedar_WA,2019,SWE_NSE__NSE_meltseason2,0.19203652558980794,WUS
Cedar_WA,Cedar_WA,Cedar_WA,2019,SWE_NSE__KGE_meltseason2,-0.06961862803819936,WUS
Cedar_WA,Cedar_WA,Cedar_WA,2019,SWE_NSE__Qmean_meltseason2_APE,0.27167807746888745,WUS
Cedar_WA,Cedar_WA,Cedar_WA,2020,SWE_melt_NSE__NSE_meltseason2,-0.127507097347553,WUS
Cedar_WA,Cedar_WA,Cedar_WA,2020,SWE_melt_NSE__KGE_meltseason2,0.11031514044491715,WUS
Cedar_WA,Cedar_WA,Cedar_WA,2020,SWE_melt_NSE__Qmean_meltseason2_APE,0.10923435852681428,WUS
Cedar_WA,Cedar_WA,Cedar_WA,2020,melt_sum_APE__NSE_meltseason2,-0.3273589279285301,WUS
Cedar_WA,Cedar_WA,Cedar_WA,2020,melt_sum_APE__KGE_meltseason2,-0.03452483867274854,WUS
Cedar_WA,Cedar_WA,Cedar_WA,2020,melt_sum_APE__Qmean_meltseason2_APE,-0.16680835507816932,WUS
Cedar_WA,Cedar_WA,Cedar_WA,2020,SWE_NSE__NSE_meltseason2,-0.17444314445954287,WUS
Cedar_WA,Cedar_WA,Cedar_WA,2020,SWE_NSE__KGE_meltseason2,0.07353386605472058,WUS
Cedar_WA,Cedar_WA,Cedar_WA,2020,SWE_NSE__Qmean_meltseason2_APE,-0.09435294395693863,WUS
Cedar_WA,Cedar_WA,Cedar_WA,2021,SWE_melt_NSE__NSE_meltseason2,-0.09492721856164252,WUS
Cedar_WA,Cedar_WA,Cedar_WA,2021,SWE_melt_NSE__KGE_meltseason2,0.03305632106173416,WUS
Cedar_WA,Cedar_WA,Cedar_WA,2021,SWE_melt_NSE__Qmean_meltseason2_APE,0.1203944560594538,WUS
Cedar_WA,Cedar_WA,Cedar_WA,2021,melt_sum_APE__NSE_meltseason2,-0.15035612582199803,WUS
Cedar_WA,Cedar_WA,Cedar_WA,2021,melt_sum_APE__KGE_meltseason2,-0.25218702359680134,WUS
Cedar_WA,Cedar_WA,Cedar_WA,2021,melt_sum_APE__Qmean_meltseason2_APE,-0.00822689914660149,WUS
Cedar_WA,Cedar_WA,Cedar_WA,2021,SWE_NSE__NSE_meltseason2,0.18124031467014648,WUS
Cedar_WA,Cedar_WA,Cedar_WA,2021,SWE_NSE__KGE_meltseason2,-0.043871904467973954,WUS
Cedar_WA,Cedar_WA,Cedar_WA,2021,SWE_NSE__Qmean_meltseason2_APE,0.18704202356119273,WUS
Cedar_WA,Cedar_WA,Cedar_WA,2022,SWE_melt_NSE__NSE_meltseason2,-0.08939180053564574,WUS
Cedar_WA,Cedar_WA,Cedar_WA,2022,SWE_melt_NSE__KGE_meltseason2,0.13906033305271331,WUS
Cedar_WA,Cedar_WA,Cedar_WA,2022,SWE_melt_NSE__Qmean_meltseason2_APE,0.42426498555760334,WUS
Cedar_WA,Cedar_WA,Cedar_WA,2022,melt_sum_APE__NSE_meltseason2,-0.30273682986752526,WUS
Cedar_WA,Cedar_WA,Cedar_WA,2022,melt_sum_APE__KGE_meltseason2,0.0966684776630042,WUS
Cedar_WA,Cedar_WA,Cedar_WA,2022,melt_sum_APE__Qmean_meltseason2_APE,0.15213206095426635,WUS
Cedar_WA,Cedar_WA,Cedar_WA,2022,SWE_NSE__NSE_meltseason2,-0.00031690171261716316,WUS
Cedar_WA,Cedar_WA,Cedar_WA,2022,SWE_NSE__KGE_meltseason2,0.0892282732245629,WUS
Cedar_WA,Cedar_WA,Cedar_WA,2022,SWE_NSE__Qmean_meltseason2_APE,0.10276659019408904,WUS
Cole_CA,Cole_CA,Cole_CA,2001,SWE_melt_NSE__NSE_meltseason2,-0.045664275888937046,WUS
Cole_CA,Cole_CA,Cole_CA,2001,SWE_melt_NSE__KGE_meltseason2,-0.17636731344996484,WUS
Cole_CA,Cole_CA,Cole_CA,2001,SWE_melt_NSE__Qmean_meltseason2_APE,0.2591486683148913,WUS
Cole_CA,Cole_CA,Cole_CA,2001,melt_sum_APE__NSE_meltseason2,-0.576727828946886,WUS
Cole_CA,Cole_CA,Cole_CA,2001,melt_sum_APE__KGE_meltseason2,-0.8753995887906321,WUS
Cole_CA,Cole_CA,Cole_CA,2001,melt_sum_APE__Qmean_meltseason2_APE,0.009126451536046312,WUS
Cole_CA,Cole_CA,Cole_CA,2001,SWE_NSE__NSE_meltseason2,-0.15738629014195335,WUS
Cole_CA,Cole_CA,Cole_CA,2001,SWE_NSE__KGE_meltseason2,-0.23077090718891355,WUS
Cole_CA,Cole_CA,Cole_CA,2001,SWE_NSE__Qmean_meltseason2_APE,0.22089734084619017,WUS
Cole_CA,Cole_CA,Cole_CA,2002,SWE_melt_NSE__NSE_meltseason2,0.09530696009572745,WUS
Cole_CA,Cole_CA,Cole_CA,2002,SWE_melt_NSE__KGE_meltseason2,0.0197607938734986,WUS
Cole_CA,Cole_CA,Cole_CA,2002,SWE_melt_NSE__Qmean_meltseason2_APE,0.25094371850706293,WUS
Cole_CA,Cole_CA,Cole_CA,2002,melt_sum_APE__NSE_meltseason2,-0.3873391880477209,WUS
Cole_CA,Cole_CA,Cole_CA,2002,melt_sum_APE__KGE_meltseason2,-0.29141275177491766,WUS
Cole_CA,Cole_CA,Cole_CA,2002,melt_sum_APE__Qmean_meltseason2_APE,-0.11944137808151599,WUS
Cole_CA,Cole_CA,Cole_CA,2002,SWE_NSE__NSE_meltseason2,-0.05464113590109346,WUS
Cole_CA,Cole_CA,Cole_CA,2002,SWE_NSE__KGE_meltseason2,-0.022355860739675684,WUS
Cole_CA,Cole_CA,Cole_CA,2002,SWE_NSE__Qmean_meltseason2_APE,0.2780306622380248,WUS
Cole_CA,Cole_CA,Cole_CA,2003,SWE_melt_NSE__NSE_meltseason2,0.35483642903848867,WUS
Cole_CA,Cole_CA,Cole_CA,2003,SWE_melt_NSE__KGE_meltseason2,0.055990881150931156,WUS
Cole_CA,Cole_CA,Cole_CA,2003,SWE_melt_NSE__Qmean_meltseason2_APE,0.19412786924560702,WUS
Cole_CA,Cole_CA,Cole_CA,2003,melt_sum_APE__NSE_meltseason2,-0.4296245691125274,WUS
Cole_CA,Cole_CA,Cole_CA,2003,melt_sum_APE__KGE_meltseason2,-0.5643849782154191,WUS
Cole_CA,Cole_CA,Cole_CA,2003,melt_sum_APE__Qmean_meltseason2_APE,0.00782253294216814,WUS
Cole_CA,Cole_CA,Cole_CA,2003,SWE_NSE__NSE_meltseason2,0.08571141473586721,WUS
Cole_CA,Cole_CA,Cole_CA,2003,SWE_NSE__KGE_meltseason2,-0.07286892906770903,WUS
Cole_CA,Cole_CA,Cole_CA,2003,SWE_NSE__Qmean_meltseason2_APE,0.11679132342314162,WUS
Cole_CA,Cole_CA,Cole_CA,2004,SWE_melt_NSE__NSE_meltseason2,0.031447322562515714,WUS
Cole_CA,Cole_CA,Cole_CA,2004,SWE_melt_NSE__KGE_meltseason2,0.03246948511433709,WUS
Cole_CA,Cole_CA,Cole_CA,2004,SWE_melt_NSE__Qmean_meltseason2_APE,0.3368090189098303,WUS
Cole_CA,Cole_CA,Cole_CA,2004,melt_sum_APE__NSE_meltseason2,-0.7030516407172687,WUS
Cole_CA,Cole_CA,Cole_CA,2004,melt_sum_APE__KGE_meltseason2,-0.8760545815447869,WUS
Cole_CA,Cole_CA,Cole_CA,2004,melt_sum_APE__Qmean_meltseason2_APE,-0.04797126220989117,WUS
Cole_CA,Cole_CA,Cole_CA,2004,SWE_NSE__NSE_meltseason2,-0.0008567072941112069,WUS
Cole_CA,Cole_CA,Cole_CA,2004,SWE_NSE__KGE_meltseason2,-0.27430322814821156,WUS
Cole_CA,Cole_CA,Cole_CA,2004,SWE_NSE__Qmean_meltseason2_APE,0.176285897304555,WUS
Cole_CA,Cole_CA,Cole_CA,2005,SWE_melt_NSE__NSE_meltseason2,0.08122077617083193,WUS
Cole_CA,Cole_CA,Cole_CA,2005,SWE_melt_NSE__KGE_meltseason2,-0.033873914196501244,WUS
Cole_CA,Cole_CA,Cole_CA,2005,SWE_melt_NSE__Qmean_meltseason2_APE,0.17095628719326994,WUS
Cole_CA,Cole_CA,Cole_CA,2005,melt_sum_APE__NSE_meltseason2,-0.3137154270198886,WUS
Cole_CA,Cole_CA,Cole_CA,2005,melt_sum_APE__KGE_meltseason2,-0.32301690181973325,WUS
Cole_CA,Cole_CA,Cole_CA,2005,melt_sum_APE__Qmean_meltseason2_APE,0.14896948905717786,WUS
Cole_CA,Cole_CA,Cole_CA,2005,SWE_NSE__NSE_meltseason2,-0.04271313516580283,WUS
Cole_CA,Cole_CA,Cole_CA,2005,SWE_NSE__KGE_meltseason2,-0.21654985316261677,WUS
Cole_CA,Cole_CA,Cole_CA,2005,SWE_NSE__Qmean_meltseason2_APE,-0.010538359793927626,WUS
Cole_CA,Cole_CA,Cole_CA,2006,SWE_melt_NSE__NSE_meltseason2,0.0,WUS
Cole_CA,Cole_CA,Cole_CA,2006,SWE_melt_NSE__KGE_meltseason2,0.19757009232191325,WUS
Cole_CA,Cole_CA,Cole_CA,2006,SWE_melt_NSE__Qmean_meltseason2_APE,0.2854458719433006,WUS
Cole_CA,Cole_CA,Cole_CA,2006,melt_sum_APE__NSE_meltseason2,-0.2324376520035309,WUS
Cole_CA,Cole_CA,Cole_CA,2006,melt_sum_APE__KGE_meltseason2,-0.26180710244979155,WUS
Cole_CA,Cole_CA,Cole_CA,2006,melt_sum_APE__Qmean_meltseason2_APE,0.03663592920847252,WUS
Cole_CA,Cole_CA,Cole_CA,2006,SWE_NSE__NSE_meltseason2,0.04248212836941306,WUS
Cole_CA,Cole_CA,Cole_CA,2006,SWE_NSE__KGE_meltseason2,-0.11625931736445073,WUS
Cole_CA,Cole_CA,Cole_CA,2006,SWE_NSE__Qmean_meltseason2_APE,-0.11125139412648792,WUS
Cole_CA,Cole_CA,Cole_CA,2007,SWE_melt_NSE__NSE_meltseason2,0.14548680734725433,WUS
Cole_CA,Cole_CA,Cole_CA,2007,SWE_melt_NSE__KGE_meltseason2,0.0657502030927676,WUS
Cole_CA,Cole_CA,Cole_CA,2007,SWE_melt_NSE__Qmean_meltseason2_APE,0.5125020403927312,WUS
Cole_CA,Cole_CA,Cole_CA,2007,melt_sum_APE__NSE_meltseason2,-0.5662200299950464,WUS
Cole_CA,Cole_CA,Cole_CA,2007,melt_sum_APE__KGE_meltseason2,-0.41537080066438276,WUS
Cole_CA,Cole_CA,Cole_CA,2007,melt_sum_APE__Qmean_meltseason2_APE,0.020416625964371344,WUS
Cole_CA,Cole_CA,Cole_CA,2007,SWE_NSE__NSE_meltseason2,-0.08688613022422488,WUS
Cole_CA,Cole_CA,Cole_CA,2007,SWE_NSE__KGE_meltseason2,-0.20508355591890914,WUS
Cole_CA,Cole_CA,Cole_CA,2007,SWE_NSE__Qmean_meltseason2_APE,0.15948898822755028,WUS
Cole_CA,Cole_CA,Cole_CA,2008,SWE_melt_NSE__NSE_meltseason2,-0.07412459001433509,WUS
Cole_CA,Cole_CA,Cole_CA,2008,SWE_melt_NSE__KGE_meltseason2,-0.11515919801142063,WUS
Cole_CA,Cole_CA,Cole_CA,2008,SWE_melt_NSE__Qmean_meltseason2_APE,0.3844865835506561,WUS
Cole_CA,Cole_CA,Cole_CA,2008,melt_sum_APE__NSE_meltseason2,-0.6445785534060703,WUS
Cole_CA,Cole_CA,Cole_CA,2008,melt_sum_APE__KGE_meltseason2,-0.5702248821778995,WUS
Cole_CA,Cole_CA,Cole_CA,2008,melt_sum_APE__Qmean_meltseason2_APE,-0.14684138832927116,WUS
Cole_CA,Cole_CA,Cole_CA,2008,SWE_NSE__NSE_meltseason2,0.21112306985550763,WUS
Cole_CA,Cole_CA,Cole_CA,2008,SWE_NSE__KGE_meltseason2,-0.08166267939475669,WUS
Cole_CA,Cole_CA,Cole_CA,2008,SWE_NSE__Qmean_meltseason2_APE,0.28321325101651734,WUS
Cole_CA,Cole_CA,Cole_CA,2009,SWE_melt_NSE__NSE_meltseason2,-0.10731302414263369,WUS
Cole_CA,Cole_CA,Cole_CA,2009,SWE_melt_NSE__KGE_meltseason2,-0.30201348577968634,WUS
Cole_CA,Cole_CA,Cole_CA,2009,SWE_melt_NSE__Qmean_meltseason2_APE,0.05119874311074305,WUS
Cole_CA,Cole_CA,Cole_CA,2009,melt_sum_APE__NSE_meltseason2,-0.523649339689944,WUS
Cole_CA,Cole_CA,Cole_CA,2009,melt_sum_APE__KGE_meltseason2,-0.09646810860579923,WUS
Cole_CA,Cole_CA,Cole_CA,2009,melt_sum_APE__Qmean_meltseason2_APE,0.02386750628112464,WUS
Cole_CA,Cole_CA,Cole_CA,2009,SWE_NSE__NSE_meltseason2,0.12718517482941147,WUS
Cole_CA,Cole_CA,Cole_CA,2009,SWE_NSE__KGE_meltseason2,-0.11448305518404844,WUS
Cole_CA,Cole_CA,Cole_CA,2009,SWE_NSE__Qmean_meltseason2_APE,-0.14314933418969997,WUS
Cole_CA,Cole_CA,Cole_CA,2010,SWE_melt_NSE__NSE_meltseason2,0.07240192302023855,WUS
Cole_CA,Cole_CA,Cole_CA,2010,SWE_melt_NSE__KGE_meltseason2,0.09710686756804579,WUS
Cole_CA,Cole_CA,Cole_CA,2010,SWE_melt_NSE__Qmean_meltseason2_APE,0.12291872304887323,WUS
Cole_CA,Cole_CA,Cole_CA,2010,melt_sum_APE__NSE_meltseason2,-0.4215547586335635,WUS
Cole_CA,Cole_CA,Cole_CA,2010,melt_sum_APE__KGE_meltseason2,-0.659112757441213,WUS
Cole_CA,Cole_CA,Cole_CA,2010,melt_sum_APE__Qmean_meltseason2_APE,-0.2875535980245359,WUS
Cole_CA,Cole_CA,Cole_CA,2010,SWE_NSE__NSE_meltseason2,-0.08450206421755405,WUS
Cole_CA,Cole_CA,Cole_CA,2010,SWE_NSE__KGE_meltseason2,-0.21835878858521188,WUS
Cole_CA,Cole_CA,Cole_CA,2010,SWE_NSE__Qmean_meltseason2_APE,0.2620451453467565,WUS
Cole_CA,Cole_CA,Cole_CA,2011,SWE_melt_NSE__NSE_meltseason2,0.19892651076084789,WUS
Cole_CA,Cole_CA,Cole_CA,2011,SWE_melt_NSE__KGE_meltseason2,0.17650643112329115,WUS
Cole_CA,Cole_CA,Cole_CA,2011,SWE_melt_NSE__Qmean_meltseason2_APE,0.47032823416789415,WUS
Cole_CA,Cole_CA,Cole_CA,2011,melt_sum_APE__NSE_meltseason2,-0.30576195846495263,WUS
Cole_CA,Cole_CA,Cole_CA,2011,melt_sum_APE__KGE_meltseason2,-0.5701880243768627,WUS
Cole_CA,Cole_CA,Cole_CA,2011,melt_sum_APE__Qmean_meltseason2_APE,0.0894087995906445,WUS
Cole_CA,Cole_CA,Cole_CA,2011,SWE_NSE__NSE_meltseason2,-0.1136426197462898,WUS
Cole_CA,Cole_CA,Cole_CA,2011,SWE_NSE__KGE_meltseason2,-0.04180895325557691,WUS
Cole_CA,Cole_CA,Cole_CA,2011,SWE_NSE__Qmean_meltseason2_APE,0.1672055000887204,WUS
Cole_CA,Cole_CA,Cole_CA,2012,SWE_melt_NSE__NSE_meltseason2,-0.07002579127844034,WUS
Cole_CA,Cole_CA,Cole_CA,2012,SWE_melt_NSE__KGE_meltseason2,-0.1573907246599422,WUS
Cole_CA,Cole_CA,Cole_CA,2012,SWE_melt_NSE__Qmean_meltseason2_APE,0.03932897692116995,WUS
Cole_CA,Cole_CA,Cole_CA,2012,melt_sum_APE__NSE_meltseason2,-0.34826165976182294,WUS
Cole_CA,Cole_CA,Cole_CA,2012,melt_sum_APE__KGE_meltseason2,-0.21244617703103325,WUS
Cole_CA,Cole_CA,Cole_CA,2012,melt_sum_APE__Qmean_meltseason2_APE,-0.1455755461340565,WUS
Cole_CA,Cole_CA,Cole_CA,2012,SWE_NSE__NSE_meltseason2,0.00699066196822548,WUS
Cole_CA,Cole_CA,Cole_CA,2012,SWE_NSE__KGE_meltseason2,-0.19928635277737927,WUS
Cole_CA,Cole_CA,Cole_CA,2012,SWE_NSE__Qmean_meltseason2_APE,-0.12664061472231977,WUS
Cole_CA,Cole_CA,Cole_CA,2013,SWE_melt_NSE__NSE_meltseason2,-0.17259680521211004,WUS
Cole_CA,Cole_CA,Cole_CA,2013,SWE_melt_NSE__KGE_meltseason2,-0.4365897439700107,WUS
Cole_CA,Cole_CA,Cole_CA,2013,SWE_melt_NSE__Qmean_meltseason2_APE,0.31979658020694157,WUS
Cole_CA,Cole_CA,Cole_CA,2013,melt_sum_APE__NSE_meltseason2,-0.7265166449351756,WUS
Cole_CA,Cole_CA,Cole_CA,2013,melt_sum_APE__KGE_meltseason2,-0.7702280482979544,WUS
Cole_CA,Cole_CA,Cole_CA,2013,melt_sum_APE__Qmean_meltseason2_APE,0.0350751339897773,WUS
Cole_CA,Cole_CA,Cole_CA,2013,SWE_NSE__NSE_meltseason2,0.1899216367508893,WUS
Cole_CA,Cole_CA,Cole_CA,2013,SWE_NSE__KGE_meltseason2,-0.08919171435988403,WUS
Cole_CA,Cole_CA,Cole_CA,2013,SWE_NSE__Qmean_meltseason2_APE,0.1699963389971958,WUS
Cole_CA,Cole_CA,Cole_CA,2014,SWE_melt_NSE__NSE_meltseason2,-0.552578505849833,WUS
Cole_CA,Cole_CA,Cole_CA,2014,SWE_melt_NSE__KGE_meltseason2,-0.3281870853590447,WUS
Cole_CA,Cole_CA,Cole_CA,2014,SWE_melt_NSE__Qmean_meltseason2_APE,0.2100593278531423,WUS
Cole_CA,Cole_CA,Cole_CA,2014,melt_sum_APE__NSE_meltseason2,-0.5175519068831193,WUS
Cole_CA,Cole_CA,Cole_CA,2014,melt_sum_APE__KGE_meltseason2,-0.4178694170168706,WUS
Cole_CA,Cole_CA,Cole_CA,2014,melt_sum_APE__Qmean_meltseason2_APE,0.15923266527259003,WUS
Cole_CA,Cole_CA,Cole_CA,2014,SWE_NSE__NSE_meltseason2,-0.575114714764809,WUS
Cole_CA,Cole_CA,Cole_CA,2014,SWE_NSE__KGE_meltseason2,-0.6677796547734068,WUS
Cole_CA,Cole_CA,Cole_CA,2014,SWE_NSE__Qmean_meltseason2_APE,0.11402264323431847,WUS
Cole_CA,Cole_CA,Cole_CA,2015,SWE_melt_NSE__NSE_meltseason2,-0.8036680936179681,WUS
Cole_CA,Cole_CA,Cole_CA,2015,SWE_melt_NSE__KGE_meltseason2,-0.19910079971050057,WUS
Cole_CA,Cole_CA,Cole_CA,2015,SWE_melt_NSE__Qmean_meltseason2_APE,0.26657494839982404,WUS
Cole_CA,Cole_CA,Cole_CA,2015,melt_sum_APE__NSE_meltseason2,-0.723463272389105,WUS
Cole_CA,Cole_CA,Cole_CA,2015,melt_sum_APE__KGE_meltseason2,-0.8639089778947645,WUS
Cole_CA,Cole_CA,Cole_CA,2015,melt_sum_APE__Qmean_meltseason2_APE,-0.10755848245118547,WUS
Cole_CA,Cole_CA,Cole_CA,2015,SWE_NSE__NSE_meltseason2,-0.9300458906468065,WUS
Cole_CA,Cole_CA,Cole_CA,2015,SWE_NSE__KGE_meltseason2,-0.6571358926731841,WUS
Cole_CA,Cole_CA,Cole_CA,2015,SWE_NSE__Qmean_meltseason2_APE,0.1639984110445789,WUS
Cole_CA,Cole_CA,Cole_CA,2016,SWE_melt_NSE__NSE_meltseason2,0.07737484392920654,WUS
Cole_CA,Cole_CA,Cole_CA,2016,SWE_melt_NSE__KGE_meltseason2,-0.16242598073688694,WUS
Cole_CA,Cole_CA,Cole_CA,2016,SWE_melt_NSE__Qmean_meltseason2_APE,0.24993311391610692,WUS
Cole_CA,Cole_CA,Cole_CA,2016,melt_sum_APE__NSE_meltseason2,-0.17964298859494607,WUS
Cole_CA,Cole_CA,Cole_CA,2016,melt_sum_APE__KGE_meltseason2,-0.3016705258530846,WUS
Cole_CA,Cole_CA,Cole_CA,2016,melt_sum_APE__Qmean_meltseason2_APE,0.010002797779950575,WUS
Cole_CA,Cole_CA,Cole_CA,2016,SWE_NSE__NSE_meltseason2,0.2116912555154774,WUS
Cole_CA,Cole_CA,Cole_CA,2016,SWE_NSE__KGE_meltseason2,-0.283685008127163,WUS
Cole_CA,Cole_CA,Cole_CA,2016,SWE_NSE__Qmean_meltseason2_APE,0.27422481726835757,WUS
Cole_CA,Cole_CA,Cole_CA,2017,SWE_melt_NSE__NSE_meltseason2,0.030557466975969397,WUS
Cole_CA,Cole_CA,Cole_CA,2017,SWE_melt_NSE__KGE_meltseason2,-0.04710490387471646,WUS
Cole_CA,Cole_CA,Cole_CA,2017,SWE_melt_NSE__Qmean_meltseason2_APE,0.2660390690234018,WUS
Cole_CA,Cole_CA,Cole_CA,2017,melt_sum_APE__NSE_meltseason2,-0.3141354075671666,WUS
Cole_CA,Cole_CA,Cole_CA,2017,melt_sum_APE__KGE_meltseason2,-0.34280762238367934,WUS
Cole_CA,Cole_CA,Cole_CA,2017,melt_sum_APE__Qmean_meltseason2_APE,0.013291718194740284,WUS
Cole_CA,Cole_CA,Cole_CA,2017,SWE_NSE__NSE_meltseason2,0.024441318833820738,WUS
Cole_CA,Cole_CA,Cole_CA,2017,SWE_NSE__KGE_meltseason2,-0.2063794197769841,WUS
Cole_CA,Cole_CA,Cole_CA,2017,SWE_NSE__Qmean_meltseason2_APE,0.214752045482083,WUS
Cole_CA,Cole_CA,Cole_CA,2018,SWE_melt_NSE__NSE_meltseason2,-0.5917155536682566,WUS
Cole_CA,Cole_CA,Cole_CA,2018,SWE_melt_NSE__KGE_meltseason2,-0.261867562973982,WUS
Cole_CA,Cole_CA,Cole_CA,2018,SWE_melt_NSE__Qmean_meltseason2_APE,0.2191886303861032,WUS
Cole_CA,Cole_CA,Cole_CA,2018,melt_sum_APE__NSE_meltseason2,-0.00470643395753422,WUS
Cole_CA,Cole_CA,Cole_CA,2018,melt_sum_APE__KGE_meltseason2,-0.5538025712986622,WUS
Cole_CA,Cole_CA,Cole_CA,2018,melt_sum_APE__Qmean_meltseason2_APE,0.12051657352059451,WUS
Cole_CA,Cole_CA,Cole_CA,2018,SWE_NSE__NSE_meltseason2,0.1333865321146124,WUS
Cole_CA,Cole_CA,Cole_CA,2018,SWE_NSE__KGE_meltseason2,-0.28482671141662425,WUS
Cole_CA,Cole_CA,Cole_CA,2018,SWE_NSE__Qmean_meltseason2_APE,0.36280640944693765,WUS
Cole_CA,Cole_CA,Cole_CA,2019,SWE_melt_NSE__NSE_meltseason2,0.05431335474154045,WUS
Cole_CA,Cole_CA,Cole_CA,2019,SWE_melt_NSE__KGE_meltseason2,0.09236839360465679,WUS
Cole_CA,Cole_CA,Cole_CA,2019,SWE_melt_NSE__Qmean_meltseason2_APE,0.2575667887058823,WUS
Cole_CA,Cole_CA,Cole_CA,2019,melt_sum_APE__NSE_meltseason2,-0.2988605294608289,WUS
Cole_CA,Cole_CA,Cole_CA,2019,melt_sum_APE__KGE_meltseason2,-0.11985469755165548,WUS
Cole_CA,Cole_CA,Cole_CA,2019,melt_sum_APE__Qmean_meltseason2_APE,-0.07111999138682795,WUS
Cole_CA,Cole_CA,Cole_CA,2019,SWE_NSE__NSE_meltseason2,-0.003732718876329835,WUS
Cole_CA,Cole_CA,Cole_CA,2019,SWE_NSE__KGE_meltseason2,-0.11899147022004794,WUS
Cole_CA,Cole_CA,Cole_CA,2019,SWE_NSE__Qmean_meltseason2_APE,0.2646269101800283,WUS
Cole_CA,Cole_CA,Cole_CA,2020,SWE_melt_NSE__NSE_meltseason2,-0.015445773768884891,WUS
Cole_CA,Cole_CA,Cole_CA,2020,SWE_melt_NSE__KGE_meltseason2,-0.24273769064862824,WUS
Cole_CA,Cole_CA,Cole_CA,2020,SWE_melt_NSE__Qmean_meltseason2_APE,0.0024048262952170644,WUS
Cole_CA,Cole_CA,Cole_CA,2020,melt_sum_APE__NSE_meltseason2,-0.6551438425902969,WUS
Cole_CA,Cole_CA,Cole_CA,2020,melt_sum_APE__KGE_meltseason2,-0.20513641540362595,WUS
Cole_CA,Cole_CA,Cole_CA,2020,melt_sum_APE__Qmean_meltseason2_APE,-0.06854218275220676,WUS
Cole_CA,Cole_CA,Cole_CA,2020,SWE_NSE__NSE_meltseason2,-0.22231920481021306,WUS
Cole_CA,Cole_CA,Cole_CA,2020,SWE_NSE__KGE_meltseason2,-0.3109157693424855,WUS
Cole_CA,Cole_CA,Cole_CA,2020,SWE_NSE__Qmean_meltseason2_APE,-0.041005227009286355,WUS
Cole_CA,Cole_CA,Cole_CA,2021,SWE_melt_NSE__NSE_meltseason2,-0.14848002688135278,WUS
Cole_CA,Cole_CA,Cole_CA,2021,SWE_melt_NSE__KGE_meltseason2,-0.09053666864216456,WUS
Cole_CA,Cole_CA,Cole_CA,2021,SWE_melt_NSE__Qmean_meltseason2_APE,0.30427210589670595,WUS
Cole_CA,Cole_CA,Cole_CA,2021,melt_sum_APE__NSE_meltseason2,-0.9395545979050152,WUS
Cole_CA,Cole_CA,Cole_CA,2021,melt_sum_APE__KGE_meltseason2,-0.839574498479312,WUS
Cole_CA,Cole_CA,Cole_CA,2021,melt_sum_APE__Qmean_meltseason2_APE,-0.351588068407602,WUS
Cole_CA,Cole_CA,Cole_CA,2021,SWE_NSE__NSE_meltseason2,-0.1809752089661183,WUS
Cole_CA,Cole_CA,Cole_CA,2021,SWE_NSE__KGE_meltseason2,-0.20483926053762952,WUS
Cole_CA,Cole_CA,Cole_CA,2021,SWE_NSE__Qmean_meltseason2_APE,0.05645080862319518,WUS
Cole_CA,Cole_CA,Cole_CA,2022,SWE_melt_NSE__NSE_meltseason2,0.014765119869320593,WUS
Cole_CA,Cole_CA,Cole_CA,2022,SWE_melt_NSE__KGE_meltseason2,-0.23982267791165593,WUS
Cole_CA,Cole_CA,Cole_CA,2022,SWE_melt_NSE__Qmean_meltseason2_APE,-0.017749468864550706,WUS
Cole_CA,Cole_CA,Cole_CA,2022,melt_sum_APE__NSE_meltseason2,-0.32768317176367756,WUS
Cole_CA,Cole_CA,Cole_CA,2022,melt_sum_APE__KGE_meltseason2,-0.4400068840790999,WUS
Cole_CA,Cole_CA,Cole_CA,2022,melt_sum_APE__Qmean_meltseason2_APE,-0.12050749916386905,WUS
Cole_CA,Cole_CA,Cole_CA,2022,SWE_NSE__NSE_meltseason2,0.15905915302037116,WUS
Cole_CA,Cole_CA,Cole_CA,2022,SWE_NSE__KGE_meltseason2,-0.48634923967803884,WUS
Cole_CA,Cole_CA,Cole_CA,2022,SWE_NSE__Qmean_meltseason2_APE,0.17221710424228148,WUS
Encampment_WY,Encampment_WY,Encampment_WY,2001,SWE_melt_NSE__NSE_meltseason2,-0.08442431679409608,WUS
Encampment_WY,Encampment_WY,Encampment_WY,2001,SWE_melt_NSE__KGE_meltseason2,0.23482305790303973,WUS
Encampment_WY,Encampment_WY,Encampment_WY,2001,SWE_melt_NSE__Qmean_meltseason2_APE,0.40525272350675934,WUS
Encampment_WY,Encampment_WY,Encampment_WY,2001,melt_sum_APE__NSE_meltseason2,-0.42694972784464563,WUS
Encampment_WY,Encampment_WY,Encampment_WY,2001,melt_sum_APE__KGE_meltseason2,-0.022683005727780352,WUS
Encampment_WY,Encampment_WY,Encampment_WY,2001,melt_sum_APE__Qmean_meltseason2_APE,-0.1657849563892276,WUS
Encampment_WY,Encampment_WY,Encampment_WY,2001,SWE_NSE__NSE_meltseason2,-0.007930028043195678,WUS
Encampment_WY,Encampment_WY,Encampment_WY,2001,SWE_NSE__KGE_meltseason2,-0.16739763313775435,WUS
Encampment_WY,Encampment_WY,Encampment_WY,2001,SWE_NSE__Qmean_meltseason2_APE,0.3405028971380372,WUS
Encampment_WY,Encampment_WY,Encampment_WY,2002,SWE_melt_NSE__NSE_meltseason2,-0.321056112364057,WUS
Encampment_WY,Encampment_WY,Encampment_WY,2002,SWE_melt_NSE__KGE_meltseason2,-0.3839630663284643,WUS
Encampment_WY,Encampment_WY,Encampment_WY,2002,SWE_melt_NSE__Qmean_meltseason2_APE,0.13200298440584518,WUS
Encampment_WY,Encampment_WY,Encampment_WY,2002,melt_sum_APE__NSE_meltseason2,-0.04533831712244204,WUS
Encampment_WY,Encampment_WY,Encampment_WY,2002,melt_sum_APE__KGE_meltseason2,-0.1181225167394233,WUS
Encampment_WY,Encampment_WY,Encampment_WY,2002,melt_sum_APE__Qmean_meltseason2_APE,0.014266999210578475,WUS
Encampment_WY,Encampment_WY,Encampment_WY,2002,SWE_NSE__NSE_meltseason2,-0.022202765178856994,WUS
Encampment_WY,Encampment_WY,Encampment_WY,2002,SWE_NSE__KGE_meltseason2,-0.3013783075833247,WUS
Encampment_WY,Encampment_WY,Encampment_WY,2002,SWE_NSE__Qmean_meltseason2_APE,0.3241250600358093,WUS
Encampment_WY,Encampment_WY,Encampment_WY,2003,SWE_melt_NSE__NSE_meltseason2,-0.4761260086782498,WUS
Encampment_WY,Encampment_WY,Encampment_WY,2003,SWE_melt_NSE__KGE_meltseason2,-0.2446692109043568,WUS
Encampment_WY,Encampment_WY,Encampment_WY,2003,SWE_melt_NSE__Qmean_meltseason2_APE,0.18819815558794925,WUS
Encampment_WY,Encampment_WY,Encampment_WY,2003,melt_sum_APE__NSE_meltseason2,-0.2926997336489098,WUS
Encampment_WY,Encampment_WY,Encampment_WY,2003,melt_sum_APE__KGE_meltseason2,-0.1815510565669177,WUS
Encampment_WY,Encampment_WY,Encampment_WY,2003,melt_sum_APE__Qmean_meltseason2_APE,-0.03332370943201534,WUS
Encampment_WY,Encampment_WY,Encampment_WY,2003,SWE_NSE__NSE_meltseason2,0.08564210431968111,WUS
Encampment_WY,Encampment_WY,Encampment_WY,2003,SWE_NSE__KGE_meltseason2,0.009288875800544518,WUS
Encampment_WY,Encampment_WY,Encampment_WY,2003,SWE_NSE__Qmean_meltseason2_APE,0.46629797499783165,WUS
Encampment_WY,Encampment_WY,Encampment_WY,2004,SWE_melt_NSE__NSE_meltseason2,-0.1680138936772363,WUS
Encampment_WY,Encampment_WY,Encampment_WY,2004,SWE_melt_NSE__KGE_meltseason2,0.020405374056689702,WUS
Encampment_WY,Encampment_WY,Encampment_WY,2004,SWE_melt_NSE__Qmean_meltseason2_APE,0.39671036339276555,WUS
Encampment_WY,Encampment_WY,Encampment_WY,2004,melt_sum_APE__NSE_meltseason2,-0.5825950545944876,WUS
Encampment_WY,Encampment_WY,Encampment_WY,2004,melt_sum_APE__KGE_meltseason2,0.03748665374791096,WUS
Encampment_WY,Encampment_WY,Encampment_WY,2004,melt_sum_APE__Qmean_meltseason2_APE,-0.08070438350070096,WUS
Encampment_WY,Encampment_WY,Encampment_WY,2004,SWE_NSE__NSE_meltseason2,-0.08853083078547923,WUS
Encampment_WY,Encampment_WY,Encampment_WY,2004,SWE_NSE__KGE_meltseason2,-0.06784157861248925,WUS
Encampment_WY,Encampment_WY,Encampment_WY,2004,SWE_NSE__Qmean_meltseason2_APE,0.4752822125143855,WUS
Encampment_WY,Encampment_WY,Encampment_WY,2005,SWE_melt_NSE__NSE_meltseason2,-0.0066510804430830696,WUS
Encampment_WY,Encampment_WY,Encampment_WY,2005,SWE_melt_NSE__KGE_meltseason2,-0.18685850848925223,WUS
Encampment_WY,Encampment_WY,Encampment_WY,2005,SWE_melt_NSE__Qmean_meltseason2_APE,0.0039632487766059245,WUS
Encampment_WY,Encampment_WY,Encampment_WY,2005,melt_sum_APE__NSE_meltseason2,-0.3952878768837973,WUS
Encampment_WY,Encampment_WY,Encampment_WY,2005,melt_sum_APE__KGE_meltseason2,-0.32823875952221315,WUS
Encampment_WY,Encampment_WY,Encampment_WY,2005,melt_sum_APE__Qmean_meltseason2_APE,-0.15667562952133537,WUS
Encampment_WY,Encampment_WY,Encampment_WY,2005,SWE_NSE__NSE_meltseason2,0.00027556012707005413,WUS
Encampment_WY,Encampment_WY,Encampment_WY,2005,SWE_NSE__KGE_meltseason2,-0.7025927748489256,WUS
Encampment_WY,Encampment_WY,Encampment_WY,2005,SWE_NSE__Qmean_meltseason2_APE,0.21144256385926175,WUS
Encampment_WY,Encampment_WY,Encampment_WY,2006,SWE_melt_NSE__NSE_meltseason2,-0.29447692234258804,WUS
Encampment_WY,Encampment_WY,Encampment_WY,2006,SWE_melt_NSE__KGE_meltseason2,-0.1603537788216133,WUS
Encampment_WY,Encampment_WY,Encampment_WY,2006,SWE_melt_NSE__Qmean_meltseason2_APE,0.22851000168936736,WUS
Encampment_WY,Encampment_WY,Encampment_WY,2006,melt_sum_APE__NSE_meltseason2,-0.6315308137867124,WUS
Encampment_WY,Encampment_WY,Encampment_WY,2006,melt_sum_APE__KGE_meltseason2,-0.35422388644932584,WUS
Encampment_WY,Encampment_WY,Encampment_WY,2006,melt_sum_APE__Qmean_meltseason2_APE,0.031015960189380368,WUS
Encampment_WY,Encampment_WY,Encampment_WY,2006,SWE_NSE__NSE_meltseason2,-0.114663138105662,WUS
Encampment_WY,Encampment_WY,Encampment_WY,2006,SWE_NSE__KGE_meltseason2,-0.24111901632101623,WUS
Encampment_WY,Encampment_WY,Encampment_WY,2006,SWE_NSE__Qmean_meltseason2_APE,0.8794760763788675,WUS
Encampment_WY,Encampment_WY,Encampment_WY,2007,SWE_melt_NSE__NSE_meltseason2,-0.0018877268521104954,WUS
Encampment_WY,Encampment_WY,Encampment_WY,2007,SWE_melt_NSE__KGE_meltseason2,-0.07194703368342191,WUS
Encampment_WY,Encampment_WY,Encampment_WY,2007,SWE_melt_NSE__Qmean_meltseason2_APE,0.31923767008660164,WUS
Encampment_WY,Encampment_WY,Encampment_WY,2007,melt_sum_APE__NSE_meltseason2,-0.4273662484257865,WUS
Encampment_WY,Encampment_WY,Encampment_WY,2007,melt_sum_APE__KGE_meltseason2,-0.1979638027471969,WUS
Encampment_WY,Encampment_WY,Encampment_WY,2007,melt_sum_APE__Qmean_meltseason2_APE,0.08533025395752711,WUS
Encampment_WY,Encampment_WY,Encampment_WY,2007,SWE_NSE__NSE_meltseason2,0.41492569278900693,WUS
Encampment_WY,Encampment_WY,Encampment_WY,2007,SWE_NSE__KGE_meltseason2,-0.02982633674369754,WUS
Encampment_WY,Encampment_WY,Encampment_WY,2007,SWE_NSE__Qmean_meltseason2_APE,0.35396763308370893,WUS
Encampment_WY,Encampment_WY,Encampment_WY,2008,SWE_melt_NSE__NSE_meltseason2,-0.25162865173733406,WUS
Encampment_WY,Encampment_WY,Encampment_WY,2008,SWE_melt_NSE__KGE_meltseason2,-0.32643844258540444,WUS
Encampment_WY,Encampment_WY,Encampment_WY,2008,SWE_melt_NSE__Qmean_meltseason2_APE,0.36098641035024526,WUS
Encampment_WY,Encampment_WY,Encampment_WY,2008,melt_sum_APE__NSE_meltseason2,-0.7933349695591758,WUS
Encampment_WY,Encampment_WY,Encampment_WY,2008,melt_sum_APE__KGE_meltseason2,-0.6414767536779937,WUS
Encampment_WY,Encampment_WY,Encampment_WY,2008,melt_sum_APE__Qmean_meltseason2_APE,-0.004155864213287996,WUS
Encampment_WY,Encampment_WY,Encampment_WY,2008,SWE_NSE__NSE_meltseason2,0.2914628141603112,WUS
Encampment_WY,Encampment_WY,Encampment_WY,2008,SWE_NSE__KGE_meltseason2,0.03742215875074402,WUS
Encampment_WY,Encampment_WY,Encampment_WY,2008,SWE_NSE__Qmean_meltseason2_APE,0.46889155108814307,WUS
Encampment_WY,Encampment_WY,Encampment_WY,2009,SWE_melt_NSE__NSE_meltseason2,-0.05961603373881108,WUS
Encampment_WY,Encampment_WY,Encampment_WY,2009,SWE_melt_NSE__KGE_meltseason2,-0.5236154298071213,WUS
Encampment_WY,Encampment_WY,Encampment_WY,2009,SWE_melt_NSE__Qmean_meltseason2_APE,-0.10535103670412885,WUS
Encampment_WY,Encampment_WY,Encampment_WY,2009,melt_sum_APE__NSE_meltseason2,-0.33154804088679085,WUS
Encampment_WY,Encampment_WY,Encampment_WY,2009,melt_sum_APE__KGE_meltseason2,-0.20873936877195048,WUS
Encampment_WY,Encampment_WY,Encampment_WY,2009,melt_sum_APE__Qmean_meltseason2_APE,-0.15735268200328545,WUS
Encampment_WY,Encampment_WY,Encampment_WY,2009,SWE_NSE__NSE_meltseason2,0.34105726915706674,WUS
Encampment_WY,Encampment_WY,Encampment_WY,2009,SWE_NSE__KGE_meltseason2,-0.29541061966519166,WUS
Encampment_WY,Encampment_WY,Encampment_WY,2009,SWE_NSE__Qmean_meltseason2_APE,0.11558612061235501,WUS
Encampment_WY,Encampment_WY,Encampment_WY,2010,SWE_melt_NSE__NSE_meltseason2,0.06634735395020108,WUS
Encampment_WY,Encampment_WY,Encampment_WY,2010,SWE_melt_NSE__KGE_meltseason2,-0.09972911616864721,WUS
Encampment_WY,Encampment_WY,Encampment_WY,2010,SWE_melt_NSE__Qmean_meltseason2_APE,0.24936420668031553,WUS
Encampment_WY,Encampment_WY,Encampment_WY,2010,melt_sum_APE__NSE_meltseason2,-0.3515948902310681,WUS
Encampment_WY,Encampment_WY,Encampment_WY,2010,melt_sum_APE__KGE_meltseason2,-0.05837465969783166,WUS
Encampment_WY,Encampment_WY,Encampment_WY,2010,melt_sum_APE__Qmean_meltseason2_APE,-0.02570100001669256,WUS
Encampment_WY,Encampment_WY,Encampment_WY,2010,SWE_NSE__NSE_meltseason2,0.0882337175929598,WUS
Encampment_WY,Encampment_WY,Encampment_WY,2010,SWE_NSE__KGE_meltseason2,-0.08374209081641443,WUS
Encampment_WY,Encampment_WY,Encampment_WY,2010,SWE_NSE__Qmean_meltseason2_APE,0.46066280116706426,WUS
Encampment_WY,Encampment_WY,Encampment_WY,2011,SWE_melt_NSE__NSE_meltseason2,0.12706084392986547,WUS
Encampment_WY,Encampment_WY,Encampment_WY,2011,SWE_melt_NSE__KGE_meltseason2,0.027207208345959435,WUS
Encampment_WY,Encampment_WY,Encampment_WY,2011,SWE_melt_NSE__Qmean_meltseason2_APE,0.3823900255795003,WUS
Encampment_WY,Encampment_WY,Encampment_WY,2011,melt_sum_APE__NSE_meltseason2,-0.4324834610321296,WUS
Encampment_WY,Encampment_WY,Encampment_WY,2011,melt_sum_APE__KGE_meltseason2,-0.518444583044651,WUS
Encampment_WY,Encampment_WY,Encampment_WY,2011,melt_sum_APE__Qmean_meltseason2_APE,0.06279512673589625,WUS
Encampment_WY,Encampment_WY,Encampment_WY,2011,SWE_NSE__NSE_meltseason2,0.07077961466258323,WUS
Encampment_WY,Encampment_WY,Encampment_WY,2011,SWE_NSE__KGE_meltseason2,-0.5921998743865056,WUS
Encampment_WY,Encampment_WY,Encampment_WY,2011,SWE_NSE__Qmean_meltseason2_APE,0.3697169732842871,WUS
Encampment_WY,Encampment_WY,Encampment_WY,2012,SWE_melt_NSE__NSE_meltseason2,-0.593306323239194,WUS
Encampment_WY,Encampment_WY,Encampment_WY,2012,SWE_melt_NSE__KGE_meltseason2,-0.5242347475222802,WUS
Encampment_WY,Encampment_WY,Encampment_WY,2012,SWE_melt_NSE__Qmean_meltseason2_APE,0.08729598467483983,WUS
Encampment_WY,Encampment_WY,Encampment_WY,2012,melt_sum_APE__NSE_meltseason2,-0.2678825519321059,WUS
Encampment_WY,Encampment_WY,Encampment_WY,2012,melt_sum_APE__KGE_meltseason2,-0.07502771944599819,WUS
Encampment_WY,Encampment_WY,Encampment_WY,2012,melt_sum_APE__Qmean_meltseason2_APE,-0.02961403426539784,WUS
Encampment_WY,Encampment_WY,Encampment_WY,2012,SWE_NSE__NSE_meltseason2,0.1376961956456367,WUS
Encampment_WY,Encampment_WY,Encampment_WY,2012,SWE_NSE__KGE_meltseason2,-0.14374008973897007,WUS
Encampment_WY,Encampment_WY,Encampment_WY,2012,SWE_NSE__Qmean_meltseason2_APE,0.49192935262220583,WUS
Encampment_WY,Encampment_WY,Encampment_WY,2013,SWE_melt_NSE__NSE_meltseason2,-0.28872767951456624,WUS
Encampment_WY,Encampment_WY,Encampment_WY,2013,SWE_melt_NSE__KGE_meltseason2,-0.04200641954956086,WUS
Encampment_WY,Encampment_WY,Encampment_WY,2013,SWE_melt_NSE__Qmean_meltseason2_APE,0.1983024548293386,WUS
Encampment_WY,Encampment_WY,Encampment_WY,2013,melt_sum_APE__NSE_meltseason2,-0.5999177362705514,WUS
Encampment_WY,Encampment_WY,Encampment_WY,2013,melt_sum_APE__KGE_meltseason2,-0.5260046219925582,WUS
Encampment_WY,Encampment_WY,Encampment_WY,2013,melt_sum_APE__Qmean_meltseason2_APE,-0.17616342265166224,WUS
Encampment_WY,Encampment_WY,Encampment_WY,2013,SWE_NSE__NSE_meltseason2,0.1274565864162992,WUS
Encampment_WY,Encampment_WY,Encampment_WY,2013,SWE_NSE__KGE_meltseason2,0.03567404396799825,WUS
Encampment_WY,Encampment_WY,Encampment_WY,2013,SWE_NSE__Qmean_meltseason2_APE,0.4217488357123554,WUS
Encampment_WY,Encampment_WY,Encampment_WY,2014,SWE_melt_NSE__NSE_meltseason2,-0.1386250722926154,WUS
Encampment_WY,Encampment_WY,Encampment_WY,2014,SWE_melt_NSE__KGE_meltseason2,-0.001575281365852404,WUS
Encampment_WY,Encampment_WY,Encampment_WY,2014,SWE_melt_NSE__Qmean_meltseason2_APE,0.21853297560234908,WUS
Encampment_WY,Encampment_WY,Encampment_WY,2014,melt_sum_APE__NSE_meltseason2,-0.5275320149445036,WUS
Encampment_WY,Encampment_WY,Encampment_WY,2014,melt_sum_APE__KGE_meltseason2,-0.647468770705484,WUS
Encampment_WY,Encampment_WY,Encampment_WY,2014,melt_sum_APE__Qmean_meltseason2_APE,-0.18378958211270052,WUS
Encampment_WY,Encampment_WY,Encampment_WY,2014,SWE_NSE__NSE_meltseason2,0.3339278959777727,WUS
Encampment_WY,Encampment_WY,Encampment_WY,2014,SWE_NSE__KGE_meltseason2,-0.320116173894519,WUS
Encampment_WY,Encampment_WY,Encampment_WY,2014,SWE_NSE__Qmean_meltseason2_APE,0.5253233416951368,WUS
Encampment_WY,Encampment_WY,Encampment_WY,2015,SWE_melt_NSE__NSE_meltseason2,-0.5080999646245633,WUS
Encampment_WY,Encampment_WY,Encampment_WY,2015,SWE_melt_NSE__KGE_meltseason2,-0.5390700653730119,WUS
Encampment_WY,Encampment_WY,Encampment_WY,2015,SWE_melt_NSE__Qmean_meltseason2_APE,0.04080238196717456,WUS
Encampment_WY,Encampment_WY,Encampment_WY,2015,melt_sum_APE__NSE_meltseason2,-0.09232088167520643,WUS
Encampment_WY,Encampment_WY,Encampment_WY,2015,melt_sum_APE__KGE_meltseason2,0.11227012229822912,WUS
Encampment_WY,Encampment_WY,Encampment_WY,2015,melt_sum_APE__Qmean_meltseason2_APE,0.19244349506683608,WUS
Encampment_WY,Encampment_WY,Encampment_WY,2015,SWE_NSE__NSE_meltseason2,0.4334563742258667,WUS
Encampment_WY,Encampment_WY,Encampment_WY,2015,SWE_NSE__KGE_meltseason2,0.06372005071405369,WUS
Encampment_WY,Encampment_WY,Encampment_WY,2015,SWE_NSE__Qmean_meltseason2_APE,0.416207587293225,WUS
Encampment_WY,Encampment_WY,Encampment_WY,2016,SWE_melt_NSE__NSE_meltseason2,-0.2054384091030269,WUS
Encampment_WY,Encampment_WY,Encampment_WY,2016,SWE_melt_NSE__KGE_meltseason2,-0.24996044595222333,WUS
Encampment_WY,Encampment_WY,Encampment_WY,2016,SWE_melt_NSE__Qmean_meltseason2_APE,0.25224378169034434,WUS
Encampment_WY,Encampment_WY,Encampment_WY,2016,melt_sum_APE__NSE_meltseason2,-0.6575391327263954,WUS
Encampment_WY,Encampment_WY,Encampment_WY,2016,melt_sum_APE__KGE_meltseason2,-0.24467096912891098,WUS
Encampment_WY,Encampment_WY,Encampment_WY,2016,melt_sum_APE__Qmean_meltseason2_APE,-0.05377125644098081,WUS
Encampment_WY,Encampment_WY,Encampment_WY,2016,SWE_NSE__NSE_meltseason2,-0.07975820897517018,WUS
Encampment_WY,Encampment_WY,Encampment_WY,2016,SWE_NSE__KGE_meltseason2,-0.1843972987616785,WUS
Encampment_WY,Encampment_WY,Encampment_WY,2016,SWE_NSE__Qmean_meltseason2_APE,0.4713020696788234,WUS
Encampment_WY,Encampment_WY,Encampment_WY,2017,SWE_melt_NSE__NSE_meltseason2,-0.05307705228896172,WUS
Encampment_WY,Encampment_WY,Encampment_WY,2017,SWE_melt_NSE__KGE_meltseason2,-0.09519271889197069,WUS
Encampment_WY,Encampment_WY,Encampment_WY,2017,SWE_melt_NSE__Qmean_meltseason2_APE,0.4517317297877175,WUS
Encampment_WY,Encampment_WY,Encampment_WY,2017,melt_sum_APE__NSE_meltseason2,-0.6835121503194049,WUS
Encampment_WY,Encampment_WY,Encampment_WY,2017,melt_sum_APE__KGE_meltseason2,-0.27146138680819015,WUS
Encampment_WY,Encampment_WY,Encampment_WY,2017,melt_sum_APE__Qmean_meltseason2_APE,0.06601605452706105,WUS
Encampment_WY,Encampment_WY,Encampment_WY,2017,SWE_NSE__NSE_meltseason2,-0.33301393538672036,WUS
Encampment_WY,Encampment_WY,Encampment_WY,2017,SWE_NSE__KGE_meltseason2,-0.4256349729399708,WUS
Encampment_WY,Encampment_WY,Encampment_WY,2017,SWE_NSE__Qmean_meltseason2_APE,0.5863133760750187,WUS
Encampment_WY,Encampment_WY,Encampment_WY,2018,SWE_melt_NSE__NSE_meltseason2,0.0688016747694578,WUS
Encampment_WY,Encampment_WY,Encampment_WY,2018,SWE_melt_NSE__KGE_meltseason2,0.05980053991782343,WUS
Encampment_WY,Encampment_WY,Encampment_WY,2018,SWE_melt_NSE__Qmean_meltseason2_APE,0.6092451772689075,WUS
Encampment_WY,Encampment_WY,Encampment_WY,2018,melt_sum_APE__NSE_meltseason2,-0.6968125514502641,WUS
Encampment_WY,Encampment_WY,Encampment_WY,2018,melt_sum_APE__KGE_meltseason2,-0.5240410483066605,WUS
Encampment_WY,Encampment_WY,Encampment_WY,2018,melt_sum_APE__Qmean_meltseason2_APE,0.08477286235504367,WUS
Encampment_WY,Encampment_WY,Encampment_WY,2018,SWE_NSE__NSE_meltseason2,-0.13655493430516644,WUS
Encampment_WY,Encampment_WY,Encampment_WY,2018,SWE_NSE__KGE_meltseason2,-0.15166390284185166,WUS
Encampment_WY,Encampment_WY,Encampment_WY,2018,SWE_NSE__Qmean_meltseason2_APE,0.40600407751940265,WUS
Encampment_WY,Encampment_WY,Encampment_WY,2019,SWE_melt_NSE__NSE_meltseason2,-0.26731969911520814,WUS
Encampment_WY,Encampment_WY,Encampment_WY,2019,SWE_melt_NSE__KGE_meltseason2,-0.2928960115435377,WUS
Encampment_WY,Encampment_WY,Encampment_WY,2019,SWE_melt_NSE__Qmean_meltseason2_APE,0.16442727870172755,WUS
Encampment_WY,Encampment_WY,Encampment_WY,2019,melt_sum_APE__NSE_meltseason2,-0.5665134636213798,WUS
Encampment_WY,Encampment_WY,Encampment_WY,2019,melt_sum_APE__KGE_meltseason2,-0.2584666683879119,WUS
Encampment_WY,Encampment_WY,Encampment_WY,2019,melt_sum_APE__Qmean_meltseason2_APE,0.4549407355062782,WUS
Encampment_WY,Encampment_WY,Encampment_WY,2019,SWE_NSE__NSE_meltseason2,-0.28146344368762627,WUS
Encampment_WY,Encampment_WY,Encampment_WY,2019,SWE_NSE__KGE_meltseason2,-0.45876262022934866,WUS
Encampment_WY,Encampment_WY,Encampment_WY,2019,SWE_NSE__Qmean_meltseason2_APE,0.45408325466315813,WUS
Encampment_WY,Encampment_WY,Encampment_WY,2020,SWE_melt_NSE__NSE_meltseason2,-0.3915173330784931,WUS
Encampment_WY,Encampment_WY,Encampment_WY,2020,SWE_melt_NSE__KGE_meltseason2,-0.3776994950032361,WUS
Encampment_WY,Encampment_WY,Encampment_WY,2020,SWE_melt_NSE__Qmean_meltseason2_APE,0.1665861539001356,WUS
Encampment_WY,Encampment_WY,Encampment_WY,2020,melt_sum_APE__NSE_meltseason2,-0.42962286070577743,WUS
Encampment_WY,Encampment_WY,Encampment_WY,2020,melt_sum_APE__KGE_meltseason2,-0.6340600447624607,WUS
Encampment_WY,Encampment_WY,Encampment_WY,2020,melt_sum_APE__Qmean_meltseason2_APE,-0.0034537203269027804,WUS
Encampment_WY,Encampment_WY,Encampment_WY,2020,SWE_NSE__NSE_meltseason2,-0.0848242273916934,WUS
Encampment_WY,Encampment_WY,Encampment_WY,2020,SWE_NSE__KGE_meltseason2,-0.7044765096863617,WUS
Encampment_WY,Encampment_WY,Encampment_WY,2020,SWE_NSE__Qmean_meltseason2_APE,0.7149946529134577,WUS
Encampment_WY,Encampment_WY,Encampment_WY,2021,SWE_melt_NSE__NSE_meltseason2,-0.22330938108235612,WUS
Encampment_WY,Encampment_WY,Encampment_WY,2021,SWE_melt_NSE__KGE_meltseason2,-0.20118743806216097,WUS
Encampment_WY,Encampment_WY,Encampment_WY,2021,SWE_melt_NSE__Qmean_meltseason2_APE,0.16697249897721875,WUS
Encampment_WY,Encampment_WY,Encampment_WY,2021,melt_sum_APE__NSE_meltseason2,-0.8717135081510299,WUS
Encampment_WY,Encampment_WY,Encampment_WY,2021,melt_sum_APE__KGE_meltseason2,-0.4368010992699058,WUS
Encampment_WY,Encampment_WY,Encampment_WY,2021,melt_sum_APE__Qmean_meltseason2_APE,-0.2819466258821401,WUS
Encampment_WY,Encampment_WY,Encampment_WY,2021,SWE_NSE__NSE_meltseason2,0.06004738366993889,WUS
Encampment_WY,Encampment_WY,Encampment_WY,2021,SWE_NSE__KGE_meltseason2,0.03914385867125107,WUS
Encampment_WY,Encampment_WY,Encampment_WY,2021,SWE_NSE__Qmean_meltseason2_APE,0.6478882559550532,WUS
Encampment_WY,Encampment_WY,Encampment_WY,2022,SWE_melt_NSE__NSE_meltseason2,-0.1225666422062554,WUS
Encampment_WY,Encampment_WY,Encampment_WY,2022,SWE_melt_NSE__KGE_meltseason2,0.03243362614058306,WUS
Encampment_WY,Encampment_WY,Encampment_WY,2022,SWE_melt_NSE__Qmean_meltseason2_APE,0.3218616862224383,WUS
Encampment_WY,Encampment_WY,Encampment_WY,2022,melt_sum_APE__NSE_meltseason2,-0.4144923660621222,WUS
Encampment_WY,Encampment_WY,Encampment_WY,2022,melt_sum_APE__KGE_meltseason2,-0.24919805076999021,WUS
Encampment_WY,Encampment_WY,Encampment_WY,2022,melt_sum_APE__Qmean_meltseason2_APE,0.04437154921208539,WUS
Encampment_WY,Encampment_WY,Encampment_WY,2022,SWE_NSE__NSE_meltseason2,-0.03986901723999023,WUS
Encampment_WY,Encampment_WY,Encampment_WY,2022,SWE_NSE__KGE_meltseason2,-0.3407437169315297,WUS
Encampment_WY,Encampment_WY,Encampment_WY,2022,SWE_NSE__Qmean_meltseason2_APE,0.5562555322664638,WUS
Fraser_CO,Fraser_CO,Fraser_CO,2001,SWE_melt_NSE__NSE_meltseason2,-0.003902694104600136,WUS
Fraser_CO,Fraser_CO,Fraser_CO,2001,SWE_melt_NSE__KGE_meltseason2,0.06132331714321375,WUS
Fraser_CO,Fraser_CO,Fraser_CO,2001,SWE_melt_NSE__Qmean_meltseason2_APE,0.5740019485211154,WUS
Fraser_CO,Fraser_CO,Fraser_CO,2001,melt_sum_APE__NSE_meltseason2,-0.5004539642415557,WUS
Fraser_CO,Fraser_CO,Fraser_CO,2001,melt_sum_APE__KGE_meltseason2,-0.30012791650630155,WUS
Fraser_CO,Fraser_CO,Fraser_CO,2001,melt_sum_APE__Qmean_meltseason2_APE,0.00048258740737288974,WUS
Fraser_CO,Fraser_CO,Fraser_CO,2001,SWE_NSE__NSE_meltseason2,0.1964609890014964,WUS
Fraser_CO,Fraser_CO,Fraser_CO,2001,SWE_NSE__KGE_meltseason2,0.05265335097591949,WUS
Fraser_CO,Fraser_CO,Fraser_CO,2001,SWE_NSE__Qmean_meltseason2_APE,0.19244649911441483,WUS
Fraser_CO,Fraser_CO,Fraser_CO,2002,SWE_melt_NSE__NSE_meltseason2,-0.0022377777728276992,WUS
Fraser_CO,Fraser_CO,Fraser_CO,2002,SWE_melt_NSE__KGE_meltseason2,-0.09760789265381972,WUS
Fraser_CO,Fraser_CO,Fraser_CO,2002,SWE_melt_NSE__Qmean_meltseason2_APE,0.2750868747476449,WUS
Fraser_CO,Fraser_CO,Fraser_CO,2002,melt_sum_APE__NSE_meltseason2,-0.8330786634021322,WUS
Fraser_CO,Fraser_CO,Fraser_CO,2002,melt_sum_APE__KGE_meltseason2,-0.7613573626442499,WUS
Fraser_CO,Fraser_CO,Fraser_CO,2002,melt_sum_APE__Qmean_meltseason2_APE,-0.058468858253694724,WUS
Fraser_CO,Fraser_CO,Fraser_CO,2002,SWE_NSE__NSE_meltseason2,-0.1788272575113915,WUS
Fraser_CO,Fraser_CO,Fraser_CO,2002,SWE_NSE__KGE_meltseason2,0.01652049016847698,WUS
Fraser_CO,Fraser_CO,Fraser_CO,2002,SWE_NSE__Qmean_meltseason2_APE,0.3390490297964022,WUS
Fraser_CO,Fraser_CO,Fraser_CO,2003,SWE_melt_NSE__NSE_meltseason2,0.03804146835696317,WUS
Fraser_CO,Fraser_CO,Fraser_CO,2003,SWE_melt_NSE__KGE_meltseason2,-0.04279213537173106,WUS
Fraser_CO,Fraser_CO,Fraser_CO,2003,SWE_melt_NSE__Qmean_meltseason2_APE,0.8248647812819037,WUS
Fraser_CO,Fraser_CO,Fraser_CO,2003,melt_sum_APE__NSE_meltseason2,-0.7426536031214739,WUS
Fraser_CO,Fraser_CO,Fraser_CO,2003,melt_sum_APE__KGE_meltseason2,-0.425076689443628,WUS
Fraser_CO,Fraser_CO,Fraser_CO,2003,melt_sum_APE__Qmean_meltseason2_APE,-0.01957553833676085,WUS
Fraser_CO,Fraser_CO,Fraser_CO,2003,SWE_NSE__NSE_meltseason2,0.29144175194515926,WUS
Fraser_CO,Fraser_CO,Fraser_CO,2003,SWE_NSE__KGE_meltseason2,0.1937245355616962,WUS
Fraser_CO,Fraser_CO,Fraser_CO,2003,SWE_NSE__Qmean_meltseason2_APE,0.4804460004003759,WUS
Fraser_CO,Fraser_CO,Fraser_CO,2004,SWE_melt_NSE__NSE_meltseason2,0.20919364453096478,WUS
Fraser_CO,Fraser_CO,Fraser_CO,2004,SWE_melt_NSE__KGE_meltseason2,0.027580491076680848,WUS
Fraser_CO,Fraser_CO,Fraser_CO,2004,SWE_melt_NSE__Qmean_meltseason2_APE,0.5305003078314994,WUS
Fraser_CO,Fraser_CO,Fraser_CO,2004,melt_sum_APE__NSE_meltseason2,-0.5399224467018613,WUS
Fraser_CO,Fraser_CO,Fraser_CO,2004,melt_sum_APE__KGE_meltseason2,-0.47777942831415365,WUS
Fraser_CO,Fraser_CO,Fraser_CO,2004,melt_sum_APE__Qmean_meltseason2_APE,0.24343068712552918,WUS
Fraser_CO,Fraser_CO,Fraser_CO,2004,SWE_NSE__NSE_meltseason2,0.21285240041290301,WUS
Fraser_CO,Fraser_CO,Fraser_CO,2004,SWE_NSE__KGE_meltseason2,0.09499651393574692,WUS
Fraser_CO,Fraser_CO,Fraser_CO,2004,SWE_NSE__Qmean_meltseason2_APE,0.7284590145657259,WUS
Fraser_CO,Fraser_CO,Fraser_CO,2005,SWE_melt_NSE__NSE_meltseason2,0.2983412745697466,WUS
Fraser_CO,Fraser_CO,Fraser_CO,2005,SWE_melt_NSE__KGE_meltseason2,0.287143673351885,WUS
Fraser_CO,Fraser_CO,Fraser_CO,2005,SWE_melt_NSE__Qmean_meltseason2_APE,0.7649402217432504,WUS
Fraser_CO,Fraser_CO,Fraser_CO,2005,melt_sum_APE__NSE_meltseason2,-1.077300331543616,WUS
Fraser_CO,Fraser_CO,Fraser_CO,2005,melt_sum_APE__KGE_meltseason2,-0.9521972458344391,WUS
Fraser_CO,Fraser_CO,Fraser_CO,2005,melt_sum_APE__Qmean_meltseason2_APE,0.24424555369453255,WUS
Fraser_CO,Fraser_CO,Fraser_CO,2005,SWE_NSE__NSE_meltseason2,0.24284868147868316,WUS
Fraser_CO,Fraser_CO,Fraser_CO,2005,SWE_NSE__KGE_meltseason2,-0.06514990992920991,WUS
Fraser_CO,Fraser_CO,Fraser_CO,2005,SWE_NSE__Qmean_meltseason2_APE,0.6131212336651939,WUS
Fraser_CO,Fraser_CO,Fraser_CO,2006,SWE_melt_NSE__NSE_meltseason2,0.11212663056185372,WUS
Fraser_CO,Fraser_CO,Fraser_CO,2006,SWE_melt_NSE__KGE_meltseason2,-0.046887406304494256,WUS
Fraser_CO,Fraser_CO,Fraser_CO,2006,SWE_melt_NSE__Qmean_meltseason2_APE,0.3746569748697892,WUS
Fraser_CO,Fraser_CO,Fraser_CO,2006,melt_sum_APE__NSE_meltseason2,-0.7399767490627249,WUS
Fraser_CO,Fraser_CO,Fraser_CO,2006,melt_sum_APE__KGE_meltseason2,-0.537124534681398,WUS
Fraser_CO,Fraser_CO,Fraser_CO,2006,melt_sum_APE__Qmean_meltseason2_APE,-0.22014495002750759,WUS
Fraser_CO,Fraser_CO,Fraser_CO,2006,SWE_NSE__NSE_meltseason2,-0.0009711848504680157,WUS
Fraser_CO,Fraser_CO,Fraser_CO,2006,SWE_NSE__KGE_meltseason2,0.18212499169876134,WUS
Fraser_CO,Fraser_CO,Fraser_CO,2006,SWE_NSE__Qmean_meltseason2_APE,0.23719046283607437,WUS
Fraser_CO,Fraser_CO,Fraser_CO,2007,SWE_melt_NSE__NSE_meltseason2,0.1452437064181554,WUS
Fraser_CO,Fraser_CO,Fraser_CO,2007,SWE_melt_NSE__KGE_meltseason2,-0.06341655596794557,WUS
Fraser_CO,Fraser_CO,Fraser_CO,2007,SWE_melt_NSE__Qmean_meltseason2_APE,0.49417466389647235,WUS
Fraser_CO,Fraser_CO,Fraser_CO,2007,melt_sum_APE__NSE_meltseason2,-0.9500817049546948,WUS
Fraser_CO,Fraser_CO,Fraser_CO,2007,melt_sum_APE__KGE_meltseason2,-0.9268495324315452,WUS
Fraser_CO,Fraser_CO,Fraser_CO,2007,melt_sum_APE__Qmean_meltseason2_APE,-0.14261041418302373,WUS
Fraser_CO,Fraser_CO,Fraser_CO,2007,SWE_NSE__NSE_meltseason2,0.05873248507095582,WUS
Fraser_CO,Fraser_CO,Fraser_CO,2007,SWE_NSE__KGE_meltseason2,-0.06076062669362101,WUS
Fraser_CO,Fraser_CO,Fraser_CO,2007,SWE_NSE__Qmean_meltseason2_APE,0.48785756439022976,WUS
Fraser_CO,Fraser_CO,Fraser_CO,2008,SWE_melt_NSE__NSE_meltseason2,0.09608064881896956,WUS
Fraser_CO,Fraser_CO,Fraser_CO,2008,SWE_melt_NSE__KGE_meltseason2,0.22416634810793576,WUS
Fraser_CO,Fraser_CO,Fraser_CO,2008,SWE_melt_NSE__Qmean_meltseason2_APE,0.7206769287393751,WUS
Fraser_CO,Fraser_CO,Fraser_CO,2008,melt_sum_APE__NSE_meltseason2,-0.8505277044689301,WUS
Fraser_CO,Fraser_CO,Fraser_CO,2008,melt_sum_APE__KGE_meltseason2,-0.6465514236634139,WUS
Fraser_CO,Fraser_CO,Fraser_CO,2008,melt_sum_APE__Qmean_meltseason2_APE,0.018110261681306687,WUS
Fraser_CO,Fraser_CO,Fraser_CO,2008,SWE_NSE__NSE_meltseason2,0.25835534306769165,WUS
Fraser_CO,Fraser_CO,Fraser_CO,2008,SWE_NSE__KGE_meltseason2,0.128554567022452,WUS
Fraser_CO,Fraser_CO,Fraser_CO,2008,SWE_NSE__Qmean_meltseason2_APE,0.5705977574876968,WUS
Fraser_CO,Fraser_CO,Fraser_CO,2009,SWE_melt_NSE__NSE_meltseason2,-0.15443675853023606,WUS
Fraser_CO,Fraser_CO,Fraser_CO,2009,SWE_melt_NSE__KGE_meltseason2,0.10892300633555344,WUS
Fraser_CO,Fraser_CO,Fraser_CO,2009,SWE_melt_NSE__Qmean_meltseason2_APE,0.44938197136751257,WUS
Fraser_CO,Fraser_CO,Fraser_CO,2009,melt_sum_APE__NSE_meltseason2,-0.48664013562679037,WUS
Fraser_CO,Fraser_CO,Fraser_CO,2009,melt_sum_APE__KGE_meltseason2,-0.49208709114664817,WUS
Fraser_CO,Fraser_CO,Fraser_CO,2009,melt_sum_APE__Qmean_meltseason2_APE,-0.018189371782295002,WUS
Fraser_CO,Fraser_CO,Fraser_CO,2009,SWE_NSE__NSE_meltseason2,0.34857889510699036,WUS
Fraser_CO,Fraser_CO,Fraser_CO,2009,SWE_NSE__KGE_meltseason2,-0.0003750669567175605,WUS
Fraser_CO,Fraser_CO,Fraser_CO,2009,SWE_NSE__Qmean_meltseason2_APE,0.4751455781691746,WUS
Fraser_CO,Fraser_CO,Fraser_CO,2010,SWE_melt_NSE__NSE_meltseason2,0.09410128826753335,WUS
Fraser_CO,Fraser_CO,Fraser_CO,2010,SWE_melt_NSE__KGE_meltseason2,-0.0671347463380912,WUS
Fraser_CO,Fraser_CO,Fraser_CO,2010,SWE_melt_NSE__Qmean_meltseason2_APE,0.5550042215798334,WUS
Fraser_CO,Fraser_CO,Fraser_CO,2010,melt_sum_APE__NSE_meltseason2,-0.7766968526502773,WUS
Fraser_CO,Fraser_CO,Fraser_CO,2010,melt_sum_APE__KGE_meltseason2,-0.8006473790830768,WUS
Fraser_CO,Fraser_CO,Fraser_CO,2010,melt_sum_APE__Qmean_meltseason2_APE,0.06093562092941257,WUS
Fraser_CO,Fraser_CO,Fraser_CO,2010,SWE_NSE__NSE_meltseason2,0.0885057748267412,WUS
Fraser_CO,Fraser_CO,Fraser_CO,2010,SWE_NSE__KGE_meltseason2,-0.10485610166336337,WUS
Fraser_CO,Fraser_CO,Fraser_CO,2010,SWE_NSE__Qmean_meltseason2_APE,0.4184875488486102,WUS
Fraser_CO,Fraser_CO,Fraser_CO,2011,SWE_melt_NSE__NSE_meltseason2,-0.07281695299802761,WUS
Fraser_CO,Fraser_CO,Fraser_CO,2011,SWE_melt_NSE__KGE_meltseason2,0.04933668604975184,WUS
Fraser_CO,Fraser_CO,Fraser_CO,2011,SWE_melt_NSE__Qmean_meltseason2_APE,0.635075726292994,WUS
Fraser_CO,Fraser_CO,Fraser_CO,2011,melt_sum_APE__NSE_meltseason2,-0.8380052661076176,WUS
Fraser_CO,Fraser_CO,Fraser_CO,2011,melt_sum_APE__KGE_meltseason2,-0.45483668131507665,WUS
Fraser_CO,Fraser_CO,Fraser_CO,2011,melt_sum_APE__Qmean_meltseason2_APE,-0.16029809434568276,WUS
Fraser_CO,Fraser_CO,Fraser_CO,2011,SWE_NSE__NSE_meltseason2,0.04508788952853788,WUS
Fraser_CO,Fraser_CO,Fraser_CO,2011,SWE_NSE__KGE_meltseason2,0.02401842493923561,WUS
Fraser_CO,Fraser_CO,Fraser_CO,2011,SWE_NSE__Qmean_meltseason2_APE,0.2005775734822969,WUS
Fraser_CO,Fraser_CO,Fraser_CO,2012,SWE_melt_NSE__NSE_meltseason2,-0.12618604551123822,WUS
Fraser_CO,Fraser_CO,Fraser_CO,2012,SWE_melt_NSE__KGE_meltseason2,0.013595631990113106,WUS
Fraser_CO,Fraser_CO,Fraser_CO,2012,SWE_melt_NSE__Qmean_meltseason2_APE,0.579427465000476,WUS
Fraser_CO,Fraser_CO,Fraser_CO,2012,melt_sum_APE__NSE_meltseason2,-0.9177520738734751,WUS
Fraser_CO,Fraser_CO,Fraser_CO,2012,melt_sum_APE__KGE_meltseason2,-0.42314168443419814,WUS
Fraser_CO,Fraser_CO,Fraser_CO,2012,melt_sum_APE__Qmean_meltseason2_APE,-0.09657325969505298,WUS
Fraser_CO,Fraser_CO,Fraser_CO,2012,SWE_NSE__NSE_meltseason2,-0.09596259511836343,WUS
Fraser_CO,Fraser_CO,Fraser_CO,2012,SWE_NSE__KGE_meltseason2,0.009280954904269268,WUS
Fraser_CO,Fraser_CO,Fraser_CO,2012,SWE_NSE__Qmean_meltseason2_APE,0.32138978699496185,WUS
Fraser_CO,Fraser_CO,Fraser_CO,2013,SWE_melt_NSE__NSE_meltseason2,0.12994133091527066,WUS
Fraser_CO,Fraser_CO,Fraser_CO,2013,SWE_melt_NSE__KGE_meltseason2,0.031175895883177526,WUS
Fraser_CO,Fraser_CO,Fraser_CO,2013,SWE_melt_NSE__Qmean_meltseason2_APE,0.4471218593062012,WUS
Fraser_CO,Fraser_CO,Fraser_CO,2013,melt_sum_APE__NSE_meltseason2,-1.0929601111703735,WUS
Fraser_CO,Fraser_CO,Fraser_CO,2013,melt_sum_APE__KGE_meltseason2,-0.8612167751723427,WUS
Fraser_CO,Fraser_CO,Fraser_CO,2013,melt_sum_APE__Qmean_meltseason2_APE,0.09001206681588922,WUS
Fraser_CO,Fraser_CO,Fraser_CO,2013,SWE_NSE__NSE_meltseason2,0.014403065126973863,WUS
Fraser_CO,Fraser_CO,Fraser_CO,2013,SWE_NSE__KGE_meltseason2,-0.07387318552856417,WUS
Fraser_CO,Fraser_CO,Fraser_CO,2013,SWE_NSE__Qmean_meltseason2_APE,0.497307168843267,WUS
Fraser_CO,Fraser_CO,Fraser_CO,2014,SWE_melt_NSE__NSE_meltseason2,0.10929864249081171,WUS
Fraser_CO,Fraser_CO,Fraser_CO,2014,SWE_melt_NSE__KGE_meltseason2,0.0840409392690217,WUS
Fraser_CO,Fraser_CO,Fraser_CO,2014,SWE_melt_NSE__Qmean_meltseason2_APE,0.5889224314700465,WUS
Fraser_CO,Fraser_CO,Fraser_CO,2014,melt_sum_APE__NSE_meltseason2,-0.6946925862823936,WUS
Fraser_CO,Fraser_CO,Fraser_CO,2014,melt_sum_APE__KGE_meltseason2,-0.7678479145991426,WUS
Fraser_CO,Fraser_CO,Fraser_CO,2014,melt_sum_APE__Qmean_meltseason2_APE,-0.1406372489433609,WUS
Fraser_CO,Fraser_CO,Fraser_CO,2014,SWE_NSE__NSE_meltseason2,0.3157457375316488,WUS
Fraser_CO,Fraser_CO,Fraser_CO,2014,SWE_NSE__KGE_meltseason2,-0.020801318722272102,WUS
Fraser_CO,Fraser_CO,Fraser_CO,2014,SWE_NSE__Qmean_meltseason2_APE,0.33559545573862176,WUS
Fraser_CO,Fraser_CO,Fraser_CO,2015,SWE_melt_NSE__NSE_meltseason2,-0.2089468902714964,WUS
Fraser_CO,Fraser_CO,Fraser_CO,2015,SWE_melt_NSE__KGE_meltseason2,-0.0657719790629075,WUS
Fraser_CO,Fraser_CO,Fraser_CO,2015,SWE_melt_NSE__Qmean_meltseason2_APE,0.8029573415854019,WUS
Fraser_CO,Fraser_CO,Fraser_CO,2015,melt_sum_APE__NSE_meltseason2,-0.6124149703438679,WUS
Fraser_CO,Fraser_CO,Fraser_CO,2015,melt_sum_APE__KGE_meltseason2,-0.45103399899803037,WUS
Fraser_CO,Fraser_CO,Fraser_CO,2015,melt_sum_APE__Qmean_meltseason2_APE,0.094558406274961,WUS
Fraser_CO,Fraser_CO,Fraser_CO,2015,SWE_NSE__NSE_meltseason2,0.23616779998111193,WUS
Fraser_CO,Fraser_CO,Fraser_CO,2015,SWE_NSE__KGE_meltseason2,-0.21226820406274058,WUS
Fraser_CO,Fraser_CO,Fraser_CO,2015,SWE_NSE__Qmean_meltseason2_APE,0.3347712484855953,WUS
Fraser_CO,Fraser_CO,Fraser_CO,2016,SWE_melt_NSE__NSE_meltseason2,-0.046817221519706374,WUS
Fraser_CO,Fraser_CO,Fraser_CO,2016,SWE_melt_NSE__KGE_meltseason2,0.08236556193007646,WUS
Fraser_CO,Fraser_CO,Fraser_CO,2016,SWE_melt_NSE__Qmean_meltseason2_APE,0.7522535679371131,WUS
Fraser_CO,Fraser_CO,Fraser_CO,2016,melt_sum_APE__NSE_meltseason2,-0.9798097506031133,WUS
Fraser_CO,Fraser_CO,Fraser_CO,2016,melt_sum_APE__KGE_meltseason2,-0.7079445313899162,WUS
Fraser_CO,Fraser_CO,Fraser_CO,2016,melt_sum_APE__Qmean_meltseason2_APE,-0.04501461164143946,WUS
Fraser_CO,Fraser_CO,Fraser_CO,2016,SWE_NSE__NSE_meltseason2,0.13307682833266657,WUS
Fraser_CO,Fraser_CO,Fraser_CO,2016,SWE_NSE__KGE_meltseason2,-0.1176950426697546,WUS
Fraser_CO,Fraser_CO,Fraser_CO,2016,SWE_NSE__Qmean_meltseason2_APE,0.47474100875271563,WUS
Fraser_CO,Fraser_CO,Fraser_CO,2017,SWE_melt_NSE__NSE_meltseason2,0.09202098861681757,WUS
Fraser_CO,Fraser_CO,Fraser_CO,2017,SWE_melt_NSE__KGE_meltseason2,0.14726210952466154,WUS
Fraser_CO,Fraser_CO,Fraser_CO,2017,SWE_melt_NSE__Qmean_meltseason2_APE,0.7250652720753621,WUS
Fraser_CO,Fraser_CO,Fraser_CO,2017,melt_sum_APE__NSE_meltseason2,-0.6188116311146781,WUS
Fraser_CO,Fraser_CO,Fraser_CO,2017,melt_sum_APE__KGE_meltseason2,-0.14154650718943115,WUS
Fraser_CO,Fraser_CO,Fraser_CO,2017,melt_sum_APE__Qmean_meltseason2_APE,-0.04520026645965033,WUS
Fraser_CO,Fraser_CO,Fraser_CO,2017,SWE_NSE__NSE_meltseason2,-0.14127494528172302,WUS
Fraser_CO,Fraser_CO,Fraser_CO,2017,SWE_NSE__KGE_meltseason2,-0.029204191133387455,WUS
Fraser_CO,Fraser_CO,Fraser_CO,2017,SWE_NSE__Qmean_meltseason2_APE,0.46743636402782573,WUS
Fraser_CO,Fraser_CO,Fraser_CO,2018,SWE_melt_NSE__NSE_meltseason2,-0.12199052437861047,WUS
Fraser_CO,Fraser_CO,Fraser_CO,2018,SWE_melt_NSE__KGE_meltseason2,0.06921744184874536,WUS
Fraser_CO,Fraser_CO,Fraser_CO,2018,SWE_melt_NSE__Qmean_meltseason2_APE,0.2966136314632015,WUS
Fraser_CO,Fraser_CO,Fraser_CO,2018,melt_sum_APE__NSE_meltseason2,-0.8322120696099151,WUS
Fraser_CO,Fraser_CO,Fraser_CO,2018,melt_sum_APE__KGE_meltseason2,-0.6489604990093851,WUS
Fraser_CO,Fraser_CO,Fraser_CO,2018,melt_sum_APE__Qmean_meltseason2_APE,-0.12930819684637107,WUS
Fraser_CO,Fraser_CO,Fraser_CO,2018,SWE_NSE__NSE_meltseason2,-0.061768269551024164,WUS
Fraser_CO,Fraser_CO,Fraser_CO,2018,SWE_NSE__KGE_meltseason2,0.10345134861294046,WUS
Fraser_CO,Fraser_CO,Fraser_CO,2018,SWE_NSE__Qmean_meltseason2_APE,0.20104751893809295,WUS
Fraser_CO,Fraser_CO,Fraser_CO,2019,SWE_melt_NSE__NSE_meltseason2,0.028794590909768148,WUS
Fraser_CO,Fraser_CO,Fraser_CO,2019,SWE_melt_NSE__KGE_meltseason2,-0.11850126432587794,WUS
Fraser_CO,Fraser_CO,Fraser_CO,2019,SWE_melt_NSE__Qmean_meltseason2_APE,0.4081268076892585,WUS
Fraser_CO,Fraser_CO,Fraser_CO,2019,melt_sum_APE__NSE_meltseason2,-0.7925380979434801,WUS
Fraser_CO,Fraser_CO,Fraser_CO,2019,melt_sum_APE__KGE_meltseason2,-0.44325169158186273,WUS
Fraser_CO,Fraser_CO,Fraser_CO,2019,melt_sum_APE__Qmean_meltseason2_APE,0.1726898044601661,WUS
Fraser_CO,Fraser_CO,Fraser_CO,2019,SWE_NSE__NSE_meltseason2,0.012357206519983045,WUS
Fraser_CO,Fraser_CO,Fraser_CO,2019,SWE_NSE__KGE_meltseason2,-0.0642936767961584,WUS
Fraser_CO,Fraser_CO,Fraser_CO,2019,SWE_NSE__Qmean_meltseason2_APE,0.27429474605015103,WUS
Fraser_CO,Fraser_CO,Fraser_CO,2020,SWE_melt_NSE__NSE_meltseason2,-0.08915038681712775,WUS
Fraser_CO,Fraser_CO,Fraser_CO,2020,SWE_melt_NSE__KGE_meltseason2,-0.4671260104272977,WUS
Fraser_CO,Fraser_CO,Fraser_CO,2020,SWE_melt_NSE__Qmean_meltseason2_APE,0.4815840401857767,WUS
Fraser_CO,Fraser_CO,Fraser_CO,2020,melt_sum_APE__NSE_meltseason2,-0.6914579483710859,WUS
Fraser_CO,Fraser_CO,Fraser_CO,2020,melt_sum_APE__KGE_meltseason2,-0.5498342773175542,WUS
Fraser_CO,Fraser_CO,Fraser_CO,2020,melt_sum_APE__Qmean_meltseason2_APE,0.14342571819745709,WUS
Fraser_CO,Fraser_CO,Fraser_CO,2020,SWE_NSE__NSE_meltseason2,-0.016038210091771414,WUS
Fraser_CO,Fraser_CO,Fraser_CO,2020,SWE_NSE__KGE_meltseason2,0.12945628011570562,WUS
Fraser_CO,Fraser_CO,Fraser_CO,2020,SWE_NSE__Qmean_meltseason2_APE,0.4127057979530374,WUS
Fraser_CO,Fraser_CO,Fraser_CO,2021,SWE_melt_NSE__NSE_meltseason2,0.019522558264818433,WUS
Fraser_CO,Fraser_CO,Fraser_CO,2021,SWE_melt_NSE__KGE_meltseason2,-0.21904852241013573,WUS
Fraser_CO,Fraser_CO,Fraser_CO,2021,SWE_melt_NSE__Qmean_meltseason2_APE,0.41125280625341587,WUS
Fraser_CO,Fraser_CO,Fraser_CO,2021,melt_sum_APE__NSE_meltseason2,-0.5066273383092036,WUS
Fraser_CO,Fraser_CO,Fraser_CO,2021,melt_sum_APE__KGE_meltseason2,-0.17145881934639412,WUS
Fraser_CO,Fraser_CO,Fraser_CO,2021,melt_sum_APE__Qmean_meltseason2_APE,-0.09337800433160415,WUS
Fraser_CO,Fraser_CO,Fraser_CO,2021,SWE_NSE__NSE_meltseason2,0.5051323758331867,WUS
Fraser_CO,Fraser_CO,Fraser_CO,2021,SWE_NSE__KGE_meltseason2,0.21988921001122336,WUS
Fraser_CO,Fraser_CO,Fraser_CO,2021,SWE_NSE__Qmean_meltseason2_APE,0.2537964192952799,WUS
Fraser_CO,Fraser_CO,Fraser_CO,2022,SWE_melt_NSE__NSE_meltseason2,-0.004739864767455195,WUS
Fraser_CO,Fraser_CO,Fraser_CO,2022,SWE_melt_NSE__KGE_meltseason2,-0.028348855981189063,WUS
Fraser_CO,Fraser_CO,Fraser_CO,2022,SWE_melt_NSE__Qmean_meltseason2_APE,0.6368447912104147,WUS
Fraser_CO,Fraser_CO,Fraser_CO,2022,melt_sum_APE__NSE_meltseason2,-0.9058520921573661,WUS
Fraser_CO,Fraser_CO,Fraser_CO,2022,melt_sum_APE__KGE_meltseason2,-0.13394528648214246,WUS
Fraser_CO,Fraser_CO,Fraser_CO,2022,melt_sum_APE__Qmean_meltseason2_APE,-0.06485114434996789,WUS
Fraser_CO,Fraser_CO,Fraser_CO,2022,SWE_NSE__NSE_meltseason2,-0.19294651231404225,WUS
Fraser_CO,Fraser_CO,Fraser_CO,2022,SWE_NSE__KGE_meltseason2,0.24999099130628977,WUS
Fraser_CO,Fraser_CO,Fraser_CO,2022,SWE_NSE__Qmean_meltseason2_APE,0.48331995007568374,WUS
Halfmoon_CO,Halfmoon_CO,Halfmoon_CO,2001,SWE_melt_NSE__NSE_meltseason2,0.04016827080374844,WUS
Halfmoon_CO,Halfmoon_CO,Halfmoon_CO,2001,SWE_melt_NSE__KGE_meltseason2,0.2222065669025821,WUS
Halfmoon_CO,Halfmoon_CO,Halfmoon_CO,2001,SWE_melt_NSE__Qmean_meltseason2_APE,0.7761957511900176,WUS
Halfmoon_CO,Halfmoon_CO,Halfmoon_CO,2001,melt_sum_APE__NSE_meltseason2,-0.7246855321375822,WUS
Halfmoon_CO,Halfmoon_CO,Halfmoon_CO,2001,melt_sum_APE__KGE_meltseason2,-0.32358066670710717,WUS
Halfmoon_CO,Halfmoon_CO,Halfmoon_CO,2001,melt_sum_APE__Qmean_meltseason2_APE,-0.05150839615591155,WUS
Halfmoon_CO,Halfmoon_CO,Halfmoon_CO,2001,SWE_NSE__NSE_meltseason2,-0.040936442104427886,WUS
Halfmoon_CO,Halfmoon_CO,Halfmoon_CO,2001,SWE_NSE__KGE_meltseason2,0.3635193379892651,WUS
Halfmoon_CO,Halfmoon_CO,Halfmoon_CO,2001,SWE_NSE__Qmean_meltseason2_APE,0.4453970828773333,WUS
Halfmoon_CO,Halfmoon_CO,Halfmoon_CO,2002,SWE_melt_NSE__NSE_meltseason2,-0.4853230212239537,WUS
Halfmoon_CO,Halfmoon_CO,Halfmoon_CO,2002,SWE_melt_NSE__KGE_meltseason2,-0.2497560245133122,WUS
Halfmoon_CO,Halfmoon_CO,Halfmoon_CO,2002,SWE_melt_NSE__Qmean_meltseason2_APE,0.18152642679018102,WUS
Halfmoon_CO,Halfmoon_CO,Halfmoon_CO,2002,melt_sum_APE__NSE_meltseason2,-0.14564301029199828,WUS
Halfmoon_CO,Halfmoon_CO,Halfmoon_CO,2002,melt_sum_APE__KGE_meltseason2,-0.06289543882004882,WUS
Halfmoon_CO,Halfmoon_CO,Halfmoon_CO,2002,melt_sum_APE__Qmean_meltseason2_APE,-0.17674686185647123,WUS
Halfmoon_CO,Halfmoon_CO,Halfmoon_CO,2002,SWE_NSE__NSE_meltseason2,0.20777790044085073,WUS
Halfmoon_CO,Halfmoon_CO,Halfmoon_CO,2002,SWE_NSE__KGE_meltseason2,0.1608754974490021,WUS
Halfmoon_CO,Halfmoon_CO,Halfmoon_CO,2002,SWE_NSE__Qmean_meltseason2_APE,0.17111849279539437,WUS
Halfmoon_CO,Halfmoon_CO,Halfmoon_CO,2003,SWE_melt_NSE__NSE_meltseason2,-0.36559366622712347,WUS
Halfmoon_CO,Halfmoon_CO,Halfmoon_CO,2003,SWE_melt_NSE__KGE_meltseason2,0.02462567392259975,WUS
Halfmoon_CO,Halfmoon_CO,Halfmoon_CO,2003,SWE_melt_NSE__Qmean_meltseason2_APE,0.5719022955466033,WUS
Halfmoon_CO,Halfmoon_CO,Halfmoon_CO,2003,melt_sum_APE__NSE_meltseason2,-0.03129022788050474,WUS
Halfmoon_CO,Halfmoon_CO,Halfmoon_CO,2003,melt_sum_APE__KGE_meltseason2,0.17234527296223573,WUS
Halfmoon_CO,Halfmoon_CO,Halfmoon_CO,2003,melt_sum_APE__Qmean_meltseason2_APE,0.16703754793056763,WUS
Halfmoon_CO,Halfmoon_CO,Halfmoon_CO,2003,SWE_NSE__NSE_meltseason2,0.116573476864239,WUS
Halfmoon_CO,Halfmoon_CO,Halfmoon_CO,2003,SWE_NSE__KGE_meltseason2,0.09536251058455877,WUS
Halfmoon_CO,Halfmoon_CO,Halfmoon_CO,2003,SWE_NSE__Qmean_meltseason2_APE,0.33926270589263924,WUS
Halfmoon_CO,Halfmoon_CO,Halfmoon_CO,2004,SWE_melt_NSE__NSE_meltseason2,-0.29279448943811615,WUS
Halfmoon_CO,Halfmoon_CO,Halfmoon_CO,2004,SWE_melt_NSE__KGE_meltseason2,0.04398032470743393,WUS
Halfmoon_CO,Halfmoon_CO,Halfmoon_CO,2004,SWE_melt_NSE__Qmean_meltseason2_APE,0.14651365267258437,WUS
Halfmoon_CO,Halfmoon_CO,Halfmoon_CO,2004,melt_sum_APE__NSE_meltseason2,-0.6519542604910286,WUS
Halfmoon_CO,Halfmoon_CO,Halfmoon_CO,2004,melt_sum_APE__KGE_meltseason2,-0.4602634935591753,WUS
Halfmoon_CO,Halfmoon_CO,Halfmoon_CO,2004,melt_sum_APE__Qmean_meltseason2_APE,0.13200245031217409,WUS
Halfmoon_CO,Halfmoon_CO,Halfmoon_CO,2004,SWE_NSE__NSE_meltseason2,-0.07626200005681762,WUS
Halfmoon_CO,Halfmoon_CO,Halfmoon_CO,2004,SWE_NSE__KGE_meltseason2,0.2277809403318091,WUS
Halfmoon_CO,Halfmoon_CO,Halfmoon_CO,2004,SWE_NSE__Qmean_meltseason2_APE,0.5659079094889945,WUS
Halfmoon_CO,Halfmoon_CO,Halfmoon_CO,2005,SWE_melt_NSE__NSE_meltseason2,-0.19305125809882628,WUS
Halfmoon_CO,Halfmoon_CO,Halfmoon_CO,2005,SWE_melt_NSE__KGE_meltseason2,-0.013155188153992112,WUS
Halfmoon_CO,Halfmoon_CO,Halfmoon_CO,2005,SWE_melt_NSE__Qmean_meltseason2_APE,0.07788144498984073,WUS
Halfmoon_CO,Halfmoon_CO,Halfmoon_CO,2005,melt_sum_APE__NSE_meltseason2,-0.20699005613200352,WUS
Halfmoon_CO,Halfmoon_CO,Halfmoon_CO,2005,melt_sum_APE__KGE_meltseason2,-0.0329622526759745,WUS
Halfmoon_CO,Halfmoon_CO,Halfmoon_CO,2005,melt_sum_APE__Qmean_meltseason2_APE,-0.01799915083875945,WUS
Halfmoon_CO,Halfmoon_CO,Halfmoon_CO,2005,SWE_NSE__NSE_meltseason2,-0.188727252561111,WUS
Halfmoon_CO,Halfmoon_CO,Halfmoon_CO,2005,SWE_NSE__KGE_meltseason2,0.04719275271112691,WUS
Halfmoon_CO,Halfmoon_CO,Halfmoon_CO,2005,SWE_NSE__Qmean_meltseason2_APE,0.18876391108593696,WUS
Halfmoon_CO,Halfmoon_CO,Halfmoon_CO,2006,SWE_melt_NSE__NSE_meltseason2,0.09885413899408313,WUS
Halfmoon_CO,Halfmoon_CO,Halfmoon_CO,2006,SWE_melt_NSE__KGE_meltseason2,0.1742272889286437,WUS
Halfmoon_CO,Halfmoon_CO,Halfmoon_CO,2006,SWE_melt_NSE__Qmean_meltseason2_APE,-0.004009344982144542,WUS
Halfmoon_CO,Halfmoon_CO,Halfmoon_CO,2006,melt_sum_APE__NSE_meltseason2,0.06995889530483515,WUS
Halfmoon_CO,Halfmoon_CO,Halfmoon_CO,2006,melt_sum_APE__KGE_meltseason2,0.036412258180704225,WUS
Halfmoon_CO,Halfmoon_CO,Halfmoon_CO,2006,melt_sum_APE__Qmean_meltseason2_APE,0.08371854208334407,WUS
Halfmoon_CO,Halfmoon_CO,Halfmoon_CO,2006,SWE_NSE__NSE_meltseason2,0.0972376092509436,WUS
Halfmoon_CO,Halfmoon_CO,Halfmoon_CO,2006,SWE_NSE__KGE_meltseason2,0.0024384270841530994,WUS
Halfmoon_CO,Halfmoon_CO,Halfmoon_CO,2006,SWE_NSE__Qmean_meltseason2_APE,0.0868415722140323,WUS
Halfmoon_CO,Halfmoon_CO,Halfmoon_CO,2007,SWE_melt_NSE__NSE_meltseason2,-0.17304839526000834,WUS
Halfmoon_CO,Halfmoon_CO,Halfmoon_CO,2007,SWE_melt_NSE__KGE_meltseason2,-0.08249229701745256,WUS
Halfmoon_CO,Halfmoon_CO,Halfmoon_CO,2007,SWE_melt_NSE__Qmean_meltseason2_APE,0.31655887284259476,WUS
Halfmoon_CO,Halfmoon_CO,Halfmoon_CO,2007,melt_sum_APE__NSE_meltseason2,-0.5603941499312445,WUS
Halfmoon_CO,Halfmoon_CO,Halfmoon_CO,2007,melt_sum_APE__KGE_meltseason2,-0.41207082120098043,WUS
Halfmoon_CO,Halfmoon_CO,Halfmoon_CO,2007,melt_sum_APE__Qmean_meltseason2_APE,-0.19881677348554874,WUS
Halfmoon_CO,Halfmoon_CO,Halfmoon_CO,2007,SWE_NSE__NSE_meltseason2,-0.23694446389475501,WUS
Halfmoon_CO,Halfmoon_CO,Halfmoon_CO,2007,SWE_NSE__KGE_meltseason2,-0.16359246754497112,WUS
Halfmoon_CO,Halfmoon_CO,Halfmoon_CO,2007,SWE_NSE__Qmean_meltseason2_APE,0.28784174598469303,WUS
Halfmoon_CO,Halfmoon_CO,Halfmoon_CO,2008,SWE_melt_NSE__NSE_meltseason2,-0.08459884304237028,WUS
Halfmoon_CO,Halfmoon_CO,Halfmoon_CO,2008,SWE_melt_NSE__KGE_meltseason2,-0.10688596138241513,WUS
Halfmoon_CO,Halfmoon_CO,Halfmoon_CO,2008,SWE_melt_NSE__Qmean_meltseason2_APE,0.5818315538137442,WUS
Halfmoon_CO,Halfmoon_CO,Halfmoon_CO,2008,melt_sum_APE__NSE_meltseason2,-0.8950412315022616,WUS
Halfmoon_CO,Halfmoon_CO,Halfmoon_CO,2008,melt_sum_APE__KGE_meltseason2,-0.8486906767250345,WUS
Halfmoon_CO,Halfmoon_CO,Halfmoon_CO,2008,melt_sum_APE__Qmean_meltseason2_APE,-0.06096400372353209,WUS
Halfmoon_CO,Halfmoon_CO,Halfmoon_CO,2008,SWE_NSE__NSE_meltseason2,-0.16749522792419758,WUS
Halfmoon_CO,Halfmoon_CO,Halfmoon_CO,2008,SWE_NSE__KGE_meltseason2,-0.2658114905043675,WUS
Halfmoon_CO,Halfmoon_CO,Halfmoon_CO,2008,SWE_NSE__Qmean_meltseason2_APE,0.4721854781057677,WUS
Halfmoon_CO,Halfmoon_CO,Halfmoon_CO,2009,SWE_melt_NSE__NSE_meltseason2,-0.19526070996524827,WUS
Halfmoon_CO,Halfmoon_CO,Halfmoon_CO,2009,SWE_melt_NSE__KGE_meltseason2,-0.31176364012488844,WUS
Halfmoon_CO,Halfmoon_CO,Halfmoon_CO,2009,SWE_melt_NSE__Qmean_meltseason2_APE,0.2908561476621909,WUS
Halfmoon_CO,Halfmoon_CO,Halfmoon_CO,2009,melt_sum_APE__NSE_meltseason2,-0.20681038283706374,WUS
Halfmoon_CO,Halfmoon_CO,Halfmoon_CO,2009,melt_sum_APE__KGE_meltseason2,-0.11117746834881223,WUS
Halfmoon_CO,Halfmoon_CO,Halfmoon_CO,2009,melt_sum_APE__Qmean_meltseason2_APE,0.09270249561967148,WUS
Halfmoon_CO,Halfmoon_CO,Halfmoon_CO,2009,SWE_NSE__NSE_meltseason2,0.001015624850735765,WUS
Halfmoon_CO,Halfmoon_CO,Halfmoon_CO,2009,SWE_NSE__KGE_meltseason2,-0.09508549958180172,WUS
Halfmoon_CO,Halfmoon_CO,Halfmoon_CO,2009,SWE_NSE__Qmean_meltseason2_APE,0.06341598521648074,WUS
Halfmoon_CO,Halfmoon_CO,Halfmoon_CO,2010,SWE_melt_NSE__NSE_meltseason2,-0.37680328079136827,WUS
Halfmoon_CO,Halfmoon_CO,Halfmoon_CO,2010,SWE_melt_NSE__KGE_meltseason2,-0.13781901634314223,WUS
Halfmoon_CO,Halfmoon_CO,Halfmoon_CO,2010,SWE_melt_NSE__Qmean_meltseason2_APE,0.10626685865133942,WUS
Halfmoon_CO,Halfmoon_CO,Halfmoon_CO,2010,melt_sum_APE__NSE_meltseason2,-0.6615747231852085,WUS
Halfmoon_CO,Halfmoon_CO,Halfmoon_CO,2010,melt_sum_APE__KGE_meltseason2,-0.4280002183491133,WUS
Halfmoon_CO,Halfmoon_CO,Halfmoon_CO,2010,melt_sum_APE__Qmean_meltseason2_APE,-0.13303133714899829,WUS
Halfmoon_CO,Halfmoon_CO,Halfmoon_CO,2010,SWE_NSE__NSE_meltseason2,-0.2070228614691145,WUS
Halfmoon_CO,Halfmoon_CO,Halfmoon_CO,2010,SWE_NSE__KGE_meltseason2,-0.053572248403478906,WUS
Halfmoon_CO,Halfmoon_CO,Halfmoon_CO,2010,SWE_NSE__Qmean_meltseason2_APE,0.2783162761256819,WUS
Halfmoon_CO,Halfmoon_CO,Halfmoon_CO,2011,SWE_melt_NSE__NSE_meltseason2,0.2561328156594346,WUS
Halfmoon_CO,Halfmoon_CO,Halfmoon_CO,2011,SWE_melt_NSE__KGE_meltseason2,0.24613107917410623,WUS
Halfmoon_CO,Halfmoon_CO,Halfmoon_CO,2011,SWE_melt_NSE__Qmean_meltseason2_APE,0.7246299998139281,WUS
Halfmoon_CO,Halfmoon_CO,Halfmoon_CO,2011,melt_sum_APE__NSE_meltseason2,-0.1768886463644816,WUS
Halfmoon_CO,Halfmoon_CO,Halfmoon_CO,2011,melt_sum_APE__KGE_meltseason2,-0.16579968179915325,WUS
Halfmoon_CO,Halfmoon_CO,Halfmoon_CO,2011,melt_sum_APE__Qmean_meltseason2_APE,-0.11168678493109106,WUS
Halfmoon_CO,Halfmoon_CO,Halfmoon_CO,2011,SWE_NSE__NSE_meltseason2,0.32734719039157895,WUS
Halfmoon_CO,Halfmoon_CO,Halfmoon_CO,2011,SWE_NSE__KGE_meltseason2,0.15050173817892012,WUS
Halfmoon_CO,Halfmoon_CO,Halfmoon_CO,2011,SWE_NSE__Qmean_meltseason2_APE,0.4433340419498661,WUS
Halfmoon_CO,Halfmoon_CO,Halfmoon_CO,2012,SWE_melt_NSE__NSE_meltseason2,-0.08303360291151608,WUS
Halfmoon_CO,Halfmoon_CO,Halfmoon_CO,2012,SWE_melt_NSE__KGE_meltseason2,-0.2031405715775777,WUS
Halfmoon_CO,Halfmoon_CO,Halfmoon_CO,2012,SWE_melt_NSE__Qmean_meltseason2_APE,0.32875418186983507,WUS
Halfmoon_CO,Halfmoon_CO,Halfmoon_CO,2012,melt_sum_APE__NSE_meltseason2,-0.5518674173011737,WUS
Halfmoon_CO,Halfmoon_CO,Halfmoon_CO,2012,melt_sum_APE__KGE_meltseason2,-0.4453791481267558,WUS
Halfmoon_CO,Halfmoon_CO,Halfmoon_CO,2012,melt_sum_APE__Qmean_meltseason2_APE,-0.08502114209733401,WUS
Halfmoon_CO,Halfmoon_CO,Halfmoon_CO,2012,SWE_NSE__NSE_meltseason2,0.405518504535052,WUS
Halfmoon_CO,Halfmoon_CO,Halfmoon_CO,2012,SWE_NSE__KGE_meltseason2,0.3450921212245732,WUS
Halfmoon_CO,Halfmoon_CO,Halfmoon_CO,2012,SWE_NSE__Qmean_meltseason2_APE,0.3120650294525556,WUS
Halfmoon_CO,Halfmoon_CO,Halfmoon_CO,2013,SWE_melt_NSE__NSE_meltseason2,-0.3393852919639085,WUS
Halfmoon_CO,Halfmoon_CO,Halfmoon_CO,2013,SWE_melt_NSE__KGE_meltseason2,-0.33120590847537323,WUS
Halfmoon_CO,Halfmoon_CO,Halfmoon_CO,2013,SWE_melt_NSE__Qmean_meltseason2_APE,0.20232653622651292,WUS
Halfmoon_CO,Halfmoon_CO,Halfmoon_CO,2013,melt_sum_APE__NSE_meltseason2,-0.06638412964736937,WUS
Halfmoon_CO,Halfmoon_CO,Halfmoon_CO,2013,melt_sum_APE__KGE_meltseason2,0.043782870553497756,WUS
Halfmoon_CO,Halfmoon_CO,Halfmoon_CO,2013,melt_sum_APE__Qmean_meltseason2_APE,0.15811946733866558,WUS
Halfmoon_CO,Halfmoon_CO,Halfmoon_CO,2013,SWE_NSE__NSE_meltseason2,-0.02767139182523593,WUS
Halfmoon_CO,Halfmoon_CO,Halfmoon_CO,2013,SWE_NSE__KGE_meltseason2,0.034765418160676624,WUS
Halfmoon_CO,Halfmoon_CO,Halfmoon_CO,2013,SWE_NSE__Qmean_meltseason2_APE,0.12537873918459955,WUS
Halfmoon_CO,Halfmoon_CO,Halfmoon_CO,2014,SWE_melt_NSE__NSE_meltseason2,-0.14062858296262074,WUS
Halfmoon_CO,Halfmoon_CO,Halfmoon_CO,2014,SWE_melt_NSE__KGE_meltseason2,0.08333259210561335,WUS
Halfmoon_CO,Halfmoon_CO,Halfmoon_CO,2014,SWE_melt_NSE__Qmean_meltseason2_APE,0.4037302483446437,WUS
Halfmoon_CO,Halfmoon_CO,Halfmoon_CO,2014,melt_sum_APE__NSE_meltseason2,-0.7670391112069903,WUS
Halfmoon_CO,Halfmoon_CO,Halfmoon_CO,2014,melt_sum_APE__KGE_meltseason2,-0.4325249260076849,WUS
Halfmoon_CO,Halfmoon_CO,Halfmoon_CO,2014,melt_sum_APE__Qmean_meltseason2_APE,-0.026792845886544348,WUS
Halfmoon_CO,Halfmoon_CO,Halfmoon_CO,2014,SWE_NSE__NSE_meltseason2,0.25144187354477865,WUS
Halfmoon_CO,Halfmoon_CO,Halfmoon_CO,2014,SWE_NSE__KGE_meltseason2,0.4134691198735263,WUS
Halfmoon_CO,Halfmoon_CO,Halfmoon_CO,2014,SWE_NSE__Qmean_meltseason2_APE,0.5003376857531776,WUS
Halfmoon_CO,Halfmoon_CO,Halfmoon_CO,2015,SWE_melt_NSE__NSE_meltseason2,-0.37172271945912744,WUS
Halfmoon_CO,Halfmoon_CO,Halfmoon_CO,2015,SWE_melt_NSE__KGE_meltseason2,-0.04840850205265139,WUS
Halfmoon_CO,Halfmoon_CO,Halfmoon_CO,2015,SWE_melt_NSE__Qmean_meltseason2_APE,0.10107975056675378,WUS
Halfmoon_CO,Halfmoon_CO,Halfmoon_CO,2015,melt_sum_APE__NSE_meltseason2,-0.5120379275482221,WUS
Halfmoon_CO,Halfmoon_CO,Halfmoon_CO,2015,melt_sum_APE__KGE_meltseason2,-0.1976951841379188,WUS
Halfmoon_CO,Halfmoon_CO,Halfmoon_CO,2015,melt_sum_APE__Qmean_meltseason2_APE,-0.1340731346717483,WUS
Halfmoon_CO,Halfmoon_CO,Halfmoon_CO,2015,SWE_NSE__NSE_meltseason2,-0.2773754289008149,WUS
Halfmoon_CO,Halfmoon_CO,Halfmoon_CO,2015,SWE_NSE__KGE_meltseason2,-0.13088385174284284,WUS
Halfmoon_CO,Halfmoon_CO,Halfmoon_CO,2015,SWE_NSE__Qmean_meltseason2_APE,0.01787256906526635,WUS
Halfmoon_CO,Halfmoon_CO,Halfmoon_CO,2016,SWE_melt_NSE__NSE_meltseason2,-0.4217225246116706,WUS
Halfmoon_CO,Halfmoon_CO,Halfmoon_CO,2016,SWE_melt_NSE__KGE_meltseason2,-0.27111482580416385,WUS
Halfmoon_CO,Halfmoon_CO,Halfmoon_CO,2016,SWE_melt_NSE__Qmean_meltseason2_APE,0.24112598239606542,WUS
Halfmoon_CO,Halfmoon_CO,Halfmoon_CO,2016,melt_sum_APE__NSE_meltseason2,-0.5826587555903693,WUS
Halfmoon_CO,Halfmoon_CO,Halfmoon_CO,2016,melt_sum_APE__KGE_meltseason2,-0.3545590991273291,WUS
Halfmoon_CO,Halfmoon_CO,Halfmoon_CO,2016,melt_sum_APE__Qmean_meltseason2_APE,-0.020598018533043008,WUS
Halfmoon_CO,Halfmoon_CO,Halfmoon_CO,2016,SWE_NSE__NSE_meltseason2,0.07780721131550235,WUS
Halfmoon_CO,Halfmoon_CO,Halfmoon_CO,2016,SWE_NSE__KGE_meltseason2,-0.04518528748406064,WUS
Halfmoon_CO,Halfmoon_CO,Halfmoon_CO,2016,SWE_NSE__Qmean_meltseason2_APE,0.31833507202842565,WUS
Halfmoon_CO,Halfmoon_CO,Halfmoon_CO,2017,SWE_melt_NSE__NSE_meltseason2,-0.11761592578435098,WUS
Halfmoon_CO,Halfmoon_CO,Halfmoon_CO,2017,SWE_melt_NSE__KGE_meltseason2,-0.14447708914248858,WUS
Halfmoon_CO,Halfmoon_CO,Halfmoon_CO,2017,SWE_melt_NSE__Qmean_meltseason2_APE,0.5954109694757784,WUS
Halfmoon_CO,Halfmoon_CO,Halfmoon_CO,2017,melt_sum_APE__NSE_meltseason2,-0.6241383901883979,WUS
Halfmoon_CO,Halfmoon_CO,Halfmoon_CO,2017,melt_sum_APE__KGE_meltseason2,-0.648256250677076,WUS
Halfmoon_CO,Halfmoon_CO,Halfmoon_CO,2017,melt_sum_APE__Qmean_meltseason2_APE,0.0020155407501844446,WUS
Halfmoon_CO,Halfmoon_CO,Halfmoon_CO,2017,SWE_NSE__NSE_meltseason2,0.17246719600476557,WUS
Halfmoon_CO,Halfmoon_CO,Halfmoon_CO,2017,SWE_NSE__KGE_meltseason2,0.050165924741036434,WUS
Halfmoon_CO,Halfmoon_CO,Halfmoon_CO,2017,SWE_NSE__Qmean_meltseason2_APE,0.5776295177030528,WUS
Halfmoon_CO,Halfmoon_CO,Halfmoon_CO,2018,SWE_melt_NSE__NSE_meltseason2,0.002127645026145436,WUS
Halfmoon_CO,Halfmoon_CO,Halfmoon_CO,2018,SWE_melt_NSE__KGE_meltseason2,-0.21924341986242288,WUS
Halfmoon_CO,Halfmoon_CO,Halfmoon_CO,2018,SWE_melt_NSE__Qmean_meltseason2_APE,0.44933215102762203,WUS
Halfmoon_CO,Halfmoon_CO,Halfmoon_CO,2018,melt_sum_APE__NSE_meltseason2,-0.598997747605823,WUS
Halfmoon_CO,Halfmoon_CO,Halfmoon_CO,2018,melt_sum_APE__KGE_meltseason2,-0.48590260648852773,WUS
Halfmoon_CO,Halfmoon_CO,Halfmoon_CO,2018,melt_sum_APE__Qmean_meltseason2_APE,0.09487083925702985,WUS
Halfmoon_CO,Halfmoon_CO,Halfmoon_CO,2018,SWE_NSE__NSE_meltseason2,-0.2809032459961445,WUS
Halfmoon_CO,Halfmoon_CO,Halfmoon_CO,2018,SWE_NSE__KGE_meltseason2,-0.32862274746137066,WUS
Halfmoon_CO,Halfmoon_CO,Halfmoon_CO,2018,SWE_NSE__Qmean_meltseason2_APE,0.46286005910003725,WUS
Halfmoon_CO,Halfmoon_CO,Halfmoon_CO,2019,SWE_melt_NSE__NSE_meltseason2,-0.15865627436858068,WUS
Halfmoon_CO,Halfmoon_CO,Halfmoon_CO,2019,SWE_melt_NSE__KGE_meltseason2,0.18570319696809848,WUS
Halfmoon_CO,Halfmoon_CO,Halfmoon_CO,2019,SWE_melt_NSE__Qmean_meltseason2_APE,0.16845541280460483,WUS
Halfmoon_CO,Halfmoon_CO,Halfmoon_CO,2019,melt_sum_APE__NSE_meltseason2,-0.7293524100563311,WUS
Halfmoon_CO,Halfmoon_CO,Halfmoon_CO,2019,melt_sum_APE__KGE_meltseason2,-0.8389410253465879,WUS
Halfmoon_CO,Halfmoon_CO,Halfmoon_CO,2019,melt_sum_APE__Qmean_meltseason2_APE,-0.00834044879261414,WUS
Halfmoon_CO,Halfmoon_CO,Halfmoon_CO,2019,SWE_NSE__NSE_meltseason2,-0.02719103245184284,WUS
Halfmoon_CO,Halfmoon_CO,Halfmoon_CO,2019,SWE_NSE__KGE_meltseason2,0.2037778202770193,WUS
Halfmoon_CO,Halfmoon_CO,Halfmoon_CO,2019,SWE_NSE__Qmean_meltseason2_APE,0.12173952111491067,WUS
Halfmoon_CO,Halfmoon_CO,Halfmoon_CO,2020,SWE_melt_NSE__NSE_meltseason2,-0.3282944966713743,WUS
Halfmoon_CO,Halfmoon_CO,Halfmoon_CO,2020,SWE_melt_NSE__KGE_meltseason2,-0.3069569685814441,WUS
Halfmoon_CO,Halfmoon_CO,Halfmoon_CO,2020,SWE_melt_NSE__Qmean_meltseason2_APE,0.2864309170754571,WUS
Halfmoon_CO,Halfmoon_CO,Halfmoon_CO,2020,melt_sum_APE__NSE_meltseason2,-0.7947457081496837,WUS
Halfmoon_CO,Halfmoon_CO,Halfmoon_CO,2020,melt_sum_APE__KGE_meltseason2,-0.6631617125715157,WUS
Halfmoon_CO,Halfmoon_CO,Halfmoon_CO,2020,melt_sum_APE__Qmean_meltseason2_APE,-0.1683463876061883,WUS
Halfmoon_CO,Halfmoon_CO,Halfmoon_CO,2020,SWE_NSE__NSE_meltseason2,-0.2641575627927309,WUS
Halfmoon_CO,Halfmoon_CO,Halfmoon_CO,2020,SWE_NSE__KGE_meltseason2,-0.3152810168358142,WUS
Halfmoon_CO,Halfmoon_CO,Halfmoon_CO,2020,SWE_NSE__Qmean_meltseason2_APE,0.24224891409897922,WUS
Halfmoon_CO,Halfmoon_CO,Halfmoon_CO,2021,SWE_melt_NSE__NSE_meltseason2,-0.2300557077224486,WUS
Halfmoon_CO,Halfmoon_CO,Halfmoon_CO,2021,SWE_melt_NSE__KGE_meltseason2,-0.24500048300353222,WUS
Halfmoon_CO,Halfmoon_CO,Halfmoon_CO,2021,SWE_melt_NSE__Qmean_meltseason2_APE,-0.22060012445322225,WUS
Halfmoon_CO,Halfmoon_CO,Halfmoon_CO,2021,melt_sum_APE__NSE_meltseason2,-0.07492762436184632,WUS
Halfmoon_CO,Halfmoon_CO,Halfmoon_CO,2021,melt_sum_APE__KGE_meltseason2,-0.12864585902616443,WUS
Halfmoon_CO,Halfmoon_CO,Halfmoon_CO,2021,melt_sum_APE__Qmean_meltseason2_APE,-0.13731969410635186,WUS
Halfmoon_CO,Halfmoon_CO,Halfmoon_CO,2021,SWE_NSE__NSE_meltseason2,-0.26403015919876804,WUS
Halfmoon_CO,Halfmoon_CO,Halfmoon_CO,2021,SWE_NSE__KGE_meltseason2,-0.2588679054566724,WUS
Halfmoon_CO,Halfmoon_CO,Halfmoon_CO,2021,SWE_NSE__Qmean_meltseason2_APE,-0.23361343933267262,WUS
Halfmoon_CO,Halfmoon_CO,Halfmoon_CO,2022,SWE_melt_NSE__NSE_meltseason2,-0.029521244267827026,WUS
Halfmoon_CO,Halfmoon_CO,Halfmoon_CO,2022,SWE_melt_NSE__KGE_meltseason2,-0.05972563523209856,WUS
Halfmoon_CO,Halfmoon_CO,Halfmoon_CO,2022,SWE_melt_NSE__Qmean_meltseason2_APE,0.659521687357647,WUS
Halfmoon_CO,Halfmoon_CO,Halfmoon_CO,2022,melt_sum_APE__NSE_meltseason2,-0.28947590881510515,WUS
Halfmoon_CO,Halfmoon_CO,Halfmoon_CO,2022,melt_sum_APE__KGE_meltseason2,-0.2742725934565735,WUS
Halfmoon_CO,Halfmoon_CO,Halfmoon_CO,2022,melt_sum_APE__Qmean_meltseason2_APE,0.08526357491387244,WUS
Halfmoon_CO,Halfmoon_CO,Halfmoon_CO,2022,SWE_NSE__NSE_meltseason2,0.18242348662518232,WUS
Halfmoon_CO,Halfmoon_CO,Halfmoon_CO,2022,SWE_NSE__KGE_meltseason2,0.07343989780962071,WUS
Halfmoon_CO,Halfmoon_CO,Halfmoon_CO,2022,SWE_NSE__Qmean_meltseason2_APE,0.5670567699716205,WUS
McKenzie_OR,McKenzie_OR,McKenzie_OR,2001,SWE_melt_NSE__NSE_meltseason2,-0.3552288732197854,WUS
McKenzie_OR,McKenzie_OR,McKenzie_OR,2001,SWE_melt_NSE__KGE_meltseason2,-0.5841069711427396,WUS
McKenzie_OR,McKenzie_OR,McKenzie_OR,2001,SWE_melt_NSE__Qmean_meltseason2_APE,0.14591627722303652,WUS
McKenzie_OR,McKenzie_OR,McKenzie_OR,2001,melt_sum_APE__NSE_meltseason2,-0.28433297192468054,WUS
McKenzie_OR,McKenzie_OR,McKenzie_OR,2001,melt_sum_APE__KGE_meltseason2,-0.2396277061080998,WUS
McKenzie_OR,McKenzie_OR,McKenzie_OR,2001,melt_sum_APE__Qmean_meltseason2_APE,0.16995301085921186,WUS
McKenzie_OR,McKenzie_OR,McKenzie_OR,2001,SWE_NSE__NSE_meltseason2,-0.3399736281977613,WUS
McKenzie_OR,McKenzie_OR,McKenzie_OR,2001,SWE_NSE__KGE_meltseason2,-0.5670067716131753,WUS
McKenzie_OR,McKenzie_OR,McKenzie_OR,2001,SWE_NSE__Qmean_meltseason2_APE,0.010087654816733101,WUS
McKenzie_OR,McKenzie_OR,McKenzie_OR,2002,SWE_melt_NSE__NSE_meltseason2,-0.44805682877264025,WUS
McKenzie_OR,McKenzie_OR,McKenzie_OR,2002,SWE_melt_NSE__KGE_meltseason2,-0.04315390323076786,WUS
McKenzie_OR,McKenzie_OR,McKenzie_OR,2002,SWE_melt_NSE__Qmean_meltseason2_APE,0.11831618939749286,WUS
McKenzie_OR,McKenzie_OR,McKenzie_OR,2002,melt_sum_APE__NSE_meltseason2,-0.14843346374015604,WUS
McKenzie_OR,McKenzie_OR,McKenzie_OR,2002,melt_sum_APE__KGE_meltseason2,0.1290870774394331,WUS
McKenzie_OR,McKenzie_OR,McKenzie_OR,2002,melt_sum_APE__Qmean_meltseason2_APE,-0.042307155278865534,WUS
McKenzie_OR,McKenzie_OR,McKenzie_OR,2002,SWE_NSE__NSE_meltseason2,-0.3290829028984363,WUS
McKenzie_OR,McKenzie_OR,McKenzie_OR,2002,SWE_NSE__KGE_meltseason2,-0.013557140084723503,WUS
McKenzie_OR,McKenzie_OR,McKenzie_OR,2002,SWE_NSE__Qmean_meltseason2_APE,0.0344609148746024,WUS
McKenzie_OR,McKenzie_OR,McKenzie_OR,2003,SWE_melt_NSE__NSE_meltseason2,-0.3049219179960245,WUS
McKenzie_OR,McKenzie_OR,McKenzie_OR,2003,SWE_melt_NSE__KGE_meltseason2,-0.18831371586485252,WUS
McKenzie_OR,McKenzie_OR,McKenzie_OR,2003,SWE_melt_NSE__Qmean_meltseason2_APE,0.12668476560718478,WUS
McKenzie_OR,McKenzie_OR,McKenzie_OR,2003,melt_sum_APE__NSE_meltseason2,-0.7029947764398541,WUS
McKenzie_OR,McKenzie_OR,McKenzie_OR,2003,melt_sum_APE__KGE_meltseason2,-0.32631819349257785,WUS
McKenzie_OR,McKenzie_OR,McKenzie_OR,2003,melt_sum_APE__Qmean_meltseason2_APE,-0.06882496473989026,WUS
McKenzie_OR,McKenzie_OR,McKenzie_OR,2003,SWE_NSE__NSE_meltseason2,-0.1719617092427123,WUS
McKenzie_OR,McKenzie_OR,McKenzie_OR,2003,SWE_NSE__KGE_meltseason2,-0.2666886393938795,WUS
McKenzie_OR,McKenzie_OR,McKenzie_OR,2003,SWE_NSE__Qmean_meltseason2_APE,0.06201102705583427,WUS
McKenzie_OR,McKenzie_OR,McKenzie_OR,2004,SWE_melt_NSE__NSE_meltseason2,-0.24772544682408498,WUS
McKenzie_OR,McKenzie_OR,McKenzie_OR,2004,SWE_melt_NSE__KGE_meltseason2,0.3082550363148005,WUS
McKenzie_OR,McKenzie_OR,McKenzie_OR,2004,SWE_melt_NSE__Qmean_meltseason2_APE,0.1737441831323661,WUS
McKenzie_OR,McKenzie_OR,McKenzie_OR,2004,melt_sum_APE__NSE_meltseason2,-0.38111537497427034,WUS
McKenzie_OR,McKenzie_OR,McKenzie_OR,2004,melt_sum_APE__KGE_meltseason2,-0.016953133281197255,WUS
McKenzie_OR,McKenzie_OR,McKenzie_OR,2004,melt_sum_APE__Qmean_meltseason2_APE,0.08328383641985657,WUS
McKenzie_OR,McKenzie_OR,McKenzie_OR,2004,SWE_NSE__NSE_meltseason2,-0.333586542882835,WUS
McKenzie_OR,McKenzie_OR,McKenzie_OR,2004,SWE_NSE__KGE_meltseason2,0.10476768995929765,WUS
McKenzie_OR,McKenzie_OR,McKenzie_OR,2004,SWE_NSE__Qmean_meltseason2_APE,-0.004774015419334362,WUS
McKenzie_OR,McKenzie_OR,McKenzie_OR,2005,SWE_melt_NSE__NSE_meltseason2,-0.49937790437649493,WUS
McKenzie_OR,McKenzie_OR,McKenzie_OR,2005,SWE_melt_NSE__KGE_meltseason2,-0.37987914349288976,WUS
McKenzie_OR,McKenzie_OR,McKenzie_OR,2005,SWE_melt_NSE__Qmean_meltseason2_APE,-0.17695681054640414,WUS
McKenzie_OR,McKenzie_OR,McKenzie_OR,2005,melt_sum_APE__NSE_meltseason2,-0.47451610156516805,WUS
McKenzie_OR,McKenzie_OR,McKenzie_OR,2005,melt_sum_APE__KGE_meltseason2,-0.41413405952429905,WUS
McKenzie_OR,McKenzie_OR,McKenzie_OR,2005,melt_sum_APE__Qmean_meltseason2_APE,-0.20287141696800085,WUS
McKenzie_OR,McKenzie_OR,McKenzie_OR,2005,SWE_NSE__NSE_meltseason2,-0.4749749500648219,WUS
McKenzie_OR,McKenzie_OR,McKenzie_OR,2005,SWE_NSE__KGE_meltseason2,-0.4920879482007598,WUS
McKenzie_OR,McKenzie_OR,McKenzie_OR,2005,SWE_NSE__Qmean_meltseason2_APE,-0.35843151415568214,WUS
McKenzie_OR,McKenzie_OR,McKenzie_OR,2006,SWE_melt_NSE__NSE_meltseason2,-0.5087399951651688,WUS
McKenzie_OR,McKenzie_OR,McKenzie_OR,2006,SWE_melt_NSE__KGE_meltseason2,-0.5054933464114801,WUS
McKenzie_OR,McKenzie_OR,McKenzie_OR,2006,SWE_melt_NSE__Qmean_meltseason2_APE,-0.11326534264265038,WUS
McKenzie_OR,McKenzie_OR,McKenzie_OR,2006,melt_sum_APE__NSE_meltseason2,-0.5570379253695457,WUS
McKenzie_OR,McKenzie_OR,McKenzie_OR,2006,melt_sum_APE__KGE_meltseason2,-0.4355593774598936,WUS
McKenzie_OR,McKenzie_OR,McKenzie_OR,2006,melt_sum_APE__Qmean_meltseason2_APE,-0.3090263189534337,WUS
McKenzie_OR,McKenzie_OR,McKenzie_OR,2006,SWE_NSE__NSE_meltseason2,-0.6449894388041979,WUS
McKenzie_OR,McKenzie_OR,McKenzie_OR,2006,SWE_NSE__KGE_meltseason2,-0.5652816989659148,WUS
McKenzie_OR,McKenzie_OR,McKenzie_OR,2006,SWE_NSE__Qmean_meltseason2_APE,-0.19670108777479944,WUS
McKenzie_OR,McKenzie_OR,McKenzie_OR,2007,SWE_melt_NSE__NSE_meltseason2,-0.683729351956573,WUS
McKenzie_OR,McKenzie_OR,McKenzie_OR,2007,SWE_melt_NSE__KGE_meltseason2,-0.5881107134295469,WUS
McKenzie_OR,McKenzie_OR,McKenzie_OR,2007,SWE_melt_NSE__Qmean_meltseason2_APE,0.11500330113715446,WUS
McKenzie_OR,McKenzie_OR,McKenzie_OR,2007,melt_sum_APE__NSE_meltseason2,-0.37602207122803183,WUS
McKenzie_OR,McKenzie_OR,McKenzie_OR,2007,melt_sum_APE__KGE_meltseason2,-0.2618139161160917,WUS
McKenzie_OR,McKenzie_OR,McKenzie_OR,2007,melt_sum_APE__Qmean_meltseason2_APE,0.00507353714852569,WUS
McKenzie_OR,McKenzie_OR,McKenzie_OR,2007,SWE_NSE__NSE_meltseason2,-0.7169798323431993,WUS
McKenzie_OR,McKenzie_OR,McKenzie_OR,2007,SWE_NSE__KGE_meltseason2,-0.5746981501669217,WUS
McKenzie_OR,McKenzie_OR,McKenzie_OR,2007,SWE_NSE__Qmean_meltseason2_APE,0.048920757309207905,WUS
McKenzie_OR,McKenzie_OR,McKenzie_OR,2008,SWE_melt_NSE__NSE_meltseason2,-0.28443447743491923,WUS
McKenzie_OR,McKenzie_OR,McKenzie_OR,2008,SWE_melt_NSE__KGE_meltseason2,0.10531155202720194,WUS
McKenzie_OR,McKenzie_OR,McKenzie_OR,2008,SWE_melt_NSE__Qmean_meltseason2_APE,0.1711349536232463,WUS
McKenzie_OR,McKenzie_OR,McKenzie_OR,2008,melt_sum_APE__NSE_meltseason2,-0.25156070895900523,WUS
McKenzie_OR,McKenzie_OR,McKenzie_OR,2008,melt_sum_APE__KGE_meltseason2,-0.18620206742328532,WUS
McKenzie_OR,McKenzie_OR,McKenzie_OR,2008,melt_sum_APE__Qmean_meltseason2_APE,0.050775818774605165,WUS
McKenzie_OR,McKenzie_OR,McKenzie_OR,2008,SWE_NSE__NSE_meltseason2,-0.2123765857584026,WUS
McKenzie_OR,McKenzie_OR,McKenzie_OR,2008,SWE_NSE__KGE_meltseason2,0.0968012926595128,WUS
McKenzie_OR,McKenzie_OR,McKenzie_OR,2008,SWE_NSE__Qmean_meltseason2_APE,0.38196667522169475,WUS
McKenzie_OR,McKenzie_OR,McKenzie_OR,2009,SWE_melt_NSE__NSE_meltseason2,-0.3363448676562364,WUS
McKenzie_OR,McKenzie_OR,McKenzie_OR,2009,SWE_melt_NSE__KGE_meltseason2,-0.020691826598738004,WUS
McKenzie_OR,McKenzie_OR,McKenzie_OR,2009,SWE_melt_NSE__Qmean_meltseason2_APE,-0.060891070412532895,WUS
McKenzie_OR,McKenzie_OR,McKenzie_OR,2009,melt_sum_APE__NSE_meltseason2,-0.25216362589877633,WUS
McKenzie_OR,McKenzie_OR,McKenzie_OR,2009,melt_sum_APE__KGE_meltseason2,0.018137427155799444,WUS
McKenzie_OR,McKenzie_OR,McKenzie_OR,2009,melt_sum_APE__Qmean_meltseason2_APE,0.019750805399454435,WUS
McKenzie_OR,McKenzie_OR,McKenzie_OR,2009,SWE_NSE__NSE_meltseason2,-0.15174907547786687,WUS
McKenzie_OR,McKenzie_OR,McKenzie_OR,2009,SWE_NSE__KGE_meltseason2,-0.07169182305651814,WUS
McKenzie_OR,McKenzie_OR,McKenzie_OR,2009,SWE_NSE__Qmean_meltseason2_APE,-0.010015822787718743,WUS
McKenzie_OR,McKenzie_OR,McKenzie_OR,2010,SWE_melt_NSE__NSE_meltseason2,-0.5943901530958969,WUS
McKenzie_OR,McKenzie_OR,McKenzie_OR,2010,SWE_melt_NSE__KGE_meltseason2,-0.5680871401478653,WUS
McKenzie_OR,McKenzie_OR,McKenzie_OR,2010,SWE_melt_NSE__Qmean_meltseason2_APE,-0.09700061430363324,WUS
McKenzie_OR,McKenzie_OR,McKenzie_OR,2010,melt_sum_APE__NSE_meltseason2,-0.42406413709174773,WUS
McKenzie_OR,McKenzie_OR,McKenzie_OR,2010,melt_sum_APE__KGE_meltseason2,-0.471526272462038,WUS
McKenzie_OR,McKenzie_OR,McKenzie_OR,2010,melt_sum_APE__Qmean_meltseason2_APE,-0.07371351148396317,WUS
McKenzie_OR,McKenzie_OR,McKenzie_OR,2010,SWE_NSE__NSE_meltseason2,-0.4301535487181077,WUS
McKenzie_OR,McKenzie_OR,McKenzie_OR,2010,SWE_NSE__KGE_meltseason2,-0.45153410632723606,WUS
McKenzie_OR,McKenzie_OR,McKenzie_OR,2010,SWE_NSE__Qmean_meltseason2_APE,-0.14058580563678913,WUS
McKenzie_OR,McKenzie_OR,McKenzie_OR,2011,SWE_melt_NSE__NSE_meltseason2,-0.57358713593066,WUS
McKenzie_OR,McKenzie_OR,McKenzie_OR,2011,SWE_melt_NSE__KGE_meltseason2,-0.4728688941380153,WUS
McKenzie_OR,McKenzie_OR,McKenzie_OR,2011,SWE_melt_NSE__Qmean_meltseason2_APE,0.03878762043627379,WUS
McKenzie_OR,McKenzie_OR,McKenzie_OR,2011,melt_sum_APE__NSE_meltseason2,-0.4252114904728876,WUS
McKenzie_OR,McKenzie_OR,McKenzie_OR,2011,melt_sum_APE__KGE_meltseason2,-0.41978789883224893,WUS
McKenzie_OR,McKenzie_OR,McKenzie_OR,2011,melt_sum_APE__Qmean_meltseason2_APE,-0.06501397970939045,WUS
McKenzie_OR,McKenzie_OR,McKenzie_OR,2011,SWE_NSE__NSE_meltseason2,-0.18774423486545314,WUS
McKenzie_OR,McKenzie_OR,McKenzie_OR,2011,SWE_NSE__KGE_meltseason2,-0.2337931662785623,WUS
McKenzie_OR,McKenzie_OR,McKenzie_OR,2011,SWE_NSE__Qmean_meltseason2_APE,-0.05284039015683655,WUS
McKenzie_OR,McKenzie_OR,McKenzie_OR,2012,SWE_melt_NSE__NSE_meltseason2,-0.15251803336454145,WUS
McKenzie_OR,McKenzie_OR,McKenzie_OR,2012,SWE_melt_NSE__KGE_meltseason2,-0.08709566062379805,WUS
McKenzie_OR,McKenzie_OR,McKenzie_OR,2012,SWE_melt_NSE__Qmean_meltseason2_APE,-0.07362106514925681,WUS
McKenzie_OR,McKenzie_OR,McKenzie_OR,2012,melt_sum_APE__NSE_meltseason2,-0.40194945729712905,WUS
McKenzie_OR,McKenzie_OR,McKenzie_OR,2012,melt_sum_APE__KGE_meltseason2,-0.3037126280243218,WUS
McKenzie_OR,McKenzie_OR,McKenzie_OR,2012,melt_sum_APE__Qmean_meltseason2_APE,0.13141053602241418,WUS
McKenzie_OR,McKenzie_OR,McKenzie_OR,2012,SWE_NSE__NSE_meltseason2,-0.28653723499817674,WUS
McKenzie_OR,McKenzie_OR,McKenzie_OR,2012,SWE_NSE__KGE_meltseason2,-0.16412391633824108,WUS
McKenzie_OR,McKenzie_OR,McKenzie_OR,2012,SWE_NSE__Qmean_meltseason2_APE,-0.1974576364793571,WUS
McKenzie_OR,McKenzie_OR,McKenzie_OR,2013,SWE_melt_NSE__NSE_meltseason2,-0.5155308775479351,WUS
McKenzie_OR,McKenzie_OR,McKenzie_OR,2013,SWE_melt_NSE__KGE_meltseason2,-0.0624007026473217,WUS
McKenzie_OR,McKenzie_OR,McKenzie_OR,2013,SWE_melt_NSE__Qmean_meltseason2_APE,-0.04634672082301656,WUS
McKenzie_OR,McKenzie_OR,McKenzie_OR,2013,melt_sum_APE__NSE_meltseason2,-0.5840068836491299,WUS
McKenzie_OR,McKenzie_OR,McKenzie_OR,2013,melt_sum_APE__KGE_meltseason2,-0.021460004226264793,WUS
McKenzie_OR,McKenzie_OR,McKenzie_OR,2013,melt_sum_APE__Qmean_meltseason2_APE,-0.2566963735404645,WUS
McKenzie_OR,McKenzie_OR,McKenzie_OR,2013,SWE_NSE__NSE_meltseason2,-0.6374575921130127,WUS
McKenzie_OR,McKenzie_OR,McKenzie_OR,2013,SWE_NSE__KGE_meltseason2,-0.1972286376566293,WUS
McKenzie_OR,McKenzie_OR,McKenzie_OR,2013,SWE_NSE__Qmean_meltseason2_APE,-0.06475055698149579,WUS
McKenzie_OR,McKenzie_OR,McKenzie_OR,2014,SWE_melt_NSE__NSE_meltseason2,-0.6263084783951489,WUS
McKenzie_OR,McKenzie_OR,McKenzie_OR,2014,SWE_melt_NSE__KGE_meltseason2,-0.0001380635477286932,WUS
McKenzie_OR,McKenzie_OR,McKenzie_OR,2014,SWE_melt_NSE__Qmean_meltseason2_APE,0.2128213655577637,WUS
McKenzie_OR,McKenzie_OR,McKenzie_OR,2014,melt_sum_APE__NSE_meltseason2,-0.5694963186506976,WUS
McKenzie_OR,McKenzie_OR,McKenzie_OR,2014,melt_sum_APE__KGE_meltseason2,-0.20294367931568172,WUS
McKenzie_OR,McKenzie_OR,McKenzie_OR,2014,melt_sum_APE__Qmean_meltseason2_APE,-0.04456828426973982,WUS
McKenzie_OR,McKenzie_OR,McKenzie_OR,2014,SWE_NSE__NSE_meltseason2,-0.4970975145090802,WUS
McKenzie_OR,McKenzie_OR,McKenzie_OR,2014,SWE_NSE__KGE_meltseason2,-0.0036372665713912213,WUS
McKenzie_OR,McKenzie_OR,McKenzie_OR,2014,SWE_NSE__Qmean_meltseason2_APE,0.21856132771217096,WUS
McKenzie_OR,McKenzie_OR,McKenzie_OR,2015,SWE_melt_NSE__NSE_meltseason2,0.052200011496697236,WUS
McKenzie_OR,McKenzie_OR,McKenzie_OR,2015,SWE_melt_NSE__KGE_meltseason2,0.21183537780905798,WUS
McKenzie_OR,McKenzie_OR,McKenzie_OR,2015,SWE_melt_NSE__Qmean_meltseason2_APE,0.1604840802550688,WUS
McKenzie_OR,McKenzie_OR,McKenzie_OR,2015,melt_sum_APE__NSE_meltseason2,0.0695351532711825,WUS
McKenzie_OR,McKenzie_OR,McKenzie_OR,2015,melt_sum_APE__KGE_meltseason2,0.14440140715778502,WUS
McKenzie_OR,McKenzie_OR,McKenzie_OR,2015,melt_sum_APE__Qmean_meltseason2_APE,0.10382039749364642,WUS
McKenzie_OR,McKenzie_OR,McKenzie_OR,2015,SWE_NSE__NSE_meltseason2,0.028362724746940994,WUS
McKenzie_OR,McKenzie_OR,McKenzie_OR,2015,SWE_NSE__KGE_meltseason2,0.18485340045410348,WUS
McKenzie_OR,McKenzie_OR,McKenzie_OR,2015,SWE_NSE__Qmean_meltseason2_APE,0.12089904118960958,WUS
McKenzie_OR,McKenzie_OR,McKenzie_OR,2016,SWE_melt_NSE__NSE_meltseason2,-0.8042256567698134,WUS
McKenzie_OR,McKenzie_OR,McKenzie_OR,2016,SWE_melt_NSE__KGE_meltseason2,-0.40851261961453517,WUS
McKenzie_OR,McKenzie_OR,McKenzie_OR,2016,SWE_melt_NSE__Qmean_meltseason2_APE,-0.22840598184654926,WUS
McKenzie_OR,McKenzie_OR,McKenzie_OR,2016,melt_sum_APE__NSE_meltseason2,-0.7690398110455243,WUS
McKenzie_OR,McKenzie_OR,McKenzie_OR,2016,melt_sum_APE__KGE_meltseason2,-0.46623472937816696,WUS
McKenzie_OR,McKenzie_OR,McKenzie_OR,2016,melt_sum_APE__Qmean_meltseason2_APE,-0.07602826279075926,WUS
McKenzie_OR,McKenzie_OR,McKenzie_OR,2016,SWE_NSE__NSE_meltseason2,-0.45474888489849424,WUS
McKenzie_OR,McKenzie_OR,McKenzie_OR,2016,SWE_NSE__KGE_meltseason2,-0.2357853113260527,WUS
McKenzie_OR,McKenzie_OR,McKenzie_OR,2016,SWE_NSE__Qmean_meltseason2_APE,-0.06004687134934791,WUS
McKenzie_OR,McKenzie_OR,McKenzie_OR,2017,SWE_melt_NSE__NSE_meltseason2,-0.4298265177911433,WUS
McKenzie_OR,McKenzie_OR,McKenzie_OR,2017,SWE_melt_NSE__KGE_meltseason2,-0.17652429030946068,WUS
McKenzie_OR,McKenzie_OR,McKenzie_OR,2017,SWE_melt_NSE__Qmean_meltseason2_APE,0.30267315933194827,WUS
McKenzie_OR,McKenzie_OR,McKenzie_OR,2017,melt_sum_APE__NSE_meltseason2,-0.5228257410682243,WUS
McKenzie_OR,McKenzie_OR,McKenzie_OR,2017,melt_sum_APE__KGE_meltseason2,-0.36762591987878745,WUS
McKenzie_OR,McKenzie_OR,McKenzie_OR,2017,melt_sum_APE__Qmean_meltseason2_APE,-0.0697507129277196,WUS
McKenzie_OR,McKenzie_OR,McKenzie_OR,2017,SWE_NSE__NSE_meltseason2,-0.27312806756872804,WUS
McKenzie_OR,McKenzie_OR,McKenzie_OR,2017,SWE_NSE__KGE_meltseason2,-0.2828683041502727,WUS
McKenzie_OR,McKenzie_OR,McKenzie_OR,2017,SWE_NSE__Qmean_meltseason2_APE,0.3657094632857307,WUS
McKenzie_OR,McKenzie_OR,McKenzie_OR,2018,SWE_melt_NSE__NSE_meltseason2,-0.40829834382249824,WUS
McKenzie_OR,McKenzie_OR,McKenzie_OR,2018,SWE_melt_NSE__KGE_meltseason2,-0.226104490902437,WUS
McKenzie_OR,McKenzie_OR,McKenzie_OR,2018,SWE_melt_NSE__Qmean_meltseason2_APE,0.33316255489351587,WUS
McKenzie_OR,McKenzie_OR,McKenzie_OR,2018,melt_sum_APE__NSE_meltseason2,-0.3982802854879956,WUS
McKenzie_OR,McKenzie_OR,McKenzie_OR,2018,melt_sum_APE__KGE_meltseason2,-0.20508677152469382,WUS
McKenzie_OR,McKenzie_OR,McKenzie_OR,2018,melt_sum_APE__Qmean_meltseason2_APE,0.22650431848872005,WUS
McKenzie_OR,McKenzie_OR,McKenzie_OR,2018,SWE_NSE__NSE_meltseason2,-0.5087591637318849,WUS
McKenzie_OR,McKenzie_OR,McKenzie_OR,2018,SWE_NSE__KGE_meltseason2,-0.4502607160363219,WUS
McKenzie_OR,McKenzie_OR,McKenzie_OR,2018,SWE_NSE__Qmean_meltseason2_APE,0.18370442845610654,WUS
McKenzie_OR,McKenzie_OR,McKenzie_OR,2019,SWE_melt_NSE__NSE_meltseason2,-0.4821602516160928,WUS
McKenzie_OR,McKenzie_OR,McKenzie_OR,2019,SWE_melt_NSE__KGE_meltseason2,-0.3541041407833191,WUS
McKenzie_OR,McKenzie_OR,McKenzie_OR,2019,SWE_melt_NSE__Qmean_meltseason2_APE,0.2479341945823555,WUS
McKenzie_OR,McKenzie_OR,McKenzie_OR,2019,melt_sum_APE__NSE_meltseason2,-0.6814571902972761,WUS
McKenzie_OR,McKenzie_OR,McKenzie_OR,2019,melt_sum_APE__KGE_meltseason2,-0.6106758904298168,WUS
McKenzie_OR,McKenzie_OR,McKenzie_OR,2019,melt_sum_APE__Qmean_meltseason2_APE,0.18314667475485008,WUS
McKenzie_OR,McKenzie_OR,McKenzie_OR,2019,SWE_NSE__NSE_meltseason2,-0.5481964601798099,WUS
McKenzie_OR,McKenzie_OR,McKenzie_OR,2019,SWE_NSE__KGE_meltseason2,-0.4319418593895347,WUS
McKenzie_OR,McKenzie_OR,McKenzie_OR,2019,SWE_NSE__Qmean_meltseason2_APE,0.16984336641380632,WUS
McKenzie_OR,McKenzie_OR,McKenzie_OR,2020,SWE_melt_NSE__NSE_meltseason2,-0.7493909955630806,WUS
McKenzie_OR,McKenzie_OR,McKenzie_OR,2020,SWE_melt_NSE__KGE_meltseason2,-0.4102012803433989,WUS
McKenzie_OR,McKenzie_OR,McKenzie_OR,2020,SWE_melt_NSE__Qmean_meltseason2_APE,-0.15148368040481558,WUS
McKenzie_OR,McKenzie_OR,McKenzie_OR,2020,melt_sum_APE__NSE_meltseason2,-0.5707507956408988,WUS
McKenzie_OR,McKenzie_OR,McKenzie_OR,2020,melt_sum_APE__KGE_meltseason2,-0.3803919008883597,WUS
McKenzie_OR,McKenzie_OR,McKenzie_OR,2020,melt_sum_APE__Qmean_meltseason2_APE,0.025913180399221518,WUS
McKenzie_OR,McKenzie_OR,McKenzie_OR,2020,SWE_NSE__NSE_meltseason2,-0.37224881668476195,WUS
McKenzie_OR,McKenzie_OR,McKenzie_OR,2020,SWE_NSE__KGE_meltseason2,-0.14469581872338388,WUS
McKenzie_OR,McKenzie_OR,McKenzie_OR,2020,SWE_NSE__Qmean_meltseason2_APE,0.02478374797249176,WUS
McKenzie_OR,McKenzie_OR,McKenzie_OR,2021,SWE_melt_NSE__NSE_meltseason2,-0.7741028876437792,WUS
McKenzie_OR,McKenzie_OR,McKenzie_OR,2021,SWE_melt_NSE__KGE_meltseason2,-0.7452898583908238,WUS
McKenzie_OR,McKenzie_OR,McKenzie_OR,2021,SWE_melt_NSE__Qmean_meltseason2_APE,-0.10958755353939606,WUS
McKenzie_OR,McKenzie_OR,McKenzie_OR,2021,melt_sum_APE__NSE_meltseason2,-0.4688087557198246,WUS
McKenzie_OR,McKenzie_OR,McKenzie_OR,2021,melt_sum_APE__KGE_meltseason2,-0.5028627421705565,WUS
McKenzie_OR,McKenzie_OR,McKenzie_OR,2021,melt_sum_APE__Qmean_meltseason2_APE,-0.12703520582783798,WUS
McKenzie_OR,McKenzie_OR,McKenzie_OR,2021,SWE_NSE__NSE_meltseason2,-0.6918281457963111,WUS
McKenzie_OR,McKenzie_OR,McKenzie_OR,2021,SWE_NSE__KGE_meltseason2,-0.5026419244439497,WUS
McKenzie_OR,McKenzie_OR,McKenzie_OR,2021,SWE_NSE__Qmean_meltseason2_APE,-0.16873974419450155,WUS
McKenzie_OR,McKenzie_OR,McKenzie_OR,2022,SWE_melt_NSE__NSE_meltseason2,-0.9692993601041678,WUS
McKenzie_OR,McKenzie_OR,McKenzie_OR,2022,SWE_melt_NSE__KGE_meltseason2,-0.7286720539763374,WUS
McKenzie_OR,McKenzie_OR,McKenzie_OR,2022,SWE_melt_NSE__Qmean_meltseason2_APE,-0.3161849232050135,WUS
McKenzie_OR,McKenzie_OR,McKenzie_OR,2022,melt_sum_APE__NSE_meltseason2,-0.43690663357047976,WUS
McKenzie_OR,McKenzie_OR,McKenzie_OR,2022,melt_sum_APE__KGE_meltseason2,-0.13222299462109868,WUS
McKenzie_OR,McKenzie_OR,McKenzie_OR,2022,melt_sum_APE__Qmean_meltseason2_APE,-0.11582444241383213,WUS
McKenzie_OR,McKenzie_OR,McKenzie_OR,2022,SWE_NSE__NSE_meltseason2,-0.8615698898078804,WUS
McKenzie_OR,McKenzie_OR,McKenzie_OR,2022,SWE_NSE__KGE_meltseason2,-0.6430020267751929,WUS
McKenzie_OR,McKenzie_OR,McKenzie_OR,2022,SWE_NSE__Qmean_meltseason2_APE,-0.43670111566702075,WUS
Merced_CA,Merced_CA,Merced_CA,2001,SWE_melt_NSE__NSE_meltseason2,0.1369944271002167,WUS
Merced_CA,Merced_CA,Merced_CA,2001,SWE_melt_NSE__KGE_meltseason2,-0.12493575177323105,WUS
Merced_CA,Merced_CA,Merced_CA,2001,SWE_melt_NSE__Qmean_meltseason2_APE,0.2130558157472378,WUS
Merced_CA,Merced_CA,Merced_CA,2001,melt_sum_APE__NSE_meltseason2,-0.8100047867424089,WUS
Merced_CA,Merced_CA,Merced_CA,2001,melt_sum_APE__KGE_meltseason2,-0.554860468931737,WUS
Merced_CA,Merced_CA,Merced_CA,2001,melt_sum_APE__Qmean_meltseason2_APE,-0.028281122040910187,WUS
Merced_CA,Merced_CA,Merced_CA,2001,SWE_NSE__NSE_meltseason2,0.02915789641424429,WUS
Merced_CA,Merced_CA,Merced_CA,2001,SWE_NSE__KGE_meltseason2,0.13959746009171925,WUS
Merced_CA,Merced_CA,Merced_CA,2001,SWE_NSE__Qmean_meltseason2_APE,0.5139159085628601,WUS
Merced_CA,Merced_CA,Merced_CA,2002,SWE_melt_NSE__NSE_meltseason2,0.10601048018010435,WUS
Merced_CA,Merced_CA,Merced_CA,2002,SWE_melt_NSE__KGE_meltseason2,-0.11207405989035522,WUS
Merced_CA,Merced_CA,Merced_CA,2002,SWE_melt_NSE__Qmean_meltseason2_APE,0.30023656944723376,WUS
Merced_CA,Merced_CA,Merced_CA,2002,melt_sum_APE__NSE_meltseason2,-0.9129688552984017,WUS
Merced_CA,Merced_CA,Merced_CA,2002,melt_sum_APE__KGE_meltseason2,-0.3430599641241922,WUS
Merced_CA,Merced_CA,Merced_CA,2002,melt_sum_APE__Qmean_meltseason2_APE,0.007848956598514784,WUS
Merced_CA,Merced_CA,Merced_CA,2002,SWE_NSE__NSE_meltseason2,0.22190967244759052,WUS
Merced_CA,Merced_CA,Merced_CA,2002,SWE_NSE__KGE_meltseason2,0.2165203144808766,WUS
Merced_CA,Merced_CA,Merced_CA,2002,SWE_NSE__Qmean_meltseason2_APE,0.17745026843533954,WUS
Merced_CA,Merced_CA,Merced_CA,2003,SWE_melt_NSE__NSE_meltseason2,0.10612273202573243,WUS
Merced_CA,Merced_CA,Merced_CA,2003,SWE_melt_NSE__KGE_meltseason2,-0.21828981865234545,WUS
Merced_CA,Merced_CA,Merced_CA,2003,SWE_melt_NSE__Qmean_meltseason2_APE,0.1941192172497965,WUS
Merced_CA,Merced_CA,Merced_CA,2003,melt_sum_APE__NSE_meltseason2,-0.5761337413464189,WUS
Merced_CA,Merced_CA,Merced_CA,2003,melt_sum_APE__KGE_meltseason2,-0.14585973037724784,WUS
Merced_CA,Merced_CA,Merced_CA,2003,melt_sum_APE__Qmean_meltseason2_APE,0.048647792106960505,WUS
Merced_CA,Merced_CA,Merced_CA,2003,SWE_NSE__NSE_meltseason2,-0.18246562716595024,WUS
Merced_CA,Merced_CA,Merced_CA,2003,SWE_NSE__KGE_meltseason2,0.05424304478398691,WUS
Merced_CA,Merced_CA,Merced_CA,2003,SWE_NSE__Qmean_meltseason2_APE,0.2281182830828946,WUS
Merced_CA,Merced_CA,Merced_CA,2004,SWE_melt_NSE__NSE_meltseason2,0.04795154886254687,WUS
Merced_CA,Merced_CA,Merced_CA,2004,SWE_melt_NSE__KGE_meltseason2,0.20711556075072915,WUS
Merced_CA,Merced_CA,Merced_CA,2004,SWE_melt_NSE__Qmean_meltseason2_APE,0.548223404277268,WUS
Merced_CA,Merced_CA,Merced_CA,2004,melt_sum_APE__NSE_meltseason2,-0.6708101505780283,WUS
Merced_CA,Merced_CA,Merced_CA,2004,melt_sum_APE__KGE_meltseason2,-0.9959751525504074,WUS
Merced_CA,Merced_CA,Merced_CA,2004,melt_sum_APE__Qmean_meltseason2_APE,0.04492074650096423,WUS
Merced_CA,Merced_CA,Merced_CA,2004,SWE_NSE__NSE_meltseason2,0.09334774538269457,WUS
Merced_CA,Merced_CA,Merced_CA,2004,SWE_NSE__KGE_meltseason2,-0.023068848420285386,WUS
Merced_CA,Merced_CA,Merced_CA,2004,SWE_NSE__Qmean_meltseason2_APE,0.3337099543472769,WUS
Merced_CA,Merced_CA,Merced_CA,2005,SWE_melt_NSE__NSE_meltseason2,0.02148825904443564,WUS
Merced_CA,Merced_CA,Merced_CA,2005,SWE_melt_NSE__KGE_meltseason2,-0.0767621807174152,WUS
Merced_CA,Merced_CA,Merced_CA,2005,SWE_melt_NSE__Qmean_meltseason2_APE,0.6639555450509715,WUS
Merced_CA,Merced_CA,Merced_CA,2005,melt_sum_APE__NSE_meltseason2,-0.8897385789144528,WUS
Merced_CA,Merced_CA,Merced_CA,2005,melt_sum_APE__KGE_meltseason2,-0.7182881951046749,WUS
Merced_CA,Merced_CA,Merced_CA,2005,melt_sum_APE__Qmean_meltseason2_APE,0.10731302414263377,WUS
Merced_CA,Merced_CA,Merced_CA,2005,SWE_NSE__NSE_meltseason2,-0.29674953189136577,WUS
Merced_CA,Merced_CA,Merced_CA,2005,SWE_NSE__KGE_meltseason2,0.021949393945419657,WUS
Merced_CA,Merced_CA,Merced_CA,2005,SWE_NSE__Qmean_meltseason2_APE,0.19098605486492234,WUS
Merced_CA,Merced_CA,Merced_CA,2006,SWE_melt_NSE__NSE_meltseason2,0.14470161593770828,WUS
Merced_CA,Merced_CA,Merced_CA,2006,SWE_melt_NSE__KGE_meltseason2,0.1068780013986618,WUS
Merced_CA,Merced_CA,Merced_CA,2006,SWE_melt_NSE__Qmean_meltseason2_APE,0.5925784250419959,WUS
Merced_CA,Merced_CA,Merced_CA,2006,melt_sum_APE__NSE_meltseason2,-0.784781611551288,WUS
Merced_CA,Merced_CA,Merced_CA,2006,melt_sum_APE__KGE_meltseason2,-0.7109111314805527,WUS
Merced_CA,Merced_CA,Merced_CA,2006,melt_sum_APE__Qmean_meltseason2_APE,-0.0033763063406193933,WUS
Merced_CA,Merced_CA,Merced_CA,2006,SWE_NSE__NSE_meltseason2,-0.07942679323763857,WUS
Merced_CA,Merced_CA,Merced_CA,2006,SWE_NSE__KGE_meltseason2,-0.044136871009664465,WUS
Merced_CA,Merced_CA,Merced_CA,2006,SWE_NSE__Qmean_meltseason2_APE,0.3041642817936487,WUS
Merced_CA,Merced_CA,Merced_CA,2007,SWE_melt_NSE__NSE_meltseason2,0.2449576274546655,WUS
Merced_CA,Merced_CA,Merced_CA,2007,SWE_melt_NSE__KGE_meltseason2,-0.12060737521028918,WUS
Merced_CA,Merced_CA,Merced_CA,2007,SWE_melt_NSE__Qmean_meltseason2_APE,0.3667724205884657,WUS
Merced_CA,Merced_CA,Merced_CA,2007,melt_sum_APE__NSE_meltseason2,-1.023077407158966,WUS
Merced_CA,Merced_CA,Merced_CA,2007,melt_sum_APE__KGE_meltseason2,-1.1410468704776635,WUS
Merced_CA,Merced_CA,Merced_CA,2007,melt_sum_APE__Qmean_meltseason2_APE,-0.05067943079421172,WUS
Merced_CA,Merced_CA,Merced_CA,2007,SWE_NSE__NSE_meltseason2,-0.41746342055146074,WUS
Merced_CA,Merced_CA,Merced_CA,2007,SWE_NSE__KGE_meltseason2,-0.25157044812032076,WUS
Merced_CA,Merced_CA,Merced_CA,2007,SWE_NSE__Qmean_meltseason2_APE,0.48161653512765046,WUS
Merced_CA,Merced_CA,Merced_CA,2008,SWE_melt_NSE__NSE_meltseason2,-0.049141005572610835,WUS
Merced_CA,Merced_CA,Merced_CA,2008,SWE_melt_NSE__KGE_meltseason2,0.18691605660901445,WUS
Merced_CA,Merced_CA,Merced_CA,2008,SWE_melt_NSE__Qmean_meltseason2_APE,0.338822284314292,WUS
Merced_CA,Merced_CA,Merced_CA,2008,melt_sum_APE__NSE_meltseason2,-0.3718056099564242,WUS
Merced_CA,Merced_CA,Merced_CA,2008,melt_sum_APE__KGE_meltseason2,-0.31471225165262273,WUS
Merced_CA,Merced_CA,Merced_CA,2008,melt_sum_APE__Qmean_meltseason2_APE,0.1373910372939198,WUS
Merced_CA,Merced_CA,Merced_CA,2008,SWE_NSE__NSE_meltseason2,-0.03214104323899401,WUS
Merced_CA,Merced_CA,Merced_CA,2008,SWE_NSE__KGE_meltseason2,-0.14166114922359094,WUS
Merced_CA,Merced_CA,Merced_CA,2008,SWE_NSE__Qmean_meltseason2_APE,0.32825653122374726,WUS
Merced_CA,Merced_CA,Merced_CA,2009,SWE_melt_NSE__NSE_meltseason2,-0.009200441056945214,WUS
Merced_CA,Merced_CA,Merced_CA,2009,SWE_melt_NSE__KGE_meltseason2,-0.028715378699005017,WUS
Merced_CA,Merced_CA,Merced_CA,2009,SWE_melt_NSE__Qmean_meltseason2_APE,0.44593754783903683,WUS
Merced_CA,Merced_CA,Merced_CA,2009,melt_sum_APE__NSE_meltseason2,-0.6170154268619346,WUS
Merced_CA,Merced_CA,Merced_CA,2009,melt_sum_APE__KGE_meltseason2,-0.37605442072229794,WUS
Merced_CA,Merced_CA,Merced_CA,2009,melt_sum_APE__Qmean_meltseason2_APE,0.023905041692687576,WUS
Merced_CA,Merced_CA,Merced_CA,2009,SWE_NSE__NSE_meltseason2,-0.2746163782450774,WUS
Merced_CA,Merced_CA,Merced_CA,2009,SWE_NSE__KGE_meltseason2,-0.1947713790507838,WUS
Merced_CA,Merced_CA,Merced_CA,2009,SWE_NSE__Qmean_meltseason2_APE,0.2788635070823706,WUS
Merced_CA,Merced_CA,Merced_CA,2010,SWE_melt_NSE__NSE_meltseason2,-0.14355574045336947,WUS
Merced_CA,Merced_CA,Merced_CA,2010,SWE_melt_NSE__KGE_meltseason2,-0.1172038118455279,WUS
Merced_CA,Merced_CA,Merced_CA,2010,SWE_melt_NSE__Qmean_meltseason2_APE,0.5110629004484959,WUS
Merced_CA,Merced_CA,Merced_CA,2010,melt_sum_APE__NSE_meltseason2,-0.4203961566129601,WUS
Merced_CA,Merced_CA,Merced_CA,2010,melt_sum_APE__KGE_meltseason2,-0.3690410598847838,WUS
Merced_CA,Merced_CA,Merced_CA,2010,melt_sum_APE__Qmean_meltseason2_APE,0.005765022819762211,WUS
Merced_CA,Merced_CA,Merced_CA,2010,SWE_NSE__NSE_meltseason2,0.16831574858065543,WUS
Merced_CA,Merced_CA,Merced_CA,2010,SWE_NSE__KGE_meltseason2,-0.0014994233543260233,WUS
Merced_CA,Merced_CA,Merced_CA,2010,SWE_NSE__Qmean_meltseason2_APE,0.39677260442826007,WUS
Merced_CA,Merced_CA,Merced_CA,2011,SWE_melt_NSE__NSE_meltseason2,0.03780203271238447,WUS
Merced_CA,Merced_CA,Merced_CA,2011,SWE_melt_NSE__KGE_meltseason2,0.1988154848949862,WUS
Merced_CA,Merced_CA,Merced_CA,2011,SWE_melt_NSE__Qmean_meltseason2_APE,0.5306623684835208,WUS
Merced_CA,Merced_CA,Merced_CA,2011,melt_sum_APE__NSE_meltseason2,-0.48733037018408154,WUS
Merced_CA,Merced_CA,Merced_CA,2011,melt_sum_APE__KGE_meltseason2,-0.6327735581840702,WUS
Merced_CA,Merced_CA,Merced_CA,2011,melt_sum_APE__Qmean_meltseason2_APE,-0.03762904562109821,WUS
Merced_CA,Merced_CA,Merced_CA,2011,SWE_NSE__NSE_meltseason2,0.05520016737235665,WUS
Merced_CA,Merced_CA,Merced_CA,2011,SWE_NSE__KGE_meltseason2,-0.1221148549836573,WUS
Merced_CA,Merced_CA,Merced_CA,2011,SWE_NSE__Qmean_meltseason2_APE,0.17786702257111656,WUS
Merced_CA,Merced_CA,Merced_CA,2012,SWE_melt_NSE__NSE_meltseason2,-0.06694672687615721,WUS
Merced_CA,Merced_CA,Merced_CA,2012,SWE_melt_NSE__KGE_meltseason2,-0.012685903158336672,WUS
Merced_CA,Merced_CA,Merced_CA,2012,SWE_melt_NSE__Qmean_meltseason2_APE,0.4039040730958924,WUS
Merced_CA,Merced_CA,Merced_CA,2012,melt_sum_APE__NSE_meltseason2,-0.5336006965725221,WUS
Merced_CA,Merced_CA,Merced_CA,2012,melt_sum_APE__KGE_meltseason2,-0.5979808638786761,WUS
Merced_CA,Merced_CA,Merced_CA,2012,melt_sum_APE__Qmean_meltseason2_APE,-0.191863129391606,WUS
Merced_CA,Merced_CA,Merced_CA,2012,SWE_NSE__NSE_meltseason2,-0.4422816084161068,WUS
Merced_CA,Merced_CA,Merced_CA,2012,SWE_NSE__KGE_meltseason2,0.08407702641095752,WUS
Merced_CA,Merced_CA,Merced_CA,2012,SWE_NSE__Qmean_meltseason2_APE,0.11171609156082012,WUS
Merced_CA,Merced_CA,Merced_CA,2013,SWE_melt_NSE__NSE_meltseason2,0.06016860796867563,WUS
Merced_CA,Merced_CA,Merced_CA,2013,SWE_melt_NSE__KGE_meltseason2,-0.1901734840123505,WUS
Merced_CA,Merced_CA,Merced_CA,2013,SWE_melt_NSE__Qmean_meltseason2_APE,0.4825363167855814,WUS
Merced_CA,Merced_CA,Merced_CA,2013,melt_sum_APE__NSE_meltseason2,-0.8196317697782869,WUS
Merced_CA,Merced_CA,Merced_CA,2013,melt_sum_APE__KGE_meltseason2,-0.8236082774859956,WUS
Merced_CA,Merced_CA,Merced_CA,2013,melt_sum_APE__Qmean_meltseason2_APE,0.09743415090562683,WUS
Merced_CA,Merced_CA,Merced_CA,2013,SWE_NSE__NSE_meltseason2,0.06808722389705646,WUS
Merced_CA,Merced_CA,Merced_CA,2013,SWE_NSE__KGE_meltseason2,0.0077847564526765875,WUS
Merced_CA,Merced_CA,Merced_CA,2013,SWE_NSE__Qmean_meltseason2_APE,0.3697146750165709,WUS
Merced_CA,Merced_CA,Merced_CA,2014,SWE_melt_NSE__NSE_meltseason2,-0.1351784708036911,WUS
Merced_CA,Merced_CA,Merced_CA,2014,SWE_melt_NSE__KGE_meltseason2,-0.18798601650122454,WUS
Merced_CA,Merced_CA,Merced_CA,2014,SWE_melt_NSE__Qmean_meltseason2_APE,0.22490425260138325,WUS
Merced_CA,Merced_CA,Merced_CA,2014,melt_sum_APE__NSE_meltseason2,-0.853900036135639,WUS
Merced_CA,Merced_CA,Merced_CA,2014,melt_sum_APE__KGE_meltseason2,-0.8756786910759996,WUS
Merced_CA,Merced_CA,Merced_CA,2014,melt_sum_APE__Qmean_meltseason2_APE,0.15365826456228138,WUS
Merced_CA,Merced_CA,Merced_CA,2014,SWE_NSE__NSE_meltseason2,-0.26955871413844407,WUS
Merced_CA,Merced_CA,Merced_CA,2014,SWE_NSE__KGE_meltseason2,-0.1331262909202954,WUS
Merced_CA,Merced_CA,Merced_CA,2014,SWE_NSE__Qmean_meltseason2_APE,0.30781553238777093,WUS
Merced_CA,Merced_CA,Merced_CA,2015,SWE_melt_NSE__NSE_meltseason2,-0.714392251038388,WUS
Merced_CA,Merced_CA,Merced_CA,2015,SWE_melt_NSE__KGE_meltseason2,-0.850378574517866,WUS
Merced_CA,Merced_CA,Merced_CA,2015,SWE_melt_NSE__Qmean_meltseason2_APE,0.2143372749382374,WUS
Merced_CA,Merced_CA,Merced_CA,2015,melt_sum_APE__NSE_meltseason2,-0.42637881397770044,WUS
Merced_CA,Merced_CA,Merced_CA,2015,melt_sum_APE__KGE_meltseason2,-0.30022510485776294,WUS
Merced_CA,Merced_CA,Merced_CA,2015,melt_sum_APE__Qmean_meltseason2_APE,0.008935032550439601,WUS
Merced_CA,Merced_CA,Merced_CA,2015,SWE_NSE__NSE_meltseason2,-0.40778515705058416,WUS
Merced_CA,Merced_CA,Merced_CA,2015,SWE_NSE__KGE_meltseason2,-0.484886403390031,WUS
Merced_CA,Merced_CA,Merced_CA,2015,SWE_NSE__Qmean_meltseason2_APE,0.3036779252363804,WUS
Merced_CA,Merced_CA,Merced_CA,2016,SWE_melt_NSE__NSE_meltseason2,0.000778782767029585,WUS
Merced_CA,Merced_CA,Merced_CA,2016,SWE_melt_NSE__KGE_meltseason2,0.053604743595834205,WUS
Merced_CA,Merced_CA,Merced_CA,2016,SWE_melt_NSE__Qmean_meltseason2_APE,0.3947681668799743,WUS
Merced_CA,Merced_CA,Merced_CA,2016,melt_sum_APE__NSE_meltseason2,-0.7059698857144384,WUS
Merced_CA,Merced_CA,Merced_CA,2016,melt_sum_APE__KGE_meltseason2,-0.7987174316864146,WUS
Merced_CA,Merced_CA,Merced_CA,2016,melt_sum_APE__Qmean_meltseason2_APE,0.1660256603119183,WUS
Merced_CA,Merced_CA,Merced_CA,2016,SWE_NSE__NSE_meltseason2,-0.04708924016756882,WUS
Merced_CA,Merced_CA,Merced_CA,2016,SWE_NSE__KGE_meltseason2,-0.15659270830768943,WUS
Merced_CA,Merced_CA,Merced_CA,2016,SWE_NSE__Qmean_meltseason2_APE,0.3641448479193668,WUS
Merced_CA,Merced_CA,Merced_CA,2017,SWE_melt_NSE__NSE_meltseason2,-0.005896581945219884,WUS
Merced_CA,Merced_CA,Merced_CA,2017,SWE_melt_NSE__KGE_meltseason2,-0.01938211005190265,WUS
Merced_CA,Merced_CA,Merced_CA,2017,SWE_melt_NSE__Qmean_meltseason2_APE,0.697930502495803,WUS
Merced_CA,Merced_CA,Merced_CA,2017,melt_sum_APE__NSE_meltseason2,-0.733332416804711,WUS
Merced_CA,Merced_CA,Merced_CA,2017,melt_sum_APE__KGE_meltseason2,-0.5983120543801758,WUS
Merced_CA,Merced_CA,Merced_CA,2017,melt_sum_APE__Qmean_meltseason2_APE,-0.09324544994214,WUS
Merced_CA,Merced_CA,Merced_CA,2017,SWE_NSE__NSE_meltseason2,-0.010218572367239043,WUS
Merced_CA,Merced_CA,Merced_CA,2017,SWE_NSE__KGE_meltseason2,-0.41207300293732735,WUS
Merced_CA,Merced_CA,Merced_CA,2017,SWE_NSE__Qmean_meltseason2_APE,0.4083765659564735,WUS
Merced_CA,Merced_CA,Merced_CA,2018,SWE_melt_NSE__NSE_meltseason2,-0.7358588856876678,WUS
Merced_CA,Merced_CA,Merced_CA,2018,SWE_melt_NSE__KGE_meltseason2,-0.413763892237046,WUS
Merced_CA,Merced_CA,Merced_CA,2018,SWE_melt_NSE__Qmean_meltseason2_APE,0.19062361716691956,WUS
Merced_CA,Merced_CA,Merced_CA,2018,melt_sum_APE__NSE_meltseason2,-0.32566479472831994,WUS
Merced_CA,Merced_CA,Merced_CA,2018,melt_sum_APE__KGE_meltseason2,-0.2948723362065863,WUS
Merced_CA,Merced_CA,Merced_CA,2018,melt_sum_APE__Qmean_meltseason2_APE,0.04690269172328514,WUS
Merced_CA,Merced_CA,Merced_CA,2018,SWE_NSE__NSE_meltseason2,-0.3327897819570083,WUS
Merced_CA,Merced_CA,Merced_CA,2018,SWE_NSE__KGE_meltseason2,-0.5054741161438865,WUS
Merced_CA,Merced_CA,Merced_CA,2018,SWE_NSE__Qmean_meltseason2_APE,0.18703047844496992,WUS
Merced_CA,Merced_CA,Merced_CA,2019,SWE_melt_NSE__NSE_meltseason2,-0.0032751320328608703,WUS
Merced_CA,Merced_CA,Merced_CA,2019,SWE_melt_NSE__KGE_meltseason2,0.17774620156305754,WUS
Merced_CA,Merced_CA,Merced_CA,2019,SWE_melt_NSE__Qmean_meltseason2_APE,0.7286449973324173,WUS
Merced_CA,Merced_CA,Merced_CA,2019,melt_sum_APE__NSE_meltseason2,-0.6259976676890688,WUS
Merced_CA,Merced_CA,Merced_CA,2019,melt_sum_APE__KGE_meltseason2,-0.5537384566981732,WUS
Merced_CA,Merced_CA,Merced_CA,2019,melt_sum_APE__Qmean_meltseason2_APE,0.18488322478646266,WUS
Merced_CA,Merced_CA,Merced_CA,2019,SWE_NSE__NSE_meltseason2,0.10960034019409391,WUS
Merced_CA,Merced_CA,Merced_CA,2019,SWE_NSE__KGE_meltseason2,-0.01095113077389389,WUS
Merced_CA,Merced_CA,Merced_CA,2019,SWE_NSE__Qmean_meltseason2_APE,0.7800607533280627,WUS
Merced_CA,Merced_CA,Merced_CA,2020,SWE_melt_NSE__NSE_meltseason2,0.023224219812717932,WUS
Merced_CA,Merced_CA,Merced_CA,2020,SWE_melt_NSE__KGE_meltseason2,-0.010126586085218646,WUS
Merced_CA,Merced_CA,Merced_CA,2020,SWE_melt_NSE__Qmean_meltseason2_APE,0.3162644411593095,WUS
Merced_CA,Merced_CA,Merced_CA,2020,melt_sum_APE__NSE_meltseason2,-0.9539303513040153,WUS
Merced_CA,Merced_CA,Merced_CA,2020,melt_sum_APE__KGE_meltseason2,-0.6149620855776723,WUS
Merced_CA,Merced_CA,Merced_CA,2020,melt_sum_APE__Qmean_meltseason2_APE,0.1697881817693103,WUS
Merced_CA,Merced_CA,Merced_CA,2020,SWE_NSE__NSE_meltseason2,-0.0452457813185782,WUS
Merced_CA,Merced_CA,Merced_CA,2020,SWE_NSE__KGE_meltseason2,-0.008939767364071809,WUS
Merced_CA,Merced_CA,Merced_CA,2020,SWE_NSE__Qmean_meltseason2_APE,0.026538616969399943,WUS
Merced_CA,Merced_CA,Merced_CA,2021,SWE_melt_NSE__NSE_meltseason2,-0.24289850603008054,WUS
Merced_CA,Merced_CA,Merced_CA,2021,SWE_melt_NSE__KGE_meltseason2,-0.11593839283571246,WUS
Merced_CA,Merced_CA,Merced_CA,2021,SWE_melt_NSE__Qmean_meltseason2_APE,0.4129238982323458,WUS
Merced_CA,Merced_CA,Merced_CA,2021,melt_sum_APE__NSE_meltseason2,-0.5000804096002222,WUS
Merced_CA,Merced_CA,Merced_CA,2021,melt_sum_APE__KGE_meltseason2,-0.3298694005183772,WUS
Merced_CA,Merced_CA,Merced_CA,2021,melt_sum_APE__Qmean_meltseason2_APE,0.10405238396313683,WUS
Merced_CA,Merced_CA,Merced_CA,2021,SWE_NSE__NSE_meltseason2,-0.16686114036852953,WUS
Merced_CA,Merced_CA,Merced_CA,2021,SWE_NSE__KGE_meltseason2,-0.03483455082671238,WUS
Merced_CA,Merced_CA,Merced_CA,2021,SWE_NSE__Qmean_meltseason2_APE,0.08391005263953107,WUS
Merced_CA,Merced_CA,Merced_CA,2022,SWE_melt_NSE__NSE_meltseason2,0.25632142925075635,WUS
Merced_CA,Merced_CA,Merced_CA,2022,SWE_melt_NSE__KGE_meltseason2,-0.004634755143707517,WUS
Merced_CA,Merced_CA,Merced_CA,2022,SWE_melt_NSE__Qmean_meltseason2_APE,0.6149131236298375,WUS
Merced_CA,Merced_CA,Merced_CA,2022,melt_sum_APE__NSE_meltseason2,-0.24642170854447953,WUS
Merced_CA,Merced_CA,Merced_CA,2022,melt_sum_APE__KGE_meltseason2,-0.4198979378858909,WUS
Merced_CA,Merced_CA,Merced_CA,2022,melt_sum_APE__Qmean_meltseason2_APE,0.12366194797808873,WUS
Merced_CA,Merced_CA,Merced_CA,2022,SWE_NSE__NSE_meltseason2,0.08805178451841651,WUS
Merced_CA,Merced_CA,Merced_CA,2022,SWE_NSE__KGE_meltseason2,-0.16450508290231933,WUS
Merced_CA,Merced_CA,Merced_CA,2022,SWE_NSE__Qmean_meltseason2_APE,0.5410040226933317,WUS
NorthBrush_WY,NorthBrush_WY,NorthBrush_WY,2001,SWE_melt_NSE__NSE_meltseason2,-0.2920266091735004,WUS
NorthBrush_WY,NorthBrush_WY,NorthBrush_WY,2001,SWE_melt_NSE__KGE_meltseason2,-0.3876471223086874,WUS
NorthBrush_WY,NorthBrush_WY,NorthBrush_WY,2001,SWE_melt_NSE__Qmean_meltseason2_APE,0.02418018567512834,WUS
NorthBrush_WY,NorthBrush_WY,NorthBrush_WY,2001,melt_sum_APE__NSE_meltseason2,-0.4123767962577542,WUS
NorthBrush_WY,NorthBrush_WY,NorthBrush_WY,2001,melt_sum_APE__KGE_meltseason2,-0.17912882877215214,WUS
NorthBrush_WY,NorthBrush_WY,NorthBrush_WY,2001,melt_sum_APE__Qmean_meltseason2_APE,0.16411135861683226,WUS
NorthBrush_WY,NorthBrush_WY,NorthBrush_WY,2001,SWE_NSE__NSE_meltseason2,0.5522085884012984,WUS
NorthBrush_WY,NorthBrush_WY,NorthBrush_WY,2001,SWE_NSE__KGE_meltseason2,-0.11372696373515685,WUS
NorthBrush_WY,NorthBrush_WY,NorthBrush_WY,2001,SWE_NSE__Qmean_meltseason2_APE,0.47214813581362136,WUS
NorthBrush_WY,NorthBrush_WY,NorthBrush_WY,2002,SWE_melt_NSE__NSE_meltseason2,-0.5499692737765238,WUS
NorthBrush_WY,NorthBrush_WY,NorthBrush_WY,2002,SWE_melt_NSE__KGE_meltseason2,-0.532570301507498,WUS
NorthBrush_WY,NorthBrush_WY,NorthBrush_WY,2002,SWE_melt_NSE__Qmean_meltseason2_APE,-0.02427751563103515,WUS
NorthBrush_WY,NorthBrush_WY,NorthBrush_WY,2002,melt_sum_APE__NSE_meltseason2,-0.3962136249871888,WUS
NorthBrush_WY,NorthBrush_WY,NorthBrush_WY,2002,melt_sum_APE__KGE_meltseason2,-0.13441942873325446,WUS
NorthBrush_WY,NorthBrush_WY,NorthBrush_WY,2002,melt_sum_APE__Qmean_meltseason2_APE,-0.13099284415994394,WUS
NorthBrush_WY,NorthBrush_WY,NorthBrush_WY,2002,SWE_NSE__NSE_meltseason2,0.06497796910860008,WUS
NorthBrush_WY,NorthBrush_WY,NorthBrush_WY,2002,SWE_NSE__KGE_meltseason2,-0.32787899721007885,WUS
NorthBrush_WY,NorthBrush_WY,NorthBrush_WY,2002,SWE_NSE__Qmean_meltseason2_APE,0.07775954122668442,WUS
NorthBrush_WY,NorthBrush_WY,NorthBrush_WY,2003,SWE_melt_NSE__NSE_meltseason2,-0.06681918243947228,WUS
NorthBrush_WY,NorthBrush_WY,NorthBrush_WY,2003,SWE_melt_NSE__KGE_meltseason2,-0.14548216363861785,WUS
NorthBrush_WY,NorthBrush_WY,NorthBrush_WY,2003,SWE_melt_NSE__Qmean_meltseason2_APE,0.12499904641343874,WUS
NorthBrush_WY,NorthBrush_WY,NorthBrush_WY,2003,melt_sum_APE__NSE_meltseason2,-0.10560492667300363,WUS
NorthBrush_WY,NorthBrush_WY,NorthBrush_WY,2003,melt_sum_APE__KGE_meltseason2,0.09883188024534385,WUS
NorthBrush_WY,NorthBrush_WY,NorthBrush_WY,2003,melt_sum_APE__Qmean_meltseason2_APE,-0.02069746979104806,WUS
NorthBrush_WY,NorthBrush_WY,NorthBrush_WY,2003,SWE_NSE__NSE_meltseason2,0.18567390846352858,WUS
NorthBrush_WY,NorthBrush_WY,NorthBrush_WY,2003,SWE_NSE__KGE_meltseason2,-0.1496545742207635,WUS
NorthBrush_WY,NorthBrush_WY,NorthBrush_WY,2003,SWE_NSE__Qmean_meltseason2_APE,0.20406534167454005,WUS
NorthBrush_WY,NorthBrush_WY,NorthBrush_WY,2004,SWE_melt_NSE__NSE_meltseason2,-0.4547686098856756,WUS
NorthBrush_WY,NorthBrush_WY,NorthBrush_WY,2004,SWE_melt_NSE__KGE_meltseason2,-0.5146611393576895,WUS
NorthBrush_WY,NorthBrush_WY,NorthBrush_WY,2004,SWE_melt_NSE__Qmean_meltseason2_APE,0.005699074316089217,WUS
NorthBrush_WY,NorthBrush_WY,NorthBrush_WY,2004,melt_sum_APE__NSE_meltseason2,-0.42223300068304764,WUS
NorthBrush_WY,NorthBrush_WY,NorthBrush_WY,2004,melt_sum_APE__KGE_meltseason2,-0.2530834085149205,WUS
NorthBrush_WY,NorthBrush_WY,NorthBrush_WY,2004,melt_sum_APE__Qmean_meltseason2_APE,0.07154279190718044,WUS
NorthBrush_WY,NorthBrush_WY,NorthBrush_WY,2004,SWE_NSE__NSE_meltseason2,0.15276345714452125,WUS
NorthBrush_WY,NorthBrush_WY,NorthBrush_WY,2004,SWE_NSE__KGE_meltseason2,-0.012877698141257742,WUS
NorthBrush_WY,NorthBrush_WY,NorthBrush_WY,2004,SWE_NSE__Qmean_meltseason2_APE,0.3807432677885868,WUS
NorthBrush_WY,NorthBrush_WY,NorthBrush_WY,2005,SWE_melt_NSE__NSE_meltseason2,-0.24138095636392945,WUS
NorthBrush_WY,NorthBrush_WY,NorthBrush_WY,2005,SWE_melt_NSE__KGE_meltseason2,-0.5054274023167333,WUS
NorthBrush_WY,NorthBrush_WY,NorthBrush_WY,2005,SWE_melt_NSE__Qmean_meltseason2_APE,-0.08834230099810818,WUS
NorthBrush_WY,NorthBrush_WY,NorthBrush_WY,2005,melt_sum_APE__NSE_meltseason2,-0.3587098070816409,WUS
NorthBrush_WY,NorthBrush_WY,NorthBrush_WY,2005,melt_sum_APE__KGE_meltseason2,0.0890676856017401,WUS
NorthBrush_WY,NorthBrush_WY,NorthBrush_WY,2005,melt_sum_APE__Qmean_meltseason2_APE,0.10295303410864926,WUS
NorthBrush_WY,NorthBrush_WY,NorthBrush_WY,2005,SWE_NSE__NSE_meltseason2,0.4459296947488153,WUS
NorthBrush_WY,NorthBrush_WY,NorthBrush_WY,2005,SWE_NSE__KGE_meltseason2,0.25078231728288464,WUS
NorthBrush_WY,NorthBrush_WY,NorthBrush_WY,2005,SWE_NSE__Qmean_meltseason2_APE,0.18443105879025273,WUS
NorthBrush_WY,NorthBrush_WY,NorthBrush_WY,2006,SWE_melt_NSE__NSE_meltseason2,-0.3745633134763784,WUS
NorthBrush_WY,NorthBrush_WY,NorthBrush_WY,2006,SWE_melt_NSE__KGE_meltseason2,-0.29278174922784583,WUS
NorthBrush_WY,NorthBrush_WY,NorthBrush_WY,2006,SWE_melt_NSE__Qmean_meltseason2_APE,0.13935024517076708,WUS
NorthBrush_WY,NorthBrush_WY,NorthBrush_WY,2006,melt_sum_APE__NSE_meltseason2,-0.5901259652629713,WUS
NorthBrush_WY,NorthBrush_WY,NorthBrush_WY,2006,melt_sum_APE__KGE_meltseason2,-0.636890292765017,WUS
NorthBrush_WY,NorthBrush_WY,NorthBrush_WY,2006,melt_sum_APE__Qmean_meltseason2_APE,0.11775676356393887,WUS
NorthBrush_WY,NorthBrush_WY,NorthBrush_WY,2006,SWE_NSE__NSE_meltseason2,0.3154835996407855,WUS
NorthBrush_WY,NorthBrush_WY,NorthBrush_WY,2006,SWE_NSE__KGE_meltseason2,0.034429336149718805,WUS
NorthBrush_WY,NorthBrush_WY,NorthBrush_WY,2006,SWE_NSE__Qmean_meltseason2_APE,0.5921200950751031,WUS
NorthBrush_WY,NorthBrush_WY,NorthBrush_WY,2007,SWE_melt_NSE__NSE_meltseason2,-0.2867276067411939,WUS
NorthBrush_WY,NorthBrush_WY,NorthBrush_WY,2007,SWE_melt_NSE__KGE_meltseason2,-0.5074325764870392,WUS
NorthBrush_WY,NorthBrush_WY,NorthBrush_WY,2007,SWE_melt_NSE__Qmean_meltseason2_APE,0.1589479679748514,WUS
NorthBrush_WY,NorthBrush_WY,NorthBrush_WY,2007,melt_sum_APE__NSE_meltseason2,-0.47355805523476985,WUS
NorthBrush_WY,NorthBrush_WY,NorthBrush_WY,2007,melt_sum_APE__KGE_meltseason2,-0.20697444671319778,WUS
NorthBrush_WY,NorthBrush_WY,NorthBrush_WY,2007,melt_sum_APE__Qmean_meltseason2_APE,-0.14040285922583173,WUS
NorthBrush_WY,NorthBrush_WY,NorthBrush_WY,2007,SWE_NSE__NSE_meltseason2,0.030845145634129784,WUS
NorthBrush_WY,NorthBrush_WY,NorthBrush_WY,2007,SWE_NSE__KGE_meltseason2,0.14015898806384264,WUS
NorthBrush_WY,NorthBrush_WY,NorthBrush_WY,2007,SWE_NSE__Qmean_meltseason2_APE,0.5013095554090549,WUS
NorthBrush_WY,NorthBrush_WY,NorthBrush_WY,2008,SWE_melt_NSE__NSE_meltseason2,-0.11930646370024156,WUS
NorthBrush_WY,NorthBrush_WY,NorthBrush_WY,2008,SWE_melt_NSE__KGE_meltseason2,-0.3994525096964615,WUS
NorthBrush_WY,NorthBrush_WY,NorthBrush_WY,2008,SWE_melt_NSE__Qmean_meltseason2_APE,0.2821494040543867,WUS
NorthBrush_WY,NorthBrush_WY,NorthBrush_WY,2008,melt_sum_APE__NSE_meltseason2,-0.674926291456049,WUS
NorthBrush_WY,NorthBrush_WY,NorthBrush_WY,2008,melt_sum_APE__KGE_meltseason2,-0.4194359631763607,WUS
NorthBrush_WY,NorthBrush_WY,NorthBrush_WY,2008,melt_sum_APE__Qmean_meltseason2_APE,0.001243345415269431,WUS
NorthBrush_WY,NorthBrush_WY,NorthBrush_WY,2008,SWE_NSE__NSE_meltseason2,0.28835532288972515,WUS
NorthBrush_WY,NorthBrush_WY,NorthBrush_WY,2008,SWE_NSE__KGE_meltseason2,0.17604132664483935,WUS
NorthBrush_WY,NorthBrush_WY,NorthBrush_WY,2008,SWE_NSE__Qmean_meltseason2_APE,0.4151916251313367,WUS
NorthBrush_WY,NorthBrush_WY,NorthBrush_WY,2009,SWE_melt_NSE__NSE_meltseason2,-0.13973231307145995,WUS
NorthBrush_WY,NorthBrush_WY,NorthBrush_WY,2009,SWE_melt_NSE__KGE_meltseason2,-0.4931794816102581,WUS
NorthBrush_WY,NorthBrush_WY,NorthBrush_WY,2009,SWE_melt_NSE__Qmean_meltseason2_APE,0.09407526469576438,WUS
NorthBrush_WY,NorthBrush_WY,NorthBrush_WY,2009,melt_sum_APE__NSE_meltseason2,-0.2848175738612683,WUS
NorthBrush_WY,NorthBrush_WY,NorthBrush_WY,2009,melt_sum_APE__KGE_meltseason2,-0.06249205302324447,WUS
NorthBrush_WY,NorthBrush_WY,NorthBrush_WY,2009,melt_sum_APE__Qmean_meltseason2_APE,-0.15427570532123386,WUS
NorthBrush_WY,NorthBrush_WY,NorthBrush_WY,2009,SWE_NSE__NSE_meltseason2,0.26199761452730463,WUS
NorthBrush_WY,NorthBrush_WY,NorthBrush_WY,2009,SWE_NSE__KGE_meltseason2,-0.10312536199382434,WUS
NorthBrush_WY,NorthBrush_WY,NorthBrush_WY,2009,SWE_NSE__Qmean_meltseason2_APE,0.14344214582503212,WUS
NorthBrush_WY,NorthBrush_WY,NorthBrush_WY,2010,SWE_melt_NSE__NSE_meltseason2,-0.05696440442988698,WUS
NorthBrush_WY,NorthBrush_WY,NorthBrush_WY,2010,SWE_melt_NSE__KGE_meltseason2,-0.2936427481238162,WUS
NorthBrush_WY,NorthBrush_WY,NorthBrush_WY,2010,SWE_melt_NSE__Qmean_meltseason2_APE,0.3457633167088499,WUS
NorthBrush_WY,NorthBrush_WY,NorthBrush_WY,2010,melt_sum_APE__NSE_meltseason2,-0.490845797867205,WUS
NorthBrush_WY,NorthBrush_WY,NorthBrush_WY,2010,melt_sum_APE__KGE_meltseason2,-0.2448449108857711,WUS
NorthBrush_WY,NorthBrush_WY,NorthBrush_WY,2010,melt_sum_APE__Qmean_meltseason2_APE,0.172405782839814,WUS
NorthBrush_WY,NorthBrush_WY,NorthBrush_WY,2010,SWE_NSE__NSE_meltseason2,0.4548543952613261,WUS
NorthBrush_WY,NorthBrush_WY,NorthBrush_WY,2010,SWE_NSE__KGE_meltseason2,-0.024490297156709966,WUS
NorthBrush_WY,NorthBrush_WY,NorthBrush_WY,2010,SWE_NSE__Qmean_meltseason2_APE,0.35875180359634007,WUS
NorthBrush_WY,NorthBrush_WY,NorthBrush_WY,2011,SWE_melt_NSE__NSE_meltseason2,0.08412570966767158,WUS
NorthBrush_WY,NorthBrush_WY,NorthBrush_WY,2011,SWE_melt_NSE__KGE_meltseason2,-0.3613062203105471,WUS
NorthBrush_WY,NorthBrush_WY,NorthBrush_WY,2011,SWE_melt_NSE__Qmean_meltseason2_APE,0.2814668838077261,WUS
NorthBrush_WY,NorthBrush_WY,NorthBrush_WY,2011,melt_sum_APE__NSE_meltseason2,-0.4358985563403515,WUS
NorthBrush_WY,NorthBrush_WY,NorthBrush_WY,2011,melt_sum_APE__KGE_meltseason2,-0.2982497336619985,WUS
NorthBrush_WY,NorthBrush_WY,NorthBrush_WY,2011,melt_sum_APE__Qmean_meltseason2_APE,-0.05740475418509848,WUS
NorthBrush_WY,NorthBrush_WY,NorthBrush_WY,2011,SWE_NSE__NSE_meltseason2,-0.052338602086032616,WUS
NorthBrush_WY,NorthBrush_WY,NorthBrush_WY,2011,SWE_NSE__KGE_meltseason2,-0.6186789175975339,WUS
NorthBrush_WY,NorthBrush_WY,NorthBrush_WY,2011,SWE_NSE__Qmean_meltseason2_APE,0.40309324978219546,WUS
NorthBrush_WY,NorthBrush_WY,NorthBrush_WY,2012,SWE_melt_NSE__NSE_meltseason2,-0.34181846328083393,WUS
NorthBrush_WY,NorthBrush_WY,NorthBrush_WY,2012,SWE_melt_NSE__KGE_meltseason2,-0.45104914642188465,WUS
NorthBrush_WY,NorthBrush_WY,NorthBrush_WY,2012,SWE_melt_NSE__Qmean_meltseason2_APE,0.07356675343242211,WUS
NorthBrush_WY,NorthBrush_WY,NorthBrush_WY,2012,melt_sum_APE__NSE_meltseason2,-0.6853876752648327,WUS
NorthBrush_WY,NorthBrush_WY,NorthBrush_WY,2012,melt_sum_APE__KGE_meltseason2,-0.3517946347982657,WUS
NorthBrush_WY,NorthBrush_WY,NorthBrush_WY,2012,melt_sum_APE__Qmean_meltseason2_APE,0.25238144378992466,WUS
NorthBrush_WY,NorthBrush_WY,NorthBrush_WY,2012,SWE_NSE__NSE_meltseason2,0.2608815000182598,WUS
NorthBrush_WY,NorthBrush_WY,NorthBrush_WY,2012,SWE_NSE__KGE_meltseason2,0.07641765074862857,WUS
NorthBrush_WY,NorthBrush_WY,NorthBrush_WY,2012,SWE_NSE__Qmean_meltseason2_APE,0.2910164222465111,WUS
NorthBrush_WY,NorthBrush_WY,NorthBrush_WY,2013,SWE_melt_NSE__NSE_meltseason2,0.1362656900910811,WUS
NorthBrush_WY,NorthBrush_WY,NorthBrush_WY,2013,SWE_melt_NSE__KGE_meltseason2,-0.11778781938255503,WUS
NorthBrush_WY,NorthBrush_WY,NorthBrush_WY,2013,SWE_melt_NSE__Qmean_meltseason2_APE,0.5401613671013676,WUS
NorthBrush_WY,NorthBrush_WY,NorthBrush_WY,2013,melt_sum_APE__NSE_meltseason2,-0.5030154704939116,WUS
NorthBrush_WY,NorthBrush_WY,NorthBrush_WY,2013,melt_sum_APE__KGE_meltseason2,-0.16198249983549917,WUS
NorthBrush_WY,NorthBrush_WY,NorthBrush_WY,2013,melt_sum_APE__Qmean_meltseason2_APE,-0.07193686619408662,WUS
NorthBrush_WY,NorthBrush_WY,NorthBrush_WY,2013,SWE_NSE__NSE_meltseason2,0.34407408969951153,WUS
NorthBrush_WY,NorthBrush_WY,NorthBrush_WY,2013,SWE_NSE__KGE_meltseason2,0.09329122996874496,WUS
NorthBrush_WY,NorthBrush_WY,NorthBrush_WY,2013,SWE_NSE__Qmean_meltseason2_APE,0.5195262505568683,WUS
NorthBrush_WY,NorthBrush_WY,NorthBrush_WY,2014,SWE_melt_NSE__NSE_meltseason2,-0.2673473987048766,WUS
NorthBrush_WY,NorthBrush_WY,NorthBrush_WY,2014,SWE_melt_NSE__KGE_meltseason2,-0.3969573475825661,WUS
NorthBrush_WY,NorthBrush_WY,NorthBrush_WY,2014,SWE_melt_NSE__Qmean_meltseason2_APE,0.4444838165528933,WUS
NorthBrush_WY,NorthBrush_WY,NorthBrush_WY,2014,melt_sum_APE__NSE_meltseason2,-0.5847462856528026,WUS
NorthBrush_WY,NorthBrush_WY,NorthBrush_WY,2014,melt_sum_APE__KGE_meltseason2,-0.40562173957253606,WUS
NorthBrush_WY,NorthBrush_WY,NorthBrush_WY,2014,melt_sum_APE__Qmean_meltseason2_APE,-0.1518211532164352,WUS
NorthBrush_WY,NorthBrush_WY,NorthBrush_WY,2014,SWE_NSE__NSE_meltseason2,-0.0531558159591746,WUS
NorthBrush_WY,NorthBrush_WY,NorthBrush_WY,2014,SWE_NSE__KGE_meltseason2,-0.12402846586800584,WUS
NorthBrush_WY,NorthBrush_WY,NorthBrush_WY,2014,SWE_NSE__Qmean_meltseason2_APE,0.4097104894014588,WUS
NorthBrush_WY,NorthBrush_WY,NorthBrush_WY,2015,SWE_melt_NSE__NSE_meltseason2,-0.2662156530784736,WUS
NorthBrush_WY,NorthBrush_WY,NorthBrush_WY,2015,SWE_melt_NSE__KGE_meltseason2,-0.6677163206818144,WUS
NorthBrush_WY,NorthBrush_WY,NorthBrush_WY,2015,SWE_melt_NSE__Qmean_meltseason2_APE,0.16713795344260032,WUS
NorthBrush_WY,NorthBrush_WY,NorthBrush_WY,2015,melt_sum_APE__NSE_meltseason2,-0.09419880163035259,WUS
NorthBrush_WY,NorthBrush_WY,NorthBrush_WY,2015,melt_sum_APE__KGE_meltseason2,0.1113087804232346,WUS
NorthBrush_WY,NorthBrush_WY,NorthBrush_WY,2015,melt_sum_APE__Qmean_meltseason2_APE,0.10002139988437997,WUS
NorthBrush_WY,NorthBrush_WY,NorthBrush_WY,2015,SWE_NSE__NSE_meltseason2,0.28448504915659173,WUS
NorthBrush_WY,NorthBrush_WY,NorthBrush_WY,2015,SWE_NSE__KGE_meltseason2,-0.31207213164985975,WUS
NorthBrush_WY,NorthBrush_WY,NorthBrush_WY,2015,SWE_NSE__Qmean_meltseason2_APE,0.27777928529585183,WUS
NorthBrush_WY,NorthBrush_WY,NorthBrush_WY,2016,SWE_melt_NSE__NSE_meltseason2,-0.16184826110147255,WUS
NorthBrush_WY,NorthBrush_WY,NorthBrush_WY,2016,SWE_melt_NSE__KGE_meltseason2,-0.22598966807286267,WUS
NorthBrush_WY,NorthBrush_WY,NorthBrush_WY,2016,SWE_melt_NSE__Qmean_meltseason2_APE,0.07931249806717522,WUS
NorthBrush_WY,NorthBrush_WY,NorthBrush_WY,2016,melt_sum_APE__NSE_meltseason2,-0.7016409045899044,WUS
NorthBrush_WY,NorthBrush_WY,NorthBrush_WY,2016,melt_sum_APE__KGE_meltseason2,-0.6499884819348307,WUS
NorthBrush_WY,NorthBrush_WY,NorthBrush_WY,2016,melt_sum_APE__Qmean_meltseason2_APE,-0.15105907571734511,WUS
NorthBrush_WY,NorthBrush_WY,NorthBrush_WY,2016,SWE_NSE__NSE_meltseason2,0.1251665191469839,WUS
NorthBrush_WY,NorthBrush_WY,NorthBrush_WY,2016,SWE_NSE__KGE_meltseason2,-0.004466551681891134,WUS
NorthBrush_WY,NorthBrush_WY,NorthBrush_WY,2016,SWE_NSE__Qmean_meltseason2_APE,0.24677693588073243,WUS
NorthBrush_WY,NorthBrush_WY,NorthBrush_WY,2017,SWE_melt_NSE__NSE_meltseason2,-0.7832068057527904,WUS
NorthBrush_WY,NorthBrush_WY,NorthBrush_WY,2017,SWE_melt_NSE__KGE_meltseason2,-0.5893676798411573,WUS
NorthBrush_WY,NorthBrush_WY,NorthBrush_WY,2017,SWE_melt_NSE__Qmean_meltseason2_APE,0.2417879086960029,WUS
NorthBrush_WY,NorthBrush_WY,NorthBrush_WY,2017,melt_sum_APE__NSE_meltseason2,-0.4387154071351122,WUS
NorthBrush_WY,NorthBrush_WY,NorthBrush_WY,2017,melt_sum_APE__KGE_meltseason2,-0.1620327183334651,WUS
NorthBrush_WY,NorthBrush_WY,NorthBrush_WY,2017,melt_sum_APE__Qmean_meltseason2_APE,0.31037158649598673,WUS
NorthBrush_WY,NorthBrush_WY,NorthBrush_WY,2017,SWE_NSE__NSE_meltseason2,0.1634550480073651,WUS
NorthBrush_WY,NorthBrush_WY,NorthBrush_WY,2017,SWE_NSE__KGE_meltseason2,-0.06072258645576086,WUS
NorthBrush_WY,NorthBrush_WY,NorthBrush_WY,2017,SWE_NSE__Qmean_meltseason2_APE,0.5944289500921938,WUS
NorthBrush_WY,NorthBrush_WY,NorthBrush_WY,2018,SWE_melt_NSE__NSE_meltseason2,-0.06341356527992544,WUS
NorthBrush_WY,NorthBrush_WY,NorthBrush_WY,2018,SWE_melt_NSE__KGE_meltseason2,-0.3437365725167065,WUS
NorthBrush_WY,NorthBrush_WY,NorthBrush_WY,2018,SWE_melt_NSE__Qmean_meltseason2_APE,0.3394171155509452,WUS
NorthBrush_WY,NorthBrush_WY,NorthBrush_WY,2018,melt_sum_APE__NSE_meltseason2,-0.09008899339565123,WUS
NorthBrush_WY,NorthBrush_WY,NorthBrush_WY,2018,melt_sum_APE__KGE_meltseason2,0.02054570526574637,WUS
NorthBrush_WY,NorthBrush_WY,NorthBrush_WY,2018,melt_sum_APE__Qmean_meltseason2_APE,0.2050532248459143,WUS
NorthBrush_WY,NorthBrush_WY,NorthBrush_WY,2018,SWE_NSE__NSE_meltseason2,0.3727404784167986,WUS
NorthBrush_WY,NorthBrush_WY,NorthBrush_WY,2018,SWE_NSE__KGE_meltseason2,-0.49300934402447183,WUS
NorthBrush_WY,NorthBrush_WY,NorthBrush_WY,2018,SWE_NSE__Qmean_meltseason2_APE,0.15829089983816685,WUS
NorthBrush_WY,NorthBrush_WY,NorthBrush_WY,2019,SWE_melt_NSE__NSE_meltseason2,-0.1936004418875713,WUS
NorthBrush_WY,NorthBrush_WY,NorthBrush_WY,2019,SWE_melt_NSE__KGE_meltseason2,-0.2875187992044815,WUS
NorthBrush_WY,NorthBrush_WY,NorthBrush_WY,2019,SWE_melt_NSE__Qmean_meltseason2_APE,0.42749792652118834,WUS
NorthBrush_WY,NorthBrush_WY,NorthBrush_WY,2019,melt_sum_APE__NSE_meltseason2,-0.680952085937991,WUS
NorthBrush_WY,NorthBrush_WY,NorthBrush_WY,2019,melt_sum_APE__KGE_meltseason2,-0.429091589836393,WUS
NorthBrush_WY,NorthBrush_WY,NorthBrush_WY,2019,melt_sum_APE__Qmean_meltseason2_APE,-0.045649960263567615,WUS
NorthBrush_WY,NorthBrush_WY,NorthBrush_WY,2019,SWE_NSE__NSE_meltseason2,0.17131630195410708,WUS
NorthBrush_WY,NorthBrush_WY,NorthBrush_WY,2019,SWE_NSE__KGE_meltseason2,-0.036535034801532806,WUS
NorthBrush_WY,NorthBrush_WY,NorthBrush_WY,2019,SWE_NSE__Qmean_meltseason2_APE,0.22124507489905895,WUS
NorthBrush_WY,NorthBrush_WY,NorthBrush_WY,2020,SWE_melt_NSE__NSE_meltseason2,-0.1850166619534629,WUS
NorthBrush_WY,NorthBrush_WY,NorthBrush_WY,2020,SWE_melt_NSE__KGE_meltseason2,-0.511789097968157,WUS
NorthBrush_WY,NorthBrush_WY,NorthBrush_WY,2020,SWE_melt_NSE__Qmean_meltseason2_APE,0.3646479007260649,WUS
NorthBrush_WY,NorthBrush_WY,NorthBrush_WY,2020,melt_sum_APE__NSE_meltseason2,-0.8294471454432606,WUS
NorthBrush_WY,NorthBrush_WY,NorthBrush_WY,2020,melt_sum_APE__KGE_meltseason2,-0.4266660836803306,WUS
NorthBrush_WY,NorthBrush_WY,NorthBrush_WY,2020,melt_sum_APE__Qmean_meltseason2_APE,-0.10718097681870384,WUS
NorthBrush_WY,NorthBrush_WY,NorthBrush_WY,2020,SWE_NSE__NSE_meltseason2,-0.13510180267642988,WUS
NorthBrush_WY,NorthBrush_WY,NorthBrush_WY,2020,SWE_NSE__KGE_meltseason2,-0.14701968593079423,WUS
NorthBrush_WY,NorthBrush_WY,NorthBrush_WY,2020,SWE_NSE__Qmean_meltseason2_APE,0.743346014876817,WUS
NorthBrush_WY,NorthBrush_WY,NorthBrush_WY,2021,SWE_melt_NSE__NSE_meltseason2,-0.018228710522569865,WUS
NorthBrush_WY,NorthBrush_WY,NorthBrush_WY,2021,SWE_melt_NSE__KGE_meltseason2,-0.007309847720332174,WUS
NorthBrush_WY,NorthBrush_WY,NorthBrush_WY,2021,SWE_melt_NSE__Qmean_meltseason2_APE,0.43845698447038667,WUS
NorthBrush_WY,NorthBrush_WY,NorthBrush_WY,2021,melt_sum_APE__NSE_meltseason2,-0.6838662214695723,WUS
NorthBrush_WY,NorthBrush_WY,NorthBrush_WY,2021,melt_sum_APE__KGE_meltseason2,-0.35683097148660603,WUS
NorthBrush_WY,NorthBrush_WY,NorthBrush_WY,2021,melt_sum_APE__Qmean_meltseason2_APE,-0.005028362998128706,WUS
NorthBrush_WY,NorthBrush_WY,NorthBrush_WY,2021,SWE_NSE__NSE_meltseason2,0.18686033510054023,WUS
NorthBrush_WY,NorthBrush_WY,NorthBrush_WY,2021,SWE_NSE__KGE_meltseason2,-0.055928426141637226,WUS
NorthBrush_WY,NorthBrush_WY,NorthBrush_WY,2021,SWE_NSE__Qmean_meltseason2_APE,0.5165334776770725,WUS
NorthBrush_WY,NorthBrush_WY,NorthBrush_WY,2022,SWE_melt_NSE__NSE_meltseason2,-0.21153079483177933,WUS
NorthBrush_WY,NorthBrush_WY,NorthBrush_WY,2022,SWE_melt_NSE__KGE_meltseason2,-0.4336434879600778,WUS
NorthBrush_WY,NorthBrush_WY,NorthBrush_WY,2022,SWE_melt_NSE__Qmean_meltseason2_APE,0.22565650343735447,WUS
NorthBrush_WY,NorthBrush_WY,NorthBrush_WY,2022,melt_sum_APE__NSE_meltseason2,-0.6992305757971815,WUS
NorthBrush_WY,NorthBrush_WY,NorthBrush_WY,2022,melt_sum_APE__KGE_meltseason2,-0.2674898901634903,WUS
NorthBrush_WY,NorthBrush_WY,NorthBrush_WY,2022,melt_sum_APE__Qmean_meltseason2_APE,0.2116648546038208,WUS
NorthBrush_WY,NorthBrush_WY,NorthBrush_WY,2022,SWE_NSE__NSE_meltseason2,0.5037609135989607,WUS
NorthBrush_WY,NorthBrush_WY,NorthBrush_WY,2022,SWE_NSE__KGE_meltseason2,0.08905734900726595,WUS
NorthBrush_WY,NorthBrush_WY,NorthBrush_WY,2022,SWE_NSE__Qmean_meltseason2_APE,0.6527816538577752,WUS
Payette_ID,Payette_ID,Payette_ID,2001,SWE_melt_NSE__NSE_meltseason2,-0.21465677255684276,WUS
Payette_ID,Payette_ID,Payette_ID,2001,SWE_melt_NSE__KGE_meltseason2,0.00769243814565564,WUS
Payette_ID,Payette_ID,Payette_ID,2001,SWE_melt_NSE__Qmean_meltseason2_APE,0.38212681128051057,WUS
Payette_ID,Payette_ID,Payette_ID,2001,melt_sum_APE__NSE_meltseason2,-0.9116971616133313,WUS
Payette_ID,Payette_ID,Payette_ID,2001,melt_sum_APE__KGE_meltseason2,-0.7353078368324741,WUS
Payette_ID,Payette_ID,Payette_ID,2001,melt_sum_APE__Qmean_meltseason2_APE,0.10108442836200493,WUS
Payette_ID,Payette_ID,Payette_ID,2001,SWE_NSE__NSE_meltseason2,0.16207805758325233,WUS
Payette_ID,Payette_ID,Payette_ID,2001,SWE_NSE__KGE_meltseason2,-0.010561872467618064,WUS
Payette_ID,Payette_ID,Payette_ID,2001,SWE_NSE__Qmean_meltseason2_APE,0.45097568854310555,WUS
Payette_ID,Payette_ID,Payette_ID,2002,SWE_melt_NSE__NSE_meltseason2,-0.15208209977243684,WUS
Payette_ID,Payette_ID,Payette_ID,2002,SWE_melt_NSE__KGE_meltseason2,0.24928011059125957,WUS
Payette_ID,Payette_ID,Payette_ID,2002,SWE_melt_NSE__Qmean_meltseason2_APE,0.32454772967733675,WUS
Payette_ID,Payette_ID,Payette_ID,2002,melt_sum_APE__NSE_meltseason2,-0.5562503486547352,WUS
Payette_ID,Payette_ID,Payette_ID,2002,melt_sum_APE__KGE_meltseason2,-0.22169659064589564,WUS
Payette_ID,Payette_ID,Payette_ID,2002,melt_sum_APE__Qmean_meltseason2_APE,-0.23919713557186173,WUS
Payette_ID,Payette_ID,Payette_ID,2002,SWE_NSE__NSE_meltseason2,-0.10470214160053097,WUS
Payette_ID,Payette_ID,Payette_ID,2002,SWE_NSE__KGE_meltseason2,-0.15360392824292626,WUS
Payette_ID,Payette_ID,Payette_ID,2002,SWE_NSE__Qmean_meltseason2_APE,0.39783358955906356,WUS
Payette_ID,Payette_ID,Payette_ID,2003,SWE_melt_NSE__NSE_meltseason2,0.023211683050798387,WUS
Payette_ID,Payette_ID,Payette_ID,2003,SWE_melt_NSE__KGE_meltseason2,0.042829714727744966,WUS
Payette_ID,Payette_ID,Payette_ID,2003,SWE_melt_NSE__Qmean_meltseason2_APE,0.228236561244578,WUS
Payette_ID,Payette_ID,Payette_ID,2003,melt_sum_APE__NSE_meltseason2,-0.7027036325677369,WUS
Payette_ID,Payette_ID,Payette_ID,2003,melt_sum_APE__KGE_meltseason2,-0.565693567585462,WUS
Payette_ID,Payette_ID,Payette_ID,2003,melt_sum_APE__Qmean_meltseason2_APE,-0.08932404297839597,WUS
Payette_ID,Payette_ID,Payette_ID,2003,SWE_NSE__NSE_meltseason2,-0.12736800832330697,WUS
Payette_ID,Payette_ID,Payette_ID,2003,SWE_NSE__KGE_meltseason2,-0.2903374234608984,WUS
Payette_ID,Payette_ID,Payette_ID,2003,SWE_NSE__Qmean_meltseason2_APE,0.02698947006541113,WUS
Payette_ID,Payette_ID,Payette_ID,2004,SWE_melt_NSE__NSE_meltseason2,-0.13724378929232653,WUS
Payette_ID,Payette_ID,Payette_ID,2004,SWE_melt_NSE__KGE_meltseason2,0.05091696833073582,WUS
Payette_ID,Payette_ID,Payette_ID,2004,SWE_melt_NSE__Qmean_meltseason2_APE,0.07297529406399232,WUS
Payette_ID,Payette_ID,Payette_ID,2004,melt_sum_APE__NSE_meltseason2,-0.5947321668511603,WUS
Payette_ID,Payette_ID,Payette_ID,2004,melt_sum_APE__KGE_meltseason2,-0.48661484481731365,WUS
Payette_ID,Payette_ID,Payette_ID,2004,melt_sum_APE__Qmean_meltseason2_APE,0.2500440078927458,WUS
Payette_ID,Payette_ID,Payette_ID,2004,SWE_NSE__NSE_meltseason2,0.29394757702089436,WUS
Payette_ID,Payette_ID,Payette_ID,2004,SWE_NSE__KGE_meltseason2,0.12916422283720538,WUS
Payette_ID,Payette_ID,Payette_ID,2004,SWE_NSE__Qmean_meltseason2_APE,0.28657396264042617,WUS
Payette_ID,Payette_ID,Payette_ID,2005,SWE_melt_NSE__NSE_meltseason2,0.07847405802308477,WUS
Payette_ID,Payette_ID,Payette_ID,2005,SWE_melt_NSE__KGE_meltseason2,-0.17945261317490113,WUS
Payette_ID,Payette_ID,Payette_ID,2005,SWE_melt_NSE__Qmean_meltseason2_APE,0.22069195015647902,WUS
Payette_ID,Payette_ID,Payette_ID,2005,melt_sum_APE__NSE_meltseason2,-0.1114562483407231,WUS
Payette_ID,Payette_ID,Payette_ID,2005,melt_sum_APE__KGE_meltseason2,0.033128781523569684,WUS
Payette_ID,Payette_ID,Payette_ID,2005,melt_sum_APE__Qmean_meltseason2_APE,0.0058290788021974505,WUS
Payette_ID,Payette_ID,Payette_ID,2005,SWE_NSE__NSE_meltseason2,0.4686623609604773,WUS
Payette_ID,Payette_ID,Payette_ID,2005,SWE_NSE__KGE_meltseason2,0.04426197324377693,WUS
Payette_ID,Payette_ID,Payette_ID,2005,SWE_NSE__Qmean_meltseason2_APE,0.04003651175399476,WUS
Payette_ID,Payette_ID,Payette_ID,2006,SWE_melt_NSE__NSE_meltseason2,-0.12882524505055573,WUS
Payette_ID,Payette_ID,Payette_ID,2006,SWE_melt_NSE__KGE_meltseason2,0.10631146757831222,WUS
Payette_ID,Payette_ID,Payette_ID,2006,SWE_melt_NSE__Qmean_meltseason2_APE,0.46492679499463774,WUS
Payette_ID,Payette_ID,Payette_ID,2006,melt_sum_APE__NSE_meltseason2,-0.6442625255162896,WUS
Payette_ID,Payette_ID,Payette_ID,2006,melt_sum_APE__KGE_meltseason2,-0.6213506098400454,WUS
Payette_ID,Payette_ID,Payette_ID,2006,melt_sum_APE__Qmean_meltseason2_APE,0.11083636677113895,WUS
Payette_ID,Payette_ID,Payette_ID,2006,SWE_NSE__NSE_meltseason2,-0.26434505324702384,WUS
Payette_ID,Payette_ID,Payette_ID,2006,SWE_NSE__KGE_meltseason2,-0.7109820178785734,WUS
Payette_ID,Payette_ID,Payette_ID,2006,SWE_NSE__Qmean_meltseason2_APE,0.2980190260277407,WUS
Payette_ID,Payette_ID,Payette_ID,2007,SWE_melt_NSE__NSE_meltseason2,-0.17637079467262803,WUS
Payette_ID,Payette_ID,Payette_ID,2007,SWE_melt_NSE__KGE_meltseason2,0.14248426387453103,WUS
Payette_ID,Payette_ID,Payette_ID,2007,SWE_melt_NSE__Qmean_meltseason2_APE,0.2407060321943472,WUS
Payette_ID,Payette_ID,Payette_ID,2007,melt_sum_APE__NSE_meltseason2,-0.5016380130461782,WUS
Payette_ID,Payette_ID,Payette_ID,2007,melt_sum_APE__KGE_meltseason2,-0.6085238766139542,WUS
Payette_ID,Payette_ID,Payette_ID,2007,melt_sum_APE__Qmean_meltseason2_APE,-0.00548702931798856,WUS
Payette_ID,Payette_ID,Payette_ID,2007,SWE_NSE__NSE_meltseason2,0.32734014050864496,WUS
Payette_ID,Payette_ID,Payette_ID,2007,SWE_NSE__KGE_meltseason2,0.1265675906092873,WUS
Payette_ID,Payette_ID,Payette_ID,2007,SWE_NSE__Qmean_meltseason2_APE,0.44242059362734204,WUS
Payette_ID,Payette_ID,Payette_ID,2008,SWE_melt_NSE__NSE_meltseason2,-0.07233824523996894,WUS
Payette_ID,Payette_ID,Payette_ID,2008,SWE_melt_NSE__KGE_meltseason2,-0.272988758233342,WUS
Payette_ID,Payette_ID,Payette_ID,2008,SWE_melt_NSE__Qmean_meltseason2_APE,0.3244042876997403,WUS
Payette_ID,Payette_ID,Payette_ID,2008,melt_sum_APE__NSE_meltseason2,-0.4824056320656194,WUS
Payette_ID,Payette_ID,Payette_ID,2008,melt_sum_APE__KGE_meltseason2,-0.9217010008533677,WUS
Payette_ID,Payette_ID,Payette_ID,2008,melt_sum_APE__Qmean_meltseason2_APE,-0.013517241610372151,WUS
Payette_ID,Payette_ID,Payette_ID,2008,SWE_NSE__NSE_meltseason2,0.4351727114391257,WUS
Payette_ID,Payette_ID,Payette_ID,2008,SWE_NSE__KGE_meltseason2,-0.20955411600720833,WUS
Payette_ID,Payette_ID,Payette_ID,2008,SWE_NSE__Qmean_meltseason2_APE,0.812968617314738,WUS
Payette_ID,Payette_ID,Payette_ID,2009,SWE_melt_NSE__NSE_meltseason2,0.055210912863702985,WUS
Payette_ID,Payette_ID,Payette_ID,2009,SWE_melt_NSE__KGE_meltseason2,0.0408778629482434,WUS
Payette_ID,Payette_ID,Payette_ID,2009,SWE_melt_NSE__Qmean_meltseason2_APE,0.3155579518942064,WUS
Payette_ID,Payette_ID,Payette_ID,2009,melt_sum_APE__NSE_meltseason2,-0.4686546036611628,WUS
Payette_ID,Payette_ID,Payette_ID,2009,melt_sum_APE__KGE_meltseason2,-0.22796110615254137,WUS
Payette_ID,Payette_ID,Payette_ID,2009,melt_sum_APE__Qmean_meltseason2_APE,-0.03329832136618097,WUS
Payette_ID,Payette_ID,Payette_ID,2009,SWE_NSE__NSE_meltseason2,0.38481875862656517,WUS
Payette_ID,Payette_ID,Payette_ID,2009,SWE_NSE__KGE_meltseason2,0.10329078073971652,WUS
Payette_ID,Payette_ID,Payette_ID,2009,SWE_NSE__Qmean_meltseason2_APE,0.4158495989574159,WUS
Payette_ID,Payette_ID,Payette_ID,2010,SWE_melt_NSE__NSE_meltseason2,-0.16540952031981937,WUS
Payette_ID,Payette_ID,Payette_ID,2010,SWE_melt_NSE__KGE_meltseason2,0.037457634629833605,WUS
Payette_ID,Payette_ID,Payette_ID,2010,SWE_melt_NSE__Qmean_meltseason2_APE,0.3204322989618812,WUS
Payette_ID,Payette_ID,Payette_ID,2010,melt_sum_APE__NSE_meltseason2,-0.5225659635832891,WUS
Payette_ID,Payette_ID,Payette_ID,2010,melt_sum_APE__KGE_meltseason2,-0.11892952751489425,WUS
Payette_ID,Payette_ID,Payette_ID,2010,melt_sum_APE__Qmean_meltseason2_APE,0.13070736201261346,WUS
Payette_ID,Payette_ID,Payette_ID,2010,SWE_NSE__NSE_meltseason2,0.40025944390756446,WUS
Payette_ID,Payette_ID,Payette_ID,2010,SWE_NSE__KGE_meltseason2,0.11555935907970062,WUS
Payette_ID,Payette_ID,Payette_ID,2010,SWE_NSE__Qmean_meltseason2_APE,0.36357419447518624,WUS
Payette_ID,Payette_ID,Payette_ID,2011,SWE_melt_NSE__NSE_meltseason2,0.046359149151380216,WUS
Payette_ID,Payette_ID,Payette_ID,2011,SWE_melt_NSE__KGE_meltseason2,-0.05104462649279582,WUS
Payette_ID,Payette_ID,Payette_ID,2011,SWE_melt_NSE__Qmean_meltseason2_APE,0.6143738897247029,WUS
Payette_ID,Payette_ID,Payette_ID,2011,melt_sum_APE__NSE_meltseason2,-0.6944832976462947,WUS
Payette_ID,Payette_ID,Payette_ID,2011,melt_sum_APE__KGE_meltseason2,-0.4798457949069419,WUS
Payette_ID,Payette_ID,Payette_ID,2011,melt_sum_APE__Qmean_meltseason2_APE,-0.07419089805125408,WUS
Payette_ID,Payette_ID,Payette_ID,2011,SWE_NSE__NSE_meltseason2,0.2663340528589814,WUS
Payette_ID,Payette_ID,Payette_ID,2011,SWE_NSE__KGE_meltseason2,-0.09490481164910598,WUS
Payette_ID,Payette_ID,Payette_ID,2011,SWE_NSE__Qmean_meltseason2_APE,0.5224448233784289,WUS
Payette_ID,Payette_ID,Payette_ID,2012,SWE_melt_NSE__NSE_meltseason2,-0.20576266256503217,WUS
Payette_ID,Payette_ID,Payette_ID,2012,SWE_melt_NSE__KGE_meltseason2,-0.2742488895798609,WUS
Payette_ID,Payette_ID,Payette_ID,2012,SWE_melt_NSE__Qmean_meltseason2_APE,0.11549171460922732,WUS
Payette_ID,Payette_ID,Payette_ID,2012,melt_sum_APE__NSE_meltseason2,-0.5507110209194547,WUS
Payette_ID,Payette_ID,Payette_ID,2012,melt_sum_APE__KGE_meltseason2,-0.31862403151412816,WUS
Payette_ID,Payette_ID,Payette_ID,2012,melt_sum_APE__Qmean_meltseason2_APE,0.2020075398541719,WUS
Payette_ID,Payette_ID,Payette_ID,2012,SWE_NSE__NSE_meltseason2,0.499762668210481,WUS
Payette_ID,Payette_ID,Payette_ID,2012,SWE_NSE__KGE_meltseason2,0.1464034937974873,WUS
Payette_ID,Payette_ID,Payette_ID,2012,SWE_NSE__Qmean_meltseason2_APE,0.21809883876214894,WUS
Payette_ID,Payette_ID,Payette_ID,2013,SWE_melt_NSE__NSE_meltseason2,-0.05897394801945313,WUS
Payette_ID,Payette_ID,Payette_ID,2013,SWE_melt_NSE__KGE_meltseason2,-0.21079647776833085,WUS
Payette_ID,Payette_ID,Payette_ID,2013,SWE_melt_NSE__Qmean_meltseason2_APE,0.5449529207614253,WUS
Payette_ID,Payette_ID,Payette_ID,2013,melt_sum_APE__NSE_meltseason2,-0.47827873465111914,WUS
Payette_ID,Payette_ID,Payette_ID,2013,melt_sum_APE__KGE_meltseason2,-0.3381556407032923,WUS
Payette_ID,Payette_ID,Payette_ID,2013,melt_sum_APE__Qmean_meltseason2_APE,0.06587402124345114,WUS
Payette_ID,Payette_ID,Payette_ID,2013,SWE_NSE__NSE_meltseason2,0.06509502822188498,WUS
Payette_ID,Payette_ID,Payette_ID,2013,SWE_NSE__KGE_meltseason2,-0.17443931725865724,WUS
Payette_ID,Payette_ID,Payette_ID,2013,SWE_NSE__Qmean_meltseason2_APE,0.5082858008307837,WUS
Payette_ID,Payette_ID,Payette_ID,2014,SWE_melt_NSE__NSE_meltseason2,-0.015174993834243207,WUS
Payette_ID,Payette_ID,Payette_ID,2014,SWE_melt_NSE__KGE_meltseason2,0.020101206056509696,WUS
Payette_ID,Payette_ID,Payette_ID,2014,SWE_melt_NSE__Qmean_meltseason2_APE,0.28295666607479275,WUS
Payette_ID,Payette_ID,Payette_ID,2014,melt_sum_APE__NSE_meltseason2,-0.7234444545125873,WUS
Payette_ID,Payette_ID,Payette_ID,2014,melt_sum_APE__KGE_meltseason2,-0.3557637548573281,WUS
Payette_ID,Payette_ID,Payette_ID,2014,melt_sum_APE__Qmean_meltseason2_APE,0.010909564431186416,WUS
Payette_ID,Payette_ID,Payette_ID,2014,SWE_NSE__NSE_meltseason2,0.16450088619470898,WUS
Payette_ID,Payette_ID,Payette_ID,2014,SWE_NSE__KGE_meltseason2,0.1257907635880863,WUS
Payette_ID,Payette_ID,Payette_ID,2014,SWE_NSE__Qmean_meltseason2_APE,0.3793585238010257,WUS
Payette_ID,Payette_ID,Payette_ID,2015,SWE_melt_NSE__NSE_meltseason2,-0.06732657552046749,WUS
Payette_ID,Payette_ID,Payette_ID,2015,SWE_melt_NSE__KGE_meltseason2,-0.07735030412582275,WUS
Payette_ID,Payette_ID,Payette_ID,2015,SWE_melt_NSE__Qmean_meltseason2_APE,0.1738094868070928,WUS
Payette_ID,Payette_ID,Payette_ID,2015,melt_sum_APE__NSE_meltseason2,-0.48445126416165646,WUS
Payette_ID,Payette_ID,Payette_ID,2015,melt_sum_APE__KGE_meltseason2,-0.28543056508226644,WUS
Payette_ID,Payette_ID,Payette_ID,2015,melt_sum_APE__Qmean_meltseason2_APE,0.05574775749680186,WUS
Payette_ID,Payette_ID,Payette_ID,2015,SWE_NSE__NSE_meltseason2,0.12188310506871458,WUS
Payette_ID,Payette_ID,Payette_ID,2015,SWE_NSE__KGE_meltseason2,0.1719721036529531,WUS
Payette_ID,Payette_ID,Payette_ID,2015,SWE_NSE__Qmean_meltseason2_APE,0.23053866003808776,WUS
Payette_ID,Payette_ID,Payette_ID,2016,SWE_melt_NSE__NSE_meltseason2,-0.12443377553601569,WUS
Payette_ID,Payette_ID,Payette_ID,2016,SWE_melt_NSE__KGE_meltseason2,-0.038319304028234975,WUS
Payette_ID,Payette_ID,Payette_ID,2016,SWE_melt_NSE__Qmean_meltseason2_APE,0.3938266507574302,WUS
Payette_ID,Payette_ID,Payette_ID,2016,melt_sum_APE__NSE_meltseason2,-0.7226712588466968,WUS
Payette_ID,Payette_ID,Payette_ID,2016,melt_sum_APE__KGE_meltseason2,-0.41102534782365324,WUS
Payette_ID,Payette_ID,Payette_ID,2016,melt_sum_APE__Qmean_meltseason2_APE,-0.04140860426518413,WUS
Payette_ID,Payette_ID,Payette_ID,2016,SWE_NSE__NSE_meltseason2,0.19655828111292087,WUS
Payette_ID,Payette_ID,Payette_ID,2016,SWE_NSE__KGE_meltseason2,-0.07893046922171965,WUS
Payette_ID,Payette_ID,Payette_ID,2016,SWE_NSE__Qmean_meltseason2_APE,0.3353513550307238,WUS
Payette_ID,Payette_ID,Payette_ID,2017,SWE_melt_NSE__NSE_meltseason2,0.0009444812388972008,WUS
Payette_ID,Payette_ID,Payette_ID,2017,SWE_melt_NSE__KGE_meltseason2,0.34458611331491706,WUS
Payette_ID,Payette_ID,Payette_ID,2017,SWE_melt_NSE__Qmean_meltseason2_APE,0.4060067392455635,WUS
Payette_ID,Payette_ID,Payette_ID,2017,melt_sum_APE__NSE_meltseason2,-0.5203703808209695,WUS
Payette_ID,Payette_ID,Payette_ID,2017,melt_sum_APE__KGE_meltseason2,-0.3354068421213164,WUS
Payette_ID,Payette_ID,Payette_ID,2017,melt_sum_APE__Qmean_meltseason2_APE,-0.1435149815014556,WUS
Payette_ID,Payette_ID,Payette_ID,2017,SWE_NSE__NSE_meltseason2,0.18666126579339354,WUS
Payette_ID,Payette_ID,Payette_ID,2017,SWE_NSE__KGE_meltseason2,-0.09934637247588773,WUS
Payette_ID,Payette_ID,Payette_ID,2017,SWE_NSE__Qmean_meltseason2_APE,0.2503641729633308,WUS
Payette_ID,Payette_ID,Payette_ID,2018,SWE_melt_NSE__NSE_meltseason2,-0.03888901339359501,WUS
Payette_ID,Payette_ID,Payette_ID,2018,SWE_melt_NSE__KGE_meltseason2,0.059770127542299524,WUS
Payette_ID,Payette_ID,Payette_ID,2018,SWE_melt_NSE__Qmean_meltseason2_APE,0.1316234917886765,WUS
Payette_ID,Payette_ID,Payette_ID,2018,melt_sum_APE__NSE_meltseason2,-0.46307939565244177,WUS
Payette_ID,Payette_ID,Payette_ID,2018,melt_sum_APE__KGE_meltseason2,-0.5364937910866805,WUS
Payette_ID,Payette_ID,Payette_ID,2018,melt_sum_APE__Qmean_meltseason2_APE,-0.11461933843831053,WUS
Payette_ID,Payette_ID,Payette_ID,2018,SWE_NSE__NSE_meltseason2,0.11647665981590898,WUS
Payette_ID,Payette_ID,Payette_ID,2018,SWE_NSE__KGE_meltseason2,-0.09856383448358935,WUS
Payette_ID,Payette_ID,Payette_ID,2018,SWE_NSE__Qmean_meltseason2_APE,0.284133196490092,WUS
Payette_ID,Payette_ID,Payette_ID,2019,SWE_melt_NSE__NSE_meltseason2,-0.1394463463910402,WUS
Payette_ID,Payette_ID,Payette_ID,2019,SWE_melt_NSE__KGE_meltseason2,-0.3161868335945992,WUS
Payette_ID,Payette_ID,Payette_ID,2019,SWE_melt_NSE__Qmean_meltseason2_APE,0.1901264512794348,WUS
Payette_ID,Payette_ID,Payette_ID,2019,melt_sum_APE__NSE_meltseason2,-0.5750072228708487,WUS
Payette_ID,Payette_ID,Payette_ID,2019,melt_sum_APE__KGE_meltseason2,-0.4561175725694688,WUS
Payette_ID,Payette_ID,Payette_ID,2019,melt_sum_APE__Qmean_meltseason2_APE,-0.08953395016765399,WUS
Payette_ID,Payette_ID,Payette_ID,2019,SWE_NSE__NSE_meltseason2,0.28623787823080704,WUS
Payette_ID,Payette_ID,Payette_ID,2019,SWE_NSE__KGE_meltseason2,-0.2553914106599805,WUS
Payette_ID,Payette_ID,Payette_ID,2019,SWE_NSE__Qmean_meltseason2_APE,0.16221522927046234,WUS
Payette_ID,Payette_ID,Payette_ID,2020,SWE_melt_NSE__NSE_meltseason2,-0.16528825457144775,WUS
Payette_ID,Payette_ID,Payette_ID,2020,SWE_melt_NSE__KGE_meltseason2,-0.21667252100277723,WUS
Payette_ID,Payette_ID,Payette_ID,2020,SWE_melt_NSE__Qmean_meltseason2_APE,-0.004866781055096346,WUS
Payette_ID,Payette_ID,Payette_ID,2020,melt_sum_APE__NSE_meltseason2,-0.5225816600139178,WUS
Payette_ID,Payette_ID,Payette_ID,2020,melt_sum_APE__KGE_meltseason2,-0.4959710086737823,WUS
Payette_ID,Payette_ID,Payette_ID,2020,melt_sum_APE__Qmean_meltseason2_APE,0.12191523260046301,WUS
Payette_ID,Payette_ID,Payette_ID,2020,SWE_NSE__NSE_meltseason2,0.3202179114391046,WUS
Payette_ID,Payette_ID,Payette_ID,2020,SWE_NSE__KGE_meltseason2,0.04036401100790594,WUS
Payette_ID,Payette_ID,Payette_ID,2020,SWE_NSE__Qmean_meltseason2_APE,0.07367789790637397,WUS
Payette_ID,Payette_ID,Payette_ID,2021,SWE_melt_NSE__NSE_meltseason2,0.10927129977232956,WUS
Payette_ID,Payette_ID,Payette_ID,2021,SWE_melt_NSE__KGE_meltseason2,-0.22008282961955028,WUS
Payette_ID,Payette_ID,Payette_ID,2021,SWE_melt_NSE__Qmean_meltseason2_APE,0.371636681929435,WUS
Payette_ID,Payette_ID,Payette_ID,2021,melt_sum_APE__NSE_meltseason2,-0.7490302771590303,WUS
Payette_ID,Payette_ID,Payette_ID,2021,melt_sum_APE__KGE_meltseason2,-0.6546489522550596,WUS
Payette_ID,Payette_ID,Payette_ID,2021,melt_sum_APE__Qmean_meltseason2_APE,0.06978391661902675,WUS
Payette_ID,Payette_ID,Payette_ID,2021,SWE_NSE__NSE_meltseason2,0.12165167134049694,WUS
Payette_ID,Payette_ID,Payette_ID,2021,SWE_NSE__KGE_meltseason2,-0.2184375078410193,WUS
Payette_ID,Payette_ID,Payette_ID,2021,SWE_NSE__Qmean_meltseason2_APE,0.3760366954849025,WUS
Payette_ID,Payette_ID,Payette_ID,2022,SWE_melt_NSE__NSE_meltseason2,-0.31205600549507245,WUS
Payette_ID,Payette_ID,Payette_ID,2022,SWE_melt_NSE__KGE_meltseason2,-0.16413302336405247,WUS
Payette_ID,Payette_ID,Payette_ID,2022,SWE_melt_NSE__Qmean_meltseason2_APE,-0.14313255906347327,WUS
Payette_ID,Payette_ID,Payette_ID,2022,melt_sum_APE__NSE_meltseason2,-0.6996096072015021,WUS
Payette_ID,Payette_ID,Payette_ID,2022,melt_sum_APE__KGE_meltseason2,-0.6079431561149109,WUS
Payette_ID,Payette_ID,Payette_ID,2022,melt_sum_APE__Qmean_meltseason2_APE,0.36665703690795115,WUS
Payette_ID,Payette_ID,Payette_ID,2022,SWE_NSE__NSE_meltseason2,0.23167542607152347,WUS
Payette_ID,Payette_ID,Payette_ID,2022,SWE_NSE__KGE_meltseason2,-0.09541596171472963,WUS
Payette_ID,Payette_ID,Payette_ID,2022,SWE_NSE__Qmean_meltseason2_APE,0.2191530084962747,WUS
Pitman_CA,Pitman_CA,Pitman_CA,2001,SWE_melt_NSE__NSE_meltseason2,0.010837979621295008,WUS
Pitman_CA,Pitman_CA,Pitman_CA,2001,SWE_melt_NSE__KGE_meltseason2,-0.022892831411459844,WUS
Pitman_CA,Pitman_CA,Pitman_CA,2001,SWE_melt_NSE__Qmean_meltseason2_APE,0.5517489539928699,WUS
Pitman_CA,Pitman_CA,Pitman_CA,2001,melt_sum_APE__NSE_meltseason2,-0.7811432389138716,WUS
Pitman_CA,Pitman_CA,Pitman_CA,2001,melt_sum_APE__KGE_meltseason2,-0.7689509268335795,WUS
Pitman_CA,Pitman_CA,Pitman_CA,2001,melt_sum_APE__Qmean_meltseason2_APE,0.051501554823533593,WUS
Pitman_CA,Pitman_CA,Pitman_CA,2001,SWE_NSE__NSE_meltseason2,-0.04365683417424424,WUS
Pitman_CA,Pitman_CA,Pitman_CA,2001,SWE_NSE__KGE_meltseason2,0.09644511695473776,WUS
Pitman_CA,Pitman_CA,Pitman_CA,2001,SWE_NSE__Qmean_meltseason2_APE,0.6186810714174358,WUS
Pitman_CA,Pitman_CA,Pitman_CA,2002,SWE_melt_NSE__NSE_meltseason2,0.06210120674329322,WUS
Pitman_CA,Pitman_CA,Pitman_CA,2002,SWE_melt_NSE__KGE_meltseason2,0.05911821555637787,WUS
Pitman_CA,Pitman_CA,Pitman_CA,2002,SWE_melt_NSE__Qmean_meltseason2_APE,0.44248856710036,WUS
Pitman_CA,Pitman_CA,Pitman_CA,2002,melt_sum_APE__NSE_meltseason2,-0.5551815088555774,WUS
Pitman_CA,Pitman_CA,Pitman_CA,2002,melt_sum_APE__KGE_meltseason2,-0.6858654148325081,WUS
Pitman_CA,Pitman_CA,Pitman_CA,2002,melt_sum_APE__Qmean_meltseason2_APE,0.1322574269960274,WUS
Pitman_CA,Pitman_CA,Pitman_CA,2002,SWE_NSE__NSE_meltseason2,0.3193587352752292,WUS
Pitman_CA,Pitman_CA,Pitman_CA,2002,SWE_NSE__KGE_meltseason2,-0.032588513540246486,WUS
Pitman_CA,Pitman_CA,Pitman_CA,2002,SWE_NSE__Qmean_meltseason2_APE,0.2691951998117691,WUS
Pitman_CA,Pitman_CA,Pitman_CA,2003,SWE_melt_NSE__NSE_meltseason2,-0.03470706497277498,WUS
Pitman_CA,Pitman_CA,Pitman_CA,2003,SWE_melt_NSE__KGE_meltseason2,0.06723374796474924,WUS
Pitman_CA,Pitman_CA,Pitman_CA,2003,SWE_melt_NSE__Qmean_meltseason2_APE,0.36814960576695105,WUS
Pitman_CA,Pitman_CA,Pitman_CA,2003,melt_sum_APE__NSE_meltseason2,-0.6218585222679818,WUS
Pitman_CA,Pitman_CA,Pitman_CA,2003,melt_sum_APE__KGE_meltseason2,-0.5724746457181704,WUS
Pitman_CA,Pitman_CA,Pitman_CA,2003,melt_sum_APE__Qmean_meltseason2_APE,0.0014616972282691157,WUS
Pitman_CA,Pitman_CA,Pitman_CA,2003,SWE_NSE__NSE_meltseason2,-0.12799054959580475,WUS
Pitman_CA,Pitman_CA,Pitman_CA,2003,SWE_NSE__KGE_meltseason2,0.04881865617222739,WUS
Pitman_CA,Pitman_CA,Pitman_CA,2003,SWE_NSE__Qmean_meltseason2_APE,0.5099792637665248,WUS
Pitman_CA,Pitman_CA,Pitman_CA,2004,SWE_melt_NSE__NSE_meltseason2,-0.22749721059648942,WUS
Pitman_CA,Pitman_CA,Pitman_CA,2004,SWE_melt_NSE__KGE_meltseason2,-0.33053177864841005,WUS
Pitman_CA,Pitman_CA,Pitman_CA,2004,SWE_melt_NSE__Qmean_meltseason2_APE,0.22264574794656117,WUS
Pitman_CA,Pitman_CA,Pitman_CA,2004,melt_sum_APE__NSE_meltseason2,-0.7575531327827469,WUS
Pitman_CA,Pitman_CA,Pitman_CA,2004,melt_sum_APE__KGE_meltseason2,-1.0008888672803489,WUS
Pitman_CA,Pitman_CA,Pitman_CA,2004,melt_sum_APE__Qmean_meltseason2_APE,-0.1281695568768441,WUS
Pitman_CA,Pitman_CA,Pitman_CA,2004,SWE_NSE__NSE_meltseason2,-0.12918543535333762,WUS
Pitman_CA,Pitman_CA,Pitman_CA,2004,SWE_NSE__KGE_meltseason2,-0.15075054482851785,WUS
Pitman_CA,Pitman_CA,Pitman_CA,2004,SWE_NSE__Qmean_meltseason2_APE,0.8286627790975496,WUS
Pitman_CA,Pitman_CA,Pitman_CA,2005,SWE_melt_NSE__NSE_meltseason2,0.05727737797972948,WUS
Pitman_CA,Pitman_CA,Pitman_CA,2005,SWE_melt_NSE__KGE_meltseason2,0.15657658618431053,WUS
Pitman_CA,Pitman_CA,Pitman_CA,2005,SWE_melt_NSE__Qmean_meltseason2_APE,0.49130960600835205,WUS
Pitman_CA,Pitman_CA,Pitman_CA,2005,melt_sum_APE__NSE_meltseason2,-0.42875173690615775,WUS
Pitman_CA,Pitman_CA,Pitman_CA,2005,melt_sum_APE__KGE_meltseason2,-0.5973948755635358,WUS
Pitman_CA,Pitman_CA,Pitman_CA,2005,melt_sum_APE__Qmean_meltseason2_APE,-0.31762938110670735,WUS
Pitman_CA,Pitman_CA,Pitman_CA,2005,SWE_NSE__NSE_meltseason2,0.07781408451574577,WUS
Pitman_CA,Pitman_CA,Pitman_CA,2005,SWE_NSE__KGE_meltseason2,-0.6559937396535729,WUS
Pitman_CA,Pitman_CA,Pitman_CA,2005,SWE_NSE__Qmean_meltseason2_APE,0.3466295998146601,WUS
Pitman_CA,Pitman_CA,Pitman_CA,2006,SWE_melt_NSE__NSE_meltseason2,0.003595503520545605,WUS
Pitman_CA,Pitman_CA,Pitman_CA,2006,SWE_melt_NSE__KGE_meltseason2,-0.096529465355188,WUS
Pitman_CA,Pitman_CA,Pitman_CA,2006,SWE_melt_NSE__Qmean_meltseason2_APE,0.4133422052636864,WUS
Pitman_CA,Pitman_CA,Pitman_CA,2006,melt_sum_APE__NSE_meltseason2,-0.568845470708527,WUS
Pitman_CA,Pitman_CA,Pitman_CA,2006,melt_sum_APE__KGE_meltseason2,-0.4620812888672355,WUS
Pitman_CA,Pitman_CA,Pitman_CA,2006,melt_sum_APE__Qmean_meltseason2_APE,-0.16022229205745045,WUS
Pitman_CA,Pitman_CA,Pitman_CA,2006,SWE_NSE__NSE_meltseason2,0.2789269417864817,WUS
Pitman_CA,Pitman_CA,Pitman_CA,2006,SWE_NSE__KGE_meltseason2,-0.4839265375477175,WUS
Pitman_CA,Pitman_CA,Pitman_CA,2006,SWE_NSE__Qmean_meltseason2_APE,0.18383171711541146,WUS
Pitman_CA,Pitman_CA,Pitman_CA,2007,SWE_melt_NSE__NSE_meltseason2,0.06047499849550171,WUS
Pitman_CA,Pitman_CA,Pitman_CA,2007,SWE_melt_NSE__KGE_meltseason2,0.15058594857652197,WUS
Pitman_CA,Pitman_CA,Pitman_CA,2007,SWE_melt_NSE__Qmean_meltseason2_APE,0.4967893053949388,WUS
Pitman_CA,Pitman_CA,Pitman_CA,2007,melt_sum_APE__NSE_meltseason2,-0.985443702931395,WUS
Pitman_CA,Pitman_CA,Pitman_CA,2007,melt_sum_APE__KGE_meltseason2,-0.7486936120051462,WUS
Pitman_CA,Pitman_CA,Pitman_CA,2007,melt_sum_APE__Qmean_meltseason2_APE,-0.1595053761927732,WUS
Pitman_CA,Pitman_CA,Pitman_CA,2007,SWE_NSE__NSE_meltseason2,0.09979559518766637,WUS
Pitman_CA,Pitman_CA,Pitman_CA,2007,SWE_NSE__KGE_meltseason2,0.26428403349173135,WUS
Pitman_CA,Pitman_CA,Pitman_CA,2007,SWE_NSE__Qmean_meltseason2_APE,0.5207139032714763,WUS
Pitman_CA,Pitman_CA,Pitman_CA,2008,SWE_melt_NSE__NSE_meltseason2,-0.06949862734157788,WUS
Pitman_CA,Pitman_CA,Pitman_CA,2008,SWE_melt_NSE__KGE_meltseason2,-0.07691354403546796,WUS
Pitman_CA,Pitman_CA,Pitman_CA,2008,SWE_melt_NSE__Qmean_meltseason2_APE,0.17029383566160078,WUS
Pitman_CA,Pitman_CA,Pitman_CA,2008,melt_sum_APE__NSE_meltseason2,-0.5013519849664233,WUS
Pitman_CA,Pitman_CA,Pitman_CA,2008,melt_sum_APE__KGE_meltseason2,-0.5466870320699414,WUS
Pitman_CA,Pitman_CA,Pitman_CA,2008,melt_sum_APE__Qmean_meltseason2_APE,-0.05992539623205401,WUS
Pitman_CA,Pitman_CA,Pitman_CA,2008,SWE_NSE__NSE_meltseason2,0.2289644579188059,WUS
Pitman_CA,Pitman_CA,Pitman_CA,2008,SWE_NSE__KGE_meltseason2,0.01781352025513663,WUS
Pitman_CA,Pitman_CA,Pitman_CA,2008,SWE_NSE__Qmean_meltseason2_APE,0.2910800016229112,WUS
Pitman_CA,Pitman_CA,Pitman_CA,2009,SWE_melt_NSE__NSE_meltseason2,-0.0990139975224896,WUS
Pitman_CA,Pitman_CA,Pitman_CA,2009,SWE_melt_NSE__KGE_meltseason2,-0.07880386761304921,WUS
Pitman_CA,Pitman_CA,Pitman_CA,2009,SWE_melt_NSE__Qmean_meltseason2_APE,0.4542114414545593,WUS
Pitman_CA,Pitman_CA,Pitman_CA,2009,melt_sum_APE__NSE_meltseason2,-0.5253409948186343,WUS
Pitman_CA,Pitman_CA,Pitman_CA,2009,melt_sum_APE__KGE_meltseason2,-0.49323053113616583,WUS
Pitman_CA,Pitman_CA,Pitman_CA,2009,melt_sum_APE__Qmean_meltseason2_APE,-0.11108046808274301,WUS
Pitman_CA,Pitman_CA,Pitman_CA,2009,SWE_NSE__NSE_meltseason2,0.008487779793207218,WUS
Pitman_CA,Pitman_CA,Pitman_CA,2009,SWE_NSE__KGE_meltseason2,-0.25921775006050357,WUS
Pitman_CA,Pitman_CA,Pitman_CA,2009,SWE_NSE__Qmean_meltseason2_APE,0.48841480554081407,WUS
Pitman_CA,Pitman_CA,Pitman_CA,2010,SWE_melt_NSE__NSE_meltseason2,-0.004415966229864518,WUS
Pitman_CA,Pitman_CA,Pitman_CA,2010,SWE_melt_NSE__KGE_meltseason2,0.03334629245864285,WUS
Pitman_CA,Pitman_CA,Pitman_CA,2010,SWE_melt_NSE__Qmean_meltseason2_APE,0.39440710776115634,WUS
Pitman_CA,Pitman_CA,Pitman_CA,2010,melt_sum_APE__NSE_meltseason2,-0.4089063165162247,WUS
Pitman_CA,Pitman_CA,Pitman_CA,2010,melt_sum_APE__KGE_meltseason2,-0.5102514070537649,WUS
Pitman_CA,Pitman_CA,Pitman_CA,2010,melt_sum_APE__Qmean_meltseason2_APE,-0.04261203862733946,WUS
Pitman_CA,Pitman_CA,Pitman_CA,2010,SWE_NSE__NSE_meltseason2,0.13442330898842694,WUS
Pitman_CA,Pitman_CA,Pitman_CA,2010,SWE_NSE__KGE_meltseason2,-0.44980984280231895,WUS
Pitman_CA,Pitman_CA,Pitman_CA,2010,SWE_NSE__Qmean_meltseason2_APE,0.4003586543489167,WUS
Pitman_CA,Pitman_CA,Pitman_CA,2011,SWE_melt_NSE__NSE_meltseason2,-0.025134695682654716,WUS
Pitman_CA,Pitman_CA,Pitman_CA,2011,SWE_melt_NSE__KGE_meltseason2,-0.025404545253091573,WUS
Pitman_CA,Pitman_CA,Pitman_CA,2011,SWE_melt_NSE__Qmean_meltseason2_APE,0.27861043618944437,WUS
Pitman_CA,Pitman_CA,Pitman_CA,2011,melt_sum_APE__NSE_meltseason2,-0.0443672421675194,WUS
Pitman_CA,Pitman_CA,Pitman_CA,2011,melt_sum_APE__KGE_meltseason2,-0.3615380163587477,WUS
Pitman_CA,Pitman_CA,Pitman_CA,2011,melt_sum_APE__Qmean_meltseason2_APE,0.17133457169698385,WUS
Pitman_CA,Pitman_CA,Pitman_CA,2011,SWE_NSE__NSE_meltseason2,0.12371674158591417,WUS
Pitman_CA,Pitman_CA,Pitman_CA,2011,SWE_NSE__KGE_meltseason2,-0.29887960478051606,WUS
Pitman_CA,Pitman_CA,Pitman_CA,2011,SWE_NSE__Qmean_meltseason2_APE,0.3611920225486914,WUS
Pitman_CA,Pitman_CA,Pitman_CA,2012,SWE_melt_NSE__NSE_meltseason2,-0.06850445125566326,WUS
Pitman_CA,Pitman_CA,Pitman_CA,2012,SWE_melt_NSE__KGE_meltseason2,-0.17006573158346547,WUS
Pitman_CA,Pitman_CA,Pitman_CA,2012,SWE_melt_NSE__Qmean_meltseason2_APE,0.3038537094509478,WUS
Pitman_CA,Pitman_CA,Pitman_CA,2012,melt_sum_APE__NSE_meltseason2,-0.6549284525070923,WUS
Pitman_CA,Pitman_CA,Pitman_CA,2012,melt_sum_APE__KGE_meltseason2,-0.573408435866594,WUS
Pitman_CA,Pitman_CA,Pitman_CA,2012,melt_sum_APE__Qmean_meltseason2_APE,0.03775685573837827,WUS
Pitman_CA,Pitman_CA,Pitman_CA,2012,SWE_NSE__NSE_meltseason2,-0.14467326297271343,WUS
Pitman_CA,Pitman_CA,Pitman_CA,2012,SWE_NSE__KGE_meltseason2,0.020534716464794,WUS
Pitman_CA,Pitman_CA,Pitman_CA,2012,SWE_NSE__Qmean_meltseason2_APE,0.3123612034930028,WUS
Pitman_CA,Pitman_CA,Pitman_CA,2013,SWE_melt_NSE__NSE_meltseason2,-0.12032747515596613,WUS
Pitman_CA,Pitman_CA,Pitman_CA,2013,SWE_melt_NSE__KGE_meltseason2,-0.13587672969571088,WUS
Pitman_CA,Pitman_CA,Pitman_CA,2013,SWE_melt_NSE__Qmean_meltseason2_APE,0.16287680878970223,WUS
Pitman_CA,Pitman_CA,Pitman_CA,2013,melt_sum_APE__NSE_meltseason2,-0.3842747819242815,WUS
Pitman_CA,Pitman_CA,Pitman_CA,2013,melt_sum_APE__KGE_meltseason2,-0.3398126867455344,WUS
Pitman_CA,Pitman_CA,Pitman_CA,2013,melt_sum_APE__Qmean_meltseason2_APE,0.08680482753727274,WUS
Pitman_CA,Pitman_CA,Pitman_CA,2013,SWE_NSE__NSE_meltseason2,-0.07874562414923057,WUS
Pitman_CA,Pitman_CA,Pitman_CA,2013,SWE_NSE__KGE_meltseason2,0.06523397267973796,WUS
Pitman_CA,Pitman_CA,Pitman_CA,2013,SWE_NSE__Qmean_meltseason2_APE,0.47471029514556473,WUS
Pitman_CA,Pitman_CA,Pitman_CA,2014,SWE_melt_NSE__NSE_meltseason2,-0.17581199372173087,WUS
Pitman_CA,Pitman_CA,Pitman_CA,2014,SWE_melt_NSE__KGE_meltseason2,-0.03961114686007219,WUS
Pitman_CA,Pitman_CA,Pitman_CA,2014,SWE_melt_NSE__Qmean_meltseason2_APE,0.3130012384170216,WUS
Pitman_CA,Pitman_CA,Pitman_CA,2014,melt_sum_APE__NSE_meltseason2,-0.3565756361756073,WUS
Pitman_CA,Pitman_CA,Pitman_CA,2014,melt_sum_APE__KGE_meltseason2,-0.6050414526281276,WUS
Pitman_CA,Pitman_CA,Pitman_CA,2014,melt_sum_APE__Qmean_meltseason2_APE,0.00761644296104151,WUS
Pitman_CA,Pitman_CA,Pitman_CA,2014,SWE_NSE__NSE_meltseason2,-0.589877991135273,WUS
Pitman_CA,Pitman_CA,Pitman_CA,2014,SWE_NSE__KGE_meltseason2,-0.33509667631308604,WUS
Pitman_CA,Pitman_CA,Pitman_CA,2014,SWE_NSE__Qmean_meltseason2_APE,-0.1408933219377444,WUS
Pitman_CA,Pitman_CA,Pitman_CA,2015,SWE_melt_NSE__NSE_meltseason2,-0.5301331396698383,WUS
Pitman_CA,Pitman_CA,Pitman_CA,2015,SWE_melt_NSE__KGE_meltseason2,-0.11048869265650976,WUS
Pitman_CA,Pitman_CA,Pitman_CA,2015,SWE_melt_NSE__Qmean_meltseason2_APE,-0.06865434847121062,WUS
Pitman_CA,Pitman_CA,Pitman_CA,2015,melt_sum_APE__NSE_meltseason2,-0.16980835875793895,WUS
Pitman_CA,Pitman_CA,Pitman_CA,2015,melt_sum_APE__KGE_meltseason2,0.24930880959900187,WUS
Pitman_CA,Pitman_CA,Pitman_CA,2015,melt_sum_APE__Qmean_meltseason2_APE,0.19535921946932672,WUS
Pitman_CA,Pitman_CA,Pitman_CA,2015,SWE_NSE__NSE_meltseason2,-0.2715298669676674,WUS
Pitman_CA,Pitman_CA,Pitman_CA,2015,SWE_NSE__KGE_meltseason2,0.1227573715126586,WUS
Pitman_CA,Pitman_CA,Pitman_CA,2015,SWE_NSE__Qmean_meltseason2_APE,0.04483385532932205,WUS
Pitman_CA,Pitman_CA,Pitman_CA,2016,SWE_melt_NSE__NSE_meltseason2,-0.12376065667887803,WUS
Pitman_CA,Pitman_CA,Pitman_CA,2016,SWE_melt_NSE__KGE_meltseason2,-0.07509775590409655,WUS
Pitman_CA,Pitman_CA,Pitman_CA,2016,SWE_melt_NSE__Qmean_meltseason2_APE,0.5791993034359586,WUS
Pitman_CA,Pitman_CA,Pitman_CA,2016,melt_sum_APE__NSE_meltseason2,-0.5634164014208917,WUS
Pitman_CA,Pitman_CA,Pitman_CA,2016,melt_sum_APE__KGE_meltseason2,-0.48538836094419585,WUS
Pitman_CA,Pitman_CA,Pitman_CA,2016,melt_sum_APE__Qmean_meltseason2_APE,-0.211309920518691,WUS
Pitman_CA,Pitman_CA,Pitman_CA,2016,SWE_NSE__NSE_meltseason2,-0.0707391993714415,WUS
Pitman_CA,Pitman_CA,Pitman_CA,2016,SWE_NSE__KGE_meltseason2,-0.06645291333222747,WUS
Pitman_CA,Pitman_CA,Pitman_CA,2016,SWE_NSE__Qmean_meltseason2_APE,0.3000467662460662,WUS
Pitman_CA,Pitman_CA,Pitman_CA,2017,SWE_melt_NSE__NSE_meltseason2,0.04000619412028543,WUS
Pitman_CA,Pitman_CA,Pitman_CA,2017,SWE_melt_NSE__KGE_meltseason2,-0.003611253552378836,WUS
Pitman_CA,Pitman_CA,Pitman_CA,2017,SWE_melt_NSE__Qmean_meltseason2_APE,0.44749720367836565,WUS
Pitman_CA,Pitman_CA,Pitman_CA,2017,melt_sum_APE__NSE_meltseason2,-0.645376683547178,WUS
Pitman_CA,Pitman_CA,Pitman_CA,2017,melt_sum_APE__KGE_meltseason2,-0.42684644748904804,WUS
Pitman_CA,Pitman_CA,Pitman_CA,2017,melt_sum_APE__Qmean_meltseason2_APE,-0.10338728151072998,WUS
Pitman_CA,Pitman_CA,Pitman_CA,2017,SWE_NSE__NSE_meltseason2,-0.08649561316266477,WUS
Pitman_CA,Pitman_CA,Pitman_CA,2017,SWE_NSE__KGE_meltseason2,-0.47655984689302705,WUS
Pitman_CA,Pitman_CA,Pitman_CA,2017,SWE_NSE__Qmean_meltseason2_APE,0.26658281410879286,WUS
Pitman_CA,Pitman_CA,Pitman_CA,2018,SWE_melt_NSE__NSE_meltseason2,-0.25882120829117383,WUS
Pitman_CA,Pitman_CA,Pitman_CA,2018,SWE_melt_NSE__KGE_meltseason2,-0.0022219241122104876,WUS
Pitman_CA,Pitman_CA,Pitman_CA,2018,SWE_melt_NSE__Qmean_meltseason2_APE,0.6326877807377735,WUS
Pitman_CA,Pitman_CA,Pitman_CA,2018,melt_sum_APE__NSE_meltseason2,-0.695856894279804,WUS
Pitman_CA,Pitman_CA,Pitman_CA,2018,melt_sum_APE__KGE_meltseason2,-0.7470616654685089,WUS
Pitman_CA,Pitman_CA,Pitman_CA,2018,melt_sum_APE__Qmean_meltseason2_APE,-0.1826855419360819,WUS
Pitman_CA,Pitman_CA,Pitman_CA,2018,SWE_NSE__NSE_meltseason2,0.018067135341823016,WUS
Pitman_CA,Pitman_CA,Pitman_CA,2018,SWE_NSE__KGE_meltseason2,0.15315999049569812,WUS
Pitman_CA,Pitman_CA,Pitman_CA,2018,SWE_NSE__Qmean_meltseason2_APE,0.8087078604246616,WUS
Pitman_CA,Pitman_CA,Pitman_CA,2019,SWE_melt_NSE__NSE_meltseason2,-0.13766365417253004,WUS
Pitman_CA,Pitman_CA,Pitman_CA,2019,SWE_melt_NSE__KGE_meltseason2,-0.10040543459217495,WUS
Pitman_CA,Pitman_CA,Pitman_CA,2019,SWE_melt_NSE__Qmean_meltseason2_APE,0.22588993340327856,WUS
Pitman_CA,Pitman_CA,Pitman_CA,2019,melt_sum_APE__NSE_meltseason2,-0.36344706165203683,WUS
Pitman_CA,Pitman_CA,Pitman_CA,2019,melt_sum_APE__KGE_meltseason2,-0.2930237241884482,WUS
Pitman_CA,Pitman_CA,Pitman_CA,2019,melt_sum_APE__Qmean_meltseason2_APE,0.0772478515980079,WUS
Pitman_CA,Pitman_CA,Pitman_CA,2019,SWE_NSE__NSE_meltseason2,0.04583465371766816,WUS
Pitman_CA,Pitman_CA,Pitman_CA,2019,SWE_NSE__KGE_meltseason2,-0.17292238573889845,WUS
Pitman_CA,Pitman_CA,Pitman_CA,2019,SWE_NSE__Qmean_meltseason2_APE,0.28151658351459496,WUS
Pitman_CA,Pitman_CA,Pitman_CA,2020,SWE_melt_NSE__NSE_meltseason2,-0.09060994132193635,WUS
Pitman_CA,Pitman_CA,Pitman_CA,2020,SWE_melt_NSE__KGE_meltseason2,0.22591911408998974,WUS
Pitman_CA,Pitman_CA,Pitman_CA,2020,SWE_melt_NSE__Qmean_meltseason2_APE,0.2532304955026636,WUS
Pitman_CA,Pitman_CA,Pitman_CA,2020,melt_sum_APE__NSE_meltseason2,-0.7319728644474848,WUS
Pitman_CA,Pitman_CA,Pitman_CA,2020,melt_sum_APE__KGE_meltseason2,-0.48170635964130054,WUS
Pitman_CA,Pitman_CA,Pitman_CA,2020,melt_sum_APE__Qmean_meltseason2_APE,0.03694520317263505,WUS
Pitman_CA,Pitman_CA,Pitman_CA,2020,SWE_NSE__NSE_meltseason2,-0.037688517207255794,WUS
Pitman_CA,Pitman_CA,Pitman_CA,2020,SWE_NSE__KGE_meltseason2,0.2348713606181389,WUS
Pitman_CA,Pitman_CA,Pitman_CA,2020,SWE_NSE__Qmean_meltseason2_APE,0.2307331027775902,WUS
Pitman_CA,Pitman_CA,Pitman_CA,2021,SWE_melt_NSE__NSE_meltseason2,0.06686098040533946,WUS
Pitman_CA,Pitman_CA,Pitman_CA,2021,SWE_melt_NSE__KGE_meltseason2,-0.4461104837115764,WUS
Pitman_CA,Pitman_CA,Pitman_CA,2021,SWE_melt_NSE__Qmean_meltseason2_APE,0.6793501525138462,WUS
Pitman_CA,Pitman_CA,Pitman_CA,2021,melt_sum_APE__NSE_meltseason2,-0.5923336523612461,WUS
Pitman_CA,Pitman_CA,Pitman_CA,2021,melt_sum_APE__KGE_meltseason2,-0.48681916606636594,WUS
Pitman_CA,Pitman_CA,Pitman_CA,2021,melt_sum_APE__Qmean_meltseason2_APE,0.17156273095577634,WUS
Pitman_CA,Pitman_CA,Pitman_CA,2021,SWE_NSE__NSE_meltseason2,0.2021888506132668,WUS
Pitman_CA,Pitman_CA,Pitman_CA,2021,SWE_NSE__KGE_meltseason2,-0.08724998036729856,WUS
Pitman_CA,Pitman_CA,Pitman_CA,2021,SWE_NSE__Qmean_meltseason2_APE,0.8435292394045958,WUS
Pitman_CA,Pitman_CA,Pitman_CA,2022,SWE_melt_NSE__NSE_meltseason2,0.1841943792062729,WUS
Pitman_CA,Pitman_CA,Pitman_CA,2022,SWE_melt_NSE__KGE_meltseason2,0.10633761761650468,WUS
Pitman_CA,Pitman_CA,Pitman_CA,2022,SWE_melt_NSE__Qmean_meltseason2_APE,0.6326029863655906,WUS
Pitman_CA,Pitman_CA,Pitman_CA,2022,melt_sum_APE__NSE_meltseason2,-0.43257808058797903,WUS
Pitman_CA,Pitman_CA,Pitman_CA,2022,melt_sum_APE__KGE_meltseason2,-0.387796461545591,WUS
Pitman_CA,Pitman_CA,Pitman_CA,2022,melt_sum_APE__Qmean_meltseason2_APE,-0.19633905017006684,WUS
Pitman_CA,Pitman_CA,Pitman_CA,2022,SWE_NSE__NSE_meltseason2,-0.10684252955733538,WUS
Pitman_CA,Pitman_CA,Pitman_CA,2022,SWE_NSE__KGE_meltseason2,-0.6050063060258899,WUS
Pitman_CA,Pitman_CA,Pitman_CA,2022,SWE_NSE__Qmean_meltseason2_APE,0.4501585184286859,WUS
Rock_WY,Rock_WY,Rock_WY,2001,SWE_melt_NSE__NSE_meltseason2,-0.3077194204530149,WUS
Rock_WY,Rock_WY,Rock_WY,2001,SWE_melt_NSE__KGE_meltseason2,-0.08303428386831119,WUS
Rock_WY,Rock_WY,Rock_WY,2001,SWE_melt_NSE__Qmean_meltseason2_APE,0.3403172725375806,WUS
Rock_WY,Rock_WY,Rock_WY,2001,melt_sum_APE__NSE_meltseason2,-0.70354577333015,WUS
Rock_WY,Rock_WY,Rock_WY,2001,melt_sum_APE__KGE_meltseason2,-0.2027513151063218,WUS
Rock_WY,Rock_WY,Rock_WY,2001,melt_sum_APE__Qmean_meltseason2_APE,0.06770986675741414,WUS
Rock_WY,Rock_WY,Rock_WY,2001,SWE_NSE__NSE_meltseason2,0.14685520202084262,WUS
Rock_WY,Rock_WY,Rock_WY,2001,SWE_NSE__KGE_meltseason2,0.25497576965076396,WUS
Rock_WY,Rock_WY,Rock_WY,2001,SWE_NSE__Qmean_meltseason2_APE,0.4980419051450944,WUS
Rock_WY,Rock_WY,Rock_WY,2002,SWE_melt_NSE__NSE_meltseason2,-0.3322144874521465,WUS
Rock_WY,Rock_WY,Rock_WY,2002,SWE_melt_NSE__KGE_meltseason2,-0.2756945976956894,WUS
Rock_WY,Rock_WY,Rock_WY,2002,SWE_melt_NSE__Qmean_meltseason2_APE,0.22157123849224364,WUS
Rock_WY,Rock_WY,Rock_WY,2002,melt_sum_APE__NSE_meltseason2,-0.4438471977933586,WUS
Rock_WY,Rock_WY,Rock_WY,2002,melt_sum_APE__KGE_meltseason2,-0.13655771568176137,WUS
Rock_WY,Rock_WY,Rock_WY,2002,melt_sum_APE__Qmean_meltseason2_APE,0.20792746566119774,WUS
Rock_WY,Rock_WY,Rock_WY,2002,SWE_NSE__NSE_meltseason2,-0.14482863183000733,WUS
Rock_WY,Rock_WY,Rock_WY,2002,SWE_NSE__KGE_meltseason2,-0.24227300732526735,WUS
Rock_WY,Rock_WY,Rock_WY,2002,SWE_NSE__Qmean_meltseason2_APE,0.514657538493996,WUS
Rock_WY,Rock_WY,Rock_WY,2003,SWE_melt_NSE__NSE_meltseason2,-0.17311986086609274,WUS
Rock_WY,Rock_WY,Rock_WY,2003,SWE_melt_NSE__KGE_meltseason2,0.0720772320058697,WUS
Rock_WY,Rock_WY,Rock_WY,2003,SWE_melt_NSE__Qmean_meltseason2_APE,0.26087289632522515,WUS
Rock_WY,Rock_WY,Rock_WY,2003,melt_sum_APE__NSE_meltseason2,-0.42204548965543887,WUS
Rock_WY,Rock_WY,Rock_WY,2003,melt_sum_APE__KGE_meltseason2,-0.29610622743944254,WUS
Rock_WY,Rock_WY,Rock_WY,2003,melt_sum_APE__Qmean_meltseason2_APE,0.04378885904294269,WUS
Rock_WY,Rock_WY,Rock_WY,2003,SWE_NSE__NSE_meltseason2,-0.2794659212148106,WUS
Rock_WY,Rock_WY,Rock_WY,2003,SWE_NSE__KGE_meltseason2,0.15745564948009605,WUS
Rock_WY,Rock_WY,Rock_WY,2003,SWE_NSE__Qmean_meltseason2_APE,0.42832079389110045,WUS
Rock_WY,Rock_WY,Rock_WY,2004,SWE_melt_NSE__NSE_meltseason2,-0.26286246196363167,WUS
Rock_WY,Rock_WY,Rock_WY,2004,SWE_melt_NSE__KGE_meltseason2,0.0062796295609229445,WUS
Rock_WY,Rock_WY,Rock_WY,2004,SWE_melt_NSE__Qmean_meltseason2_APE,0.3280213421427083,WUS
Rock_WY,Rock_WY,Rock_WY,2004,melt_sum_APE__NSE_meltseason2,-0.2571180424770338,WUS
Rock_WY,Rock_WY,Rock_WY,2004,melt_sum_APE__KGE_meltseason2,-0.03613618053849702,WUS
Rock_WY,Rock_WY,Rock_WY,2004,melt_sum_APE__Qmean_meltseason2_APE,-0.14352989213286665,WUS
Rock_WY,Rock_WY,Rock_WY,2004,SWE_NSE__NSE_meltseason2,-0.2225598359047692,WUS
Rock_WY,Rock_WY,Rock_WY,2004,SWE_NSE__KGE_meltseason2,-0.0596181154011468,WUS
Rock_WY,Rock_WY,Rock_WY,2004,SWE_NSE__Qmean_meltseason2_APE,0.4320433630531867,WUS
Rock_WY,Rock_WY,Rock_WY,2005,SWE_melt_NSE__NSE_meltseason2,-0.24334954173613685,WUS
Rock_WY,Rock_WY,Rock_WY,2005,SWE_melt_NSE__KGE_meltseason2,-0.5215519512961928,WUS
Rock_WY,Rock_WY,Rock_WY,2005,SWE_melt_NSE__Qmean_meltseason2_APE,0.2564101482008755,WUS
Rock_WY,Rock_WY,Rock_WY,2005,melt_sum_APE__NSE_meltseason2,-1.1502058358480935,WUS
Rock_WY,Rock_WY,Rock_WY,2005,melt_sum_APE__KGE_meltseason2,-0.6887412792717662,WUS
Rock_WY,Rock_WY,Rock_WY,2005,melt_sum_APE__Qmean_meltseason2_APE,0.12830454236671882,WUS
Rock_WY,Rock_WY,Rock_WY,2005,SWE_NSE__NSE_meltseason2,-0.20697321456252007,WUS
Rock_WY,Rock_WY,Rock_WY,2005,SWE_NSE__KGE_meltseason2,-0.45670801004871514,WUS
Rock_WY,Rock_WY,Rock_WY,2005,SWE_NSE__Qmean_meltseason2_APE,0.44569433209668585,WUS
Rock_WY,Rock_WY,Rock_WY,2006,SWE_melt_NSE__NSE_meltseason2,-0.1382824466740424,WUS
Rock_WY,Rock_WY,Rock_WY,2006,SWE_melt_NSE__KGE_meltseason2,0.10942148054433314,WUS
Rock_WY,Rock_WY,Rock_WY,2006,SWE_melt_NSE__Qmean_meltseason2_APE,0.4919869829281551,WUS
Rock_WY,Rock_WY,Rock_WY,2006,melt_sum_APE__NSE_meltseason2,-0.21254825363732954,WUS
Rock_WY,Rock_WY,Rock_WY,2006,melt_sum_APE__KGE_meltseason2,-0.18300376924545234,WUS
Rock_WY,Rock_WY,Rock_WY,2006,melt_sum_APE__Qmean_meltseason2_APE,-0.09194289809505107,WUS
Rock_WY,Rock_WY,Rock_WY,2006,SWE_NSE__NSE_meltseason2,0.050837352050550816,WUS
Rock_WY,Rock_WY,Rock_WY,2006,SWE_NSE__KGE_meltseason2,0.000591147330905252,WUS
Rock_WY,Rock_WY,Rock_WY,2006,SWE_NSE__Qmean_meltseason2_APE,0.4336725577272744,WUS
Rock_WY,Rock_WY,Rock_WY,2007,SWE_melt_NSE__NSE_meltseason2,-0.3276350266369334,WUS
Rock_WY,Rock_WY,Rock_WY,2007,SWE_melt_NSE__KGE_meltseason2,-0.11488200058758395,WUS
Rock_WY,Rock_WY,Rock_WY,2007,SWE_melt_NSE__Qmean_meltseason2_APE,0.13803139770942255,WUS
Rock_WY,Rock_WY,Rock_WY,2007,melt_sum_APE__NSE_meltseason2,-0.33725851128167683,WUS
Rock_WY,Rock_WY,Rock_WY,2007,melt_sum_APE__KGE_meltseason2,-0.06677320037751942,WUS
Rock_WY,Rock_WY,Rock_WY,2007,melt_sum_APE__Qmean_meltseason2_APE,-0.05336642263954277,WUS
Rock_WY,Rock_WY,Rock_WY,2007,SWE_NSE__NSE_meltseason2,-0.018289216506040644,WUS
Rock_WY,Rock_WY,Rock_WY,2007,SWE_NSE__KGE_meltseason2,-0.039188904083300925,WUS
Rock_WY,Rock_WY,Rock_WY,2007,SWE_NSE__Qmean_meltseason2_APE,0.30734919687871837,WUS
Rock_WY,Rock_WY,Rock_WY,2008,SWE_melt_NSE__NSE_meltseason2,-0.34781058406398035,WUS
Rock_WY,Rock_WY,Rock_WY,2008,SWE_melt_NSE__KGE_meltseason2,-0.12945948260978055,WUS
Rock_WY,Rock_WY,Rock_WY,2008,SWE_melt_NSE__Qmean_meltseason2_APE,0.2623287058392304,WUS
Rock_WY,Rock_WY,Rock_WY,2008,melt_sum_APE__NSE_meltseason2,-0.288994045318119,WUS
Rock_WY,Rock_WY,Rock_WY,2008,melt_sum_APE__KGE_meltseason2,-0.19099999414662644,WUS
Rock_WY,Rock_WY,Rock_WY,2008,melt_sum_APE__Qmean_meltseason2_APE,-0.06730993495942596,WUS
Rock_WY,Rock_WY,Rock_WY,2008,SWE_NSE__NSE_meltseason2,0.37053890994678945,WUS
Rock_WY,Rock_WY,Rock_WY,2008,SWE_NSE__KGE_meltseason2,0.1648123959282394,WUS
Rock_WY,Rock_WY,Rock_WY,2008,SWE_NSE__Qmean_meltseason2_APE,0.3011857907507186,WUS
Rock_WY,Rock_WY,Rock_WY,2009,SWE_melt_NSE__NSE_meltseason2,-0.17713044300983133,WUS
Rock_WY,Rock_WY,Rock_WY,2009,SWE_melt_NSE__KGE_meltseason2,-0.2839278666543796,WUS
Rock_WY,Rock_WY,Rock_WY,2009,SWE_melt_NSE__Qmean_meltseason2_APE,0.3297196839126306,WUS
Rock_WY,Rock_WY,Rock_WY,2009,melt_sum_APE__NSE_meltseason2,-0.36771412738720205,WUS
Rock_WY,Rock_WY,Rock_WY,2009,melt_sum_APE__KGE_meltseason2,0.05614882890818303,WUS
Rock_WY,Rock_WY,Rock_WY,2009,melt_sum_APE__Qmean_meltseason2_APE,0.12459668546460755,WUS
Rock_WY,Rock_WY,Rock_WY,2009,SWE_NSE__NSE_meltseason2,0.02161705173684209,WUS
Rock_WY,Rock_WY,Rock_WY,2009,SWE_NSE__KGE_meltseason2,0.14760272731131865,WUS
Rock_WY,Rock_WY,Rock_WY,2009,SWE_NSE__Qmean_meltseason2_APE,0.40712169854581665,WUS
Rock_WY,Rock_WY,Rock_WY,2010,SWE_melt_NSE__NSE_meltseason2,-0.04335998910393006,WUS
Rock_WY,Rock_WY,Rock_WY,2010,SWE_melt_NSE__KGE_meltseason2,-0.2977132950087101,WUS
Rock_WY,Rock_WY,Rock_WY,2010,SWE_melt_NSE__Qmean_meltseason2_APE,0.13928140572128472,WUS
Rock_WY,Rock_WY,Rock_WY,2010,melt_sum_APE__NSE_meltseason2,-0.733063435505679,WUS
Rock_WY,Rock_WY,Rock_WY,2010,melt_sum_APE__KGE_meltseason2,-0.15046005724263886,WUS
Rock_WY,Rock_WY,Rock_WY,2010,melt_sum_APE__Qmean_meltseason2_APE,0.1508205564600801,WUS
Rock_WY,Rock_WY,Rock_WY,2010,SWE_NSE__NSE_meltseason2,0.4662990262623965,WUS
Rock_WY,Rock_WY,Rock_WY,2010,SWE_NSE__KGE_meltseason2,0.32082215766119293,WUS
Rock_WY,Rock_WY,Rock_WY,2010,SWE_NSE__Qmean_meltseason2_APE,0.23410936530204746,WUS
Rock_WY,Rock_WY,Rock_WY,2011,SWE_melt_NSE__NSE_meltseason2,-0.12690650454532756,WUS
Rock_WY,Rock_WY,Rock_WY,2011,SWE_melt_NSE__KGE_meltseason2,-0.024971664572611473,WUS
Rock_WY,Rock_WY,Rock_WY,2011,SWE_melt_NSE__Qmean_meltseason2_APE,0.6855442601720133,WUS
Rock_WY,Rock_WY,Rock_WY,2011,melt_sum_APE__NSE_meltseason2,-0.9017125438775794,WUS
Rock_WY,Rock_WY,Rock_WY,2011,melt_sum_APE__KGE_meltseason2,-0.4893702769618301,WUS
Rock_WY,Rock_WY,Rock_WY,2011,melt_sum_APE__Qmean_meltseason2_APE,0.2289308192982079,WUS
Rock_WY,Rock_WY,Rock_WY,2011,SWE_NSE__NSE_meltseason2,-0.025770766343731308,WUS
Rock_WY,Rock_WY,Rock_WY,2011,SWE_NSE__KGE_meltseason2,-0.03520218106034817,WUS
Rock_WY,Rock_WY,Rock_WY,2011,SWE_NSE__Qmean_meltseason2_APE,0.7006355842082042,WUS
Rock_WY,Rock_WY,Rock_WY,2012,SWE_melt_NSE__NSE_meltseason2,-0.39667365243341357,WUS
Rock_WY,Rock_WY,Rock_WY,2012,SWE_melt_NSE__KGE_meltseason2,-0.12842563852216476,WUS
Rock_WY,Rock_WY,Rock_WY,2012,SWE_melt_NSE__Qmean_meltseason2_APE,0.29578805834905736,WUS
Rock_WY,Rock_WY,Rock_WY,2012,melt_sum_APE__NSE_meltseason2,-0.3337659814141213,WUS
Rock_WY,Rock_WY,Rock_WY,2012,melt_sum_APE__KGE_meltseason2,-0.32350751920131576,WUS
Rock_WY,Rock_WY,Rock_WY,2012,melt_sum_APE__Qmean_meltseason2_APE,-0.2818544944731886,WUS
Rock_WY,Rock_WY,Rock_WY,2012,SWE_NSE__NSE_meltseason2,0.03881637144507322,WUS
Rock_WY,Rock_WY,Rock_WY,2012,SWE_NSE__KGE_meltseason2,-0.04038074959213362,WUS
Rock_WY,Rock_WY,Rock_WY,2012,SWE_NSE__Qmean_meltseason2_APE,0.3882735766406683,WUS
Rock_WY,Rock_WY,Rock_WY,2013,SWE_melt_NSE__NSE_meltseason2,-0.6259307576326,WUS
Rock_WY,Rock_WY,Rock_WY,2013,SWE_melt_NSE__KGE_meltseason2,-0.08827996882090362,WUS
Rock_WY,Rock_WY,Rock_WY,2013,SWE_melt_NSE__Qmean_meltseason2_APE,0.30846482294698,WUS
Rock_WY,Rock_WY,Rock_WY,2013,melt_sum_APE__NSE_meltseason2,-0.4650093218403706,WUS
Rock_WY,Rock_WY,Rock_WY,2013,melt_sum_APE__KGE_meltseason2,-0.0626158179641526,WUS
Rock_WY,Rock_WY,Rock_WY,2013,melt_sum_APE__Qmean_meltseason2_APE,0.06721370236206912,WUS
Rock_WY,Rock_WY,Rock_WY,2013,SWE_NSE__NSE_meltseason2,-0.19840344575824467,WUS
Rock_WY,Rock_WY,Rock_WY,2013,SWE_NSE__KGE_meltseason2,-0.010131572377565824,WUS
Rock_WY,Rock_WY,Rock_WY,2013,SWE_NSE__Qmean_meltseason2_APE,0.3760304521819614,WUS
Rock_WY,Rock_WY,Rock_WY,2014,SWE_melt_NSE__NSE_meltseason2,-0.20865739593102692,WUS
Rock_WY,Rock_WY,Rock_WY,2014,SWE_melt_NSE__KGE_meltseason2,0.06435523337264296,WUS
Rock_WY,Rock_WY,Rock_WY,2014,SWE_melt_NSE__Qmean_meltseason2_APE,0.2796118643546991,WUS
Rock_WY,Rock_WY,Rock_WY,2014,melt_sum_APE__NSE_meltseason2,-0.6683032280439217,WUS
Rock_WY,Rock_WY,Rock_WY,2014,melt_sum_APE__KGE_meltseason2,-0.49550209537173795,WUS
Rock_WY,Rock_WY,Rock_WY,2014,melt_sum_APE__Qmean_meltseason2_APE,0.06542488658807179,WUS
Rock_WY,Rock_WY,Rock_WY,2014,SWE_NSE__NSE_meltseason2,-0.2892958786443993,WUS
Rock_WY,Rock_WY,Rock_WY,2014,SWE_NSE__KGE_meltseason2,-0.0077594234581083495,WUS
Rock_WY,Rock_WY,Rock_WY,2014,SWE_NSE__Qmean_meltseason2_APE,0.11582948089156508,WUS
Rock_WY,Rock_WY,Rock_WY,2015,SWE_melt_NSE__NSE_meltseason2,-0.3652349158782538,WUS
Rock_WY,Rock_WY,Rock_WY,2015,SWE_melt_NSE__KGE_meltseason2,-0.22292105533924397,WUS
Rock_WY,Rock_WY,Rock_WY,2015,SWE_melt_NSE__Qmean_meltseason2_APE,0.2342307480626297,WUS
Rock_WY,Rock_WY,Rock_WY,2015,melt_sum_APE__NSE_meltseason2,-0.25628345119087564,WUS
Rock_WY,Rock_WY,Rock_WY,2015,melt_sum_APE__KGE_meltseason2,0.07226367328561448,WUS
Rock_WY,Rock_WY,Rock_WY,2015,melt_sum_APE__Qmean_meltseason2_APE,0.09729720135491479,WUS
Rock_WY,Rock_WY,Rock_WY,2015,SWE_NSE__NSE_meltseason2,0.46452009865108423,WUS
Rock_WY,Rock_WY,Rock_WY,2015,SWE_NSE__KGE_meltseason2,0.08694808243435663,WUS
Rock_WY,Rock_WY,Rock_WY,2015,SWE_NSE__Qmean_meltseason2_APE,0.26063899293418213,WUS
Rock_WY,Rock_WY,Rock_WY,2016,SWE_melt_NSE__NSE_meltseason2,-0.1303526043219368,WUS
Rock_WY,Rock_WY,Rock_WY,2016,SWE_melt_NSE__KGE_meltseason2,-0.4057596856908332,WUS
Rock_WY,Rock_WY,Rock_WY,2016,SWE_melt_NSE__Qmean_meltseason2_APE,0.4108596247125179,WUS
Rock_WY,Rock_WY,Rock_WY,2016,melt_sum_APE__NSE_meltseason2,-0.9095172122188625,WUS
Rock_WY,Rock_WY,Rock_WY,2016,melt_sum_APE__KGE_meltseason2,-0.45191655429335176,WUS
Rock_WY,Rock_WY,Rock_WY,2016,melt_sum_APE__Qmean_meltseason2_APE,0.06235665704355316,WUS
Rock_WY,Rock_WY,Rock_WY,2016,SWE_NSE__NSE_meltseason2,0.18138628004277937,WUS
Rock_WY,Rock_WY,Rock_WY,2016,SWE_NSE__KGE_meltseason2,-0.2529688299323769,WUS
Rock_WY,Rock_WY,Rock_WY,2016,SWE_NSE__Qmean_meltseason2_APE,0.8992702502632739,WUS
Rock_WY,Rock_WY,Rock_WY,2017,SWE_melt_NSE__NSE_meltseason2,-0.27809419392724394,WUS
Rock_WY,Rock_WY,Rock_WY,2017,SWE_melt_NSE__KGE_meltseason2,-0.5728734097401351,WUS
Rock_WY,Rock_WY,Rock_WY,2017,SWE_melt_NSE__Qmean_meltseason2_APE,0.22398123107509826,WUS
Rock_WY,Rock_WY,Rock_WY,2017,melt_sum_APE__NSE_meltseason2,-0.3930328678918053,WUS
Rock_WY,Rock_WY,Rock_WY,2017,melt_sum_APE__KGE_meltseason2,-0.22107303595294936,WUS
Rock_WY,Rock_WY,Rock_WY,2017,melt_sum_APE__Qmean_meltseason2_APE,0.05563230698123316,WUS
Rock_WY,Rock_WY,Rock_WY,2017,SWE_NSE__NSE_meltseason2,0.2843581746428405,WUS
Rock_WY,Rock_WY,Rock_WY,2017,SWE_NSE__KGE_meltseason2,-0.3077375374522629,WUS
Rock_WY,Rock_WY,Rock_WY,2017,SWE_NSE__Qmean_meltseason2_APE,0.5935940740888488,WUS
Rock_WY,Rock_WY,Rock_WY,2018,SWE_melt_NSE__NSE_meltseason2,-0.12950537275697824,WUS
Rock_WY,Rock_WY,Rock_WY,2018,SWE_melt_NSE__KGE_meltseason2,0.17202591202312126,WUS
Rock_WY,Rock_WY,Rock_WY,2018,SWE_melt_NSE__Qmean_meltseason2_APE,0.5558529120914353,WUS
Rock_WY,Rock_WY,Rock_WY,2018,melt_sum_APE__NSE_meltseason2,-0.23361623795033729,WUS
Rock_WY,Rock_WY,Rock_WY,2018,melt_sum_APE__KGE_meltseason2,-0.1054948740897255,WUS
Rock_WY,Rock_WY,Rock_WY,2018,melt_sum_APE__Qmean_meltseason2_APE,-0.07153934392749352,WUS
Rock_WY,Rock_WY,Rock_WY,2018,SWE_NSE__NSE_meltseason2,0.2965181152000993,WUS
Rock_WY,Rock_WY,Rock_WY,2018,SWE_NSE__KGE_meltseason2,0.14026610540176626,WUS
Rock_WY,Rock_WY,Rock_WY,2018,SWE_NSE__Qmean_meltseason2_APE,0.3656583080556488,WUS
Rock_WY,Rock_WY,Rock_WY,2019,SWE_melt_NSE__NSE_meltseason2,-0.22157403978394677,WUS
Rock_WY,Rock_WY,Rock_WY,2019,SWE_melt_NSE__KGE_meltseason2,-0.11525686331607021,WUS
Rock_WY,Rock_WY,Rock_WY,2019,SWE_melt_NSE__Qmean_meltseason2_APE,0.5510346413885837,WUS
Rock_WY,Rock_WY,Rock_WY,2019,melt_sum_APE__NSE_meltseason2,-0.660030888964912,WUS
Rock_WY,Rock_WY,Rock_WY,2019,melt_sum_APE__KGE_meltseason2,-0.2941052477166861,WUS
Rock_WY,Rock_WY,Rock_WY,2019,melt_sum_APE__Qmean_meltseason2_APE,-0.10993571866807698,WUS
Rock_WY,Rock_WY,Rock_WY,2019,SWE_NSE__NSE_meltseason2,0.07641501435052896,WUS
Rock_WY,Rock_WY,Rock_WY,2019,SWE_NSE__KGE_meltseason2,-0.18960041966535807,WUS
Rock_WY,Rock_WY,Rock_WY,2019,SWE_NSE__Qmean_meltseason2_APE,0.6508123723138898,WUS
Rock_WY,Rock_WY,Rock_WY,2020,SWE_melt_NSE__NSE_meltseason2,-0.2525240462153347,WUS
Rock_WY,Rock_WY,Rock_WY,2020,SWE_melt_NSE__KGE_meltseason2,-0.289506617194985,WUS
Rock_WY,Rock_WY,Rock_WY,2020,SWE_melt_NSE__Qmean_meltseason2_APE,0.34860275757260206,WUS
Rock_WY,Rock_WY,Rock_WY,2020,melt_sum_APE__NSE_meltseason2,-0.25304068721582107,WUS
Rock_WY,Rock_WY,Rock_WY,2020,melt_sum_APE__KGE_meltseason2,0.03139830218854576,WUS
Rock_WY,Rock_WY,Rock_WY,2020,melt_sum_APE__Qmean_meltseason2_APE,-0.18679609825128454,WUS
Rock_WY,Rock_WY,Rock_WY,2020,SWE_NSE__NSE_meltseason2,0.3240128491809894,WUS
Rock_WY,Rock_WY,Rock_WY,2020,SWE_NSE__KGE_meltseason2,0.050480858217064786,WUS
Rock_WY,Rock_WY,Rock_WY,2020,SWE_NSE__Qmean_meltseason2_APE,0.37654541998562463,WUS
Rock_WY,Rock_WY,Rock_WY,2021,SWE_melt_NSE__NSE_meltseason2,-0.2651637723026415,WUS
Rock_WY,Rock_WY,Rock_WY,2021,SWE_melt_NSE__KGE_meltseason2,0.17161507258012085,WUS
Rock_WY,Rock_WY,Rock_WY,2021,SWE_melt_NSE__Qmean_meltseason2_APE,0.46635930291142547,WUS
Rock_WY,Rock_WY,Rock_WY,2021,melt_sum_APE__NSE_meltseason2,-0.4198050844119043,WUS
Rock_WY,Rock_WY,Rock_WY,2021,melt_sum_APE__KGE_meltseason2,-0.06158258131169002,WUS
Rock_WY,Rock_WY,Rock_WY,2021,melt_sum_APE__Qmean_meltseason2_APE,-0.0028158004996774906,WUS
Rock_WY,Rock_WY,Rock_WY,2021,SWE_NSE__NSE_meltseason2,-0.050568076911424356,WUS
Rock_WY,Rock_WY,Rock_WY,2021,SWE_NSE__KGE_meltseason2,0.05565803167630101,WUS
Rock_WY,Rock_WY,Rock_WY,2021,SWE_NSE__Qmean_meltseason2_APE,0.5352371269411831,WUS
Rock_WY,Rock_WY,Rock_WY,2022,SWE_melt_NSE__NSE_meltseason2,-0.28772866729313595,WUS
Rock_WY,Rock_WY,Rock_WY,2022,SWE_melt_NSE__KGE_meltseason2,-0.12672923713488748,WUS
Rock_WY,Rock_WY,Rock_WY,2022,SWE_melt_NSE__Qmean_meltseason2_APE,0.6401193001522076,WUS
Rock_WY,Rock_WY,Rock_WY,2022,melt_sum_APE__NSE_meltseason2,-0.3276620956813907,WUS
Rock_WY,Rock_WY,Rock_WY,2022,melt_sum_APE__KGE_meltseason2,-0.11065263984721126,WUS
Rock_WY,Rock_WY,Rock_WY,2022,melt_sum_APE__Qmean_meltseason2_APE,0.17142955699414597,WUS
Rock_WY,Rock_WY,Rock_WY,2022,SWE_NSE__NSE_meltseason2,-0.12556819525332888,WUS
Rock_WY,Rock_WY,Rock_WY,2022,SWE_NSE__KGE_meltseason2,0.0645810518169156,WUS
Rock_WY,Rock_WY,Rock_WY,2022,SWE_NSE__Qmean_meltseason2_APE,0.6667791188115413,WUS
SFJocko_MT,SFJocko_MT,SFJocko_MT,2001,SWE_melt_NSE__NSE_meltseason2,-0.7711840531857865,WUS
SFJocko_MT,SFJocko_MT,SFJocko_MT,2001,SWE_melt_NSE__KGE_meltseason2,-0.5008101706495036,WUS
SFJocko_MT,SFJocko_MT,SFJocko_MT,2001,SWE_melt_NSE__Qmean_meltseason2_APE,0.10632914597210466,WUS
SFJocko_MT,SFJocko_MT,SFJocko_MT,2001,melt_sum_APE__NSE_meltseason2,-0.11136401482128878,WUS
SFJocko_MT,SFJocko_MT,SFJocko_MT,2001,melt_sum_APE__KGE_meltseason2,-0.004304242827799236,WUS
SFJocko_MT,SFJocko_MT,SFJocko_MT,2001,melt_sum_APE__Qmean_meltseason2_APE,0.07417647013898439,WUS
SFJocko_MT,SFJocko_MT,SFJocko_MT,2001,SWE_NSE__NSE_meltseason2,-0.05768615808892092,WUS
SFJocko_MT,SFJocko_MT,SFJocko_MT,2001,SWE_NSE__KGE_meltseason2,-0.057487427945057776,WUS
SFJocko_MT,SFJocko_MT,SFJocko_MT,2001,SWE_NSE__Qmean_meltseason2_APE,0.08887640334780528,WUS
SFJocko_MT,SFJocko_MT,SFJocko_MT,2002,SWE_melt_NSE__NSE_meltseason2,-0.3078596050773946,WUS
SFJocko_MT,SFJocko_MT,SFJocko_MT,2002,SWE_melt_NSE__KGE_meltseason2,-0.2752067583662497,WUS
SFJocko_MT,SFJocko_MT,SFJocko_MT,2002,SWE_melt_NSE__Qmean_meltseason2_APE,0.39353408031562476,WUS
SFJocko_MT,SFJocko_MT,SFJocko_MT,2002,melt_sum_APE__NSE_meltseason2,-0.49467808969053906,WUS
SFJocko_MT,SFJocko_MT,SFJocko_MT,2002,melt_sum_APE__KGE_meltseason2,-0.26233593327554217,WUS
SFJocko_MT,SFJocko_MT,SFJocko_MT,2002,melt_sum_APE__Qmean_meltseason2_APE,0.14047227637264711,WUS
SFJocko_MT,SFJocko_MT,SFJocko_MT,2002,SWE_NSE__NSE_meltseason2,0.20934882629765617,WUS
SFJocko_MT,SFJocko_MT,SFJocko_MT,2002,SWE_NSE__KGE_meltseason2,0.031174250741060745,WUS
SFJocko_MT,SFJocko_MT,SFJocko_MT,2002,SWE_NSE__Qmean_meltseason2_APE,0.5657666032017447,WUS
SFJocko_MT,SFJocko_MT,SFJocko_MT,2003,SWE_melt_NSE__NSE_meltseason2,-0.4370336082264827,WUS
SFJocko_MT,SFJocko_MT,SFJocko_MT,2003,SWE_melt_NSE__KGE_meltseason2,-0.40355057760525814,WUS
SFJocko_MT,SFJocko_MT,SFJocko_MT,2003,SWE_melt_NSE__Qmean_meltseason2_APE,0.03671101882527626,WUS
SFJocko_MT,SFJocko_MT,SFJocko_MT,2003,melt_sum_APE__NSE_meltseason2,-0.42102765122841374,WUS
SFJocko_MT,SFJocko_MT,SFJocko_MT,2003,melt_sum_APE__KGE_meltseason2,-0.12579010318614434,WUS
SFJocko_MT,SFJocko_MT,SFJocko_MT,2003,melt_sum_APE__Qmean_meltseason2_APE,-0.22453638044381657,WUS
SFJocko_MT,SFJocko_MT,SFJocko_MT,2003,SWE_NSE__NSE_meltseason2,0.2461252708096001,WUS
SFJocko_MT,SFJocko_MT,SFJocko_MT,2003,SWE_NSE__KGE_meltseason2,0.32570140638887224,WUS
SFJocko_MT,SFJocko_MT,SFJocko_MT,2003,SWE_NSE__Qmean_meltseason2_APE,0.31626901268612484,WUS
SFJocko_MT,SFJocko_MT,SFJocko_MT,2004,SWE_melt_NSE__NSE_meltseason2,-0.312014373101287,WUS
SFJocko_MT,SFJocko_MT,SFJocko_MT,2004,SWE_melt_NSE__KGE_meltseason2,-0.16750691269823026,WUS
SFJocko_MT,SFJocko_MT,SFJocko_MT,2004,SWE_melt_NSE__Qmean_meltseason2_APE,0.1474251048927209,WUS
SFJocko_MT,SFJocko_MT,SFJocko_MT,2004,melt_sum_APE__NSE_meltseason2,-0.437079663263263,WUS
SFJocko_MT,SFJocko_MT,SFJocko_MT,2004,melt_sum_APE__KGE_meltseason2,-0.21131510996963979,WUS
SFJocko_MT,SFJocko_MT,SFJocko_MT,2004,melt_sum_APE__Qmean_meltseason2_APE,-0.13647876862242403,WUS
SFJocko_MT,SFJocko_MT,SFJocko_MT,2004,SWE_NSE__NSE_meltseason2,0.19406763181906844,WUS
SFJocko_MT,SFJocko_MT,SFJocko_MT,2004,SWE_NSE__KGE_meltseason2,0.4394455738762111,WUS
SFJocko_MT,SFJocko_MT,SFJocko_MT,2004,SWE_NSE__Qmean_meltseason2_APE,0.4423267208511731,WUS
SFJocko_MT,SFJocko_MT,SFJocko_MT,2005,SWE_melt_NSE__NSE_meltseason2,-0.4154906985235437,WUS
SFJocko_MT,SFJocko_MT,SFJocko_MT,2005,SWE_melt_NSE__KGE_meltseason2,-0.5211328578893806,WUS
SFJocko_MT,SFJocko_MT,SFJocko_MT,2005,SWE_melt_NSE__Qmean_meltseason2_APE,0.1447310223950501,WUS
SFJocko_MT,SFJocko_MT,SFJocko_MT,2005,melt_sum_APE__NSE_meltseason2,-0.36279695390017624,WUS
SFJocko_MT,SFJocko_MT,SFJocko_MT,2005,melt_sum_APE__KGE_meltseason2,-0.2565437851671538,WUS
SFJocko_MT,SFJocko_MT,SFJocko_MT,2005,melt_sum_APE__Qmean_meltseason2_APE,-0.13479597978084049,WUS
SFJocko_MT,SFJocko_MT,SFJocko_MT,2005,SWE_NSE__NSE_meltseason2,-0.24837163630643178,WUS
SFJocko_MT,SFJocko_MT,SFJocko_MT,2005,SWE_NSE__KGE_meltseason2,-0.5145209570806115,WUS
SFJocko_MT,SFJocko_MT,SFJocko_MT,2005,SWE_NSE__Qmean_meltseason2_APE,0.08133547792475403,WUS
SFJocko_MT,SFJocko_MT,SFJocko_MT,2006,SWE_melt_NSE__NSE_meltseason2,-0.3048950998410927,WUS
SFJocko_MT,SFJocko_MT,SFJocko_MT,2006,SWE_melt_NSE__KGE_meltseason2,-0.04191993427884121,WUS
SFJocko_MT,SFJocko_MT,SFJocko_MT,2006,SWE_melt_NSE__Qmean_meltseason2_APE,0.12184978127115494,WUS
SFJocko_MT,SFJocko_MT,SFJocko_MT,2006,melt_sum_APE__NSE_meltseason2,-0.8642462582000248,WUS
SFJocko_MT,SFJocko_MT,SFJocko_MT,2006,melt_sum_APE__KGE_meltseason2,-0.47556271822602175,WUS
SFJocko_MT,SFJocko_MT,SFJocko_MT,2006,melt_sum_APE__Qmean_meltseason2_APE,-0.14219153910097848,WUS
SFJocko_MT,SFJocko_MT,SFJocko_MT,2006,SWE_NSE__NSE_meltseason2,-0.30354746553234546,WUS
SFJocko_MT,SFJocko_MT,SFJocko_MT,2006,SWE_NSE__KGE_meltseason2,-0.028569152196770954,WUS
SFJocko_MT,SFJocko_MT,SFJocko_MT,2006,SWE_NSE__Qmean_meltseason2_APE,0.06741851992290808,WUS
SFJocko_MT,SFJocko_MT,SFJocko_MT,2007,SWE_melt_NSE__NSE_meltseason2,-0.7514847205958499,WUS
SFJocko_MT,SFJocko_MT,SFJocko_MT,2007,SWE_melt_NSE__KGE_meltseason2,-0.5485643122994341,WUS
SFJocko_MT,SFJocko_MT,SFJocko_MT,2007,SWE_melt_NSE__Qmean_meltseason2_APE,0.06315516854587727,WUS
SFJocko_MT,SFJocko_MT,SFJocko_MT,2007,melt_sum_APE__NSE_meltseason2,-0.5499370178948807,WUS
SFJocko_MT,SFJocko_MT,SFJocko_MT,2007,melt_sum_APE__KGE_meltseason2,-0.3580972457518678,WUS
SFJocko_MT,SFJocko_MT,SFJocko_MT,2007,melt_sum_APE__Qmean_meltseason2_APE,0.3301621356919982,WUS
SFJocko_MT,SFJocko_MT,SFJocko_MT,2007,SWE_NSE__NSE_meltseason2,0.07463880089275592,WUS
SFJocko_MT,SFJocko_MT,SFJocko_MT,2007,SWE_NSE__KGE_meltseason2,0.07375282920952671,WUS
SFJocko_MT,SFJocko_MT,SFJocko_MT,2007,SWE_NSE__Qmean_meltseason2_APE,0.49885902548196026,WUS
SFJocko_MT,SFJocko_MT,SFJocko_MT,2008,SWE_melt_NSE__NSE_meltseason2,-0.7132708735367891,WUS
SFJocko_MT,SFJocko_MT,SFJocko_MT,2008,SWE_melt_NSE__KGE_meltseason2,-0.5815215238525082,WUS
SFJocko_MT,SFJocko_MT,SFJocko_MT,2008,SWE_melt_NSE__Qmean_meltseason2_APE,0.0895118895991673,WUS
SFJocko_MT,SFJocko_MT,SFJocko_MT,2008,melt_sum_APE__NSE_meltseason2,-0.14964701924161422,WUS
SFJocko_MT,SFJocko_MT,SFJocko_MT,2008,melt_sum_APE__KGE_meltseason2,-0.17544647775465189,WUS
SFJocko_MT,SFJocko_MT,SFJocko_MT,2008,melt_sum_APE__Qmean_meltseason2_APE,-0.26834429420144457,WUS
SFJocko_MT,SFJocko_MT,SFJocko_MT,2008,SWE_NSE__NSE_meltseason2,0.3410959611975704,WUS
SFJocko_MT,SFJocko_MT,SFJocko_MT,2008,SWE_NSE__KGE_meltseason2,-0.11034686595802573,WUS
SFJocko_MT,SFJocko_MT,SFJocko_MT,2008,SWE_NSE__Qmean_meltseason2_APE,0.006170025931445367,WUS
SFJocko_MT,SFJocko_MT,SFJocko_MT,2009,SWE_melt_NSE__NSE_meltseason2,-0.37147216479390943,WUS
SFJocko_MT,SFJocko_MT,SFJocko_MT,2009,SWE_melt_NSE__KGE_meltseason2,-0.2929432435005694,WUS
SFJocko_MT,SFJocko_MT,SFJocko_MT,2009,SWE_melt_NSE__Qmean_meltseason2_APE,0.14896120388673836,WUS
SFJocko_MT,SFJocko_MT,SFJocko_MT,2009,melt_sum_APE__NSE_meltseason2,-0.7671013121395248,WUS
SFJocko_MT,SFJocko_MT,SFJocko_MT,2009,melt_sum_APE__KGE_meltseason2,-0.4971323278225206,WUS
SFJocko_MT,SFJocko_MT,SFJocko_MT,2009,melt_sum_APE__Qmean_meltseason2_APE,-0.018847105908806713,WUS
SFJocko_MT,SFJocko_MT,SFJocko_MT,2009,SWE_NSE__NSE_meltseason2,0.06170443902111059,WUS
SFJocko_MT,SFJocko_MT,SFJocko_MT,2009,SWE_NSE__KGE_meltseason2,-0.06435474168846615,WUS
SFJocko_MT,SFJocko_MT,SFJocko_MT,2009,SWE_NSE__Qmean_meltseason2_APE,0.30181126350835413,WUS
SFJocko_MT,SFJocko_MT,SFJocko_MT,2010,SWE_melt_NSE__NSE_meltseason2,0.21344471654033717,WUS
SFJocko_MT,SFJocko_MT,SFJocko_MT,2010,SWE_melt_NSE__KGE_meltseason2,-0.09212182075390546,WUS
SFJocko_MT,SFJocko_MT,SFJocko_MT,2010,SWE_melt_NSE__Qmean_meltseason2_APE,0.24049285126942926,WUS
SFJocko_MT,SFJocko_MT,SFJocko_MT,2010,melt_sum_APE__NSE_meltseason2,0.29947596479706884,WUS
SFJocko_MT,SFJocko_MT,SFJocko_MT,2010,melt_sum_APE__KGE_meltseason2,0.1483333376303048,WUS
SFJocko_MT,SFJocko_MT,SFJocko_MT,2010,melt_sum_APE__Qmean_meltseason2_APE,0.4993513778819406,WUS
SFJocko_MT,SFJocko_MT,SFJocko_MT,2010,SWE_NSE__NSE_meltseason2,0.6617209362809815,WUS
SFJocko_MT,SFJocko_MT,SFJocko_MT,2010,SWE_NSE__KGE_meltseason2,0.2823612255902203,WUS
SFJocko_MT,SFJocko_MT,SFJocko_MT,2010,SWE_NSE__Qmean_meltseason2_APE,0.5831530530704441,WUS
SFJocko_MT,SFJocko_MT,SFJocko_MT,2011,SWE_melt_NSE__NSE_meltseason2,-0.224934615898901,WUS
SFJocko_MT,SFJocko_MT,SFJocko_MT,2011,SWE_melt_NSE__KGE_meltseason2,-0.477530347384651,WUS
SFJocko_MT,SFJocko_MT,SFJocko_MT,2011,SWE_melt_NSE__Qmean_meltseason2_APE,0.2814372923455592,WUS
SFJocko_MT,SFJocko_MT,SFJocko_MT,2011,melt_sum_APE__NSE_meltseason2,-0.6766628471205278,WUS
SFJocko_MT,SFJocko_MT,SFJocko_MT,2011,melt_sum_APE__KGE_meltseason2,-0.6433907291993406,WUS
SFJocko_MT,SFJocko_MT,SFJocko_MT,2011,melt_sum_APE__Qmean_meltseason2_APE,0.048390196128330426,WUS
SFJocko_MT,SFJocko_MT,SFJocko_MT,2011,SWE_NSE__NSE_meltseason2,0.39649543926943964,WUS
SFJocko_MT,SFJocko_MT,SFJocko_MT,2011,SWE_NSE__KGE_meltseason2,0.10863835140017672,WUS
SFJocko_MT,SFJocko_MT,SFJocko_MT,2011,SWE_NSE__Qmean_meltseason2_APE,0.7452074475083379,WUS
SFJocko_MT,SFJocko_MT,SFJocko_MT,2012,SWE_melt_NSE__NSE_meltseason2,-0.30669653115399753,WUS
SFJocko_MT,SFJocko_MT,SFJocko_MT,2012,SWE_melt_NSE__KGE_meltseason2,-0.2799868521813028,WUS
SFJocko_MT,SFJocko_MT,SFJocko_MT,2012,SWE_melt_NSE__Qmean_meltseason2_APE,0.3123301297484325,WUS
SFJocko_MT,SFJocko_MT,SFJocko_MT,2012,melt_sum_APE__NSE_meltseason2,-0.8927390333398584,WUS
SFJocko_MT,SFJocko_MT,SFJocko_MT,2012,melt_sum_APE__KGE_meltseason2,-0.8849433543680554,WUS
SFJocko_MT,SFJocko_MT,SFJocko_MT,2012,melt_sum_APE__Qmean_meltseason2_APE,-0.15158606929389093,WUS
SFJocko_MT,SFJocko_MT,SFJocko_MT,2012,SWE_NSE__NSE_meltseason2,-0.43295940727610627,WUS
SFJocko_MT,SFJocko_MT,SFJocko_MT,2012,SWE_NSE__KGE_meltseason2,-0.6002032443554544,WUS
SFJocko_MT,SFJocko_MT,SFJocko_MT,2012,SWE_NSE__Qmean_meltseason2_APE,0.2045692191101429,WUS
SFJocko_MT,SFJocko_MT,SFJocko_MT,2013,SWE_melt_NSE__NSE_meltseason2,-0.4181365477243911,WUS
SFJocko_MT,SFJocko_MT,SFJocko_MT,2013,SWE_melt_NSE__KGE_meltseason2,-0.354027369635687,WUS
SFJocko_MT,SFJocko_MT,SFJocko_MT,2013,SWE_melt_NSE__Qmean_meltseason2_APE,0.0779700137461216,WUS
SFJocko_MT,SFJocko_MT,SFJocko_MT,2013,melt_sum_APE__NSE_meltseason2,-0.5065411181236651,WUS
SFJocko_MT,SFJocko_MT,SFJocko_MT,2013,melt_sum_APE__KGE_meltseason2,-0.1666326950477821,WUS
SFJocko_MT,SFJocko_MT,SFJocko_MT,2013,melt_sum_APE__Qmean_meltseason2_APE,0.04138220772594439,WUS
SFJocko_MT,SFJocko_MT,SFJocko_MT,2013,SWE_NSE__NSE_meltseason2,0.15289145248844527,WUS
SFJocko_MT,SFJocko_MT,SFJocko_MT,2013,SWE_NSE__KGE_meltseason2,0.15015568346312558,WUS
SFJocko_MT,SFJocko_MT,SFJocko_MT,2013,SWE_NSE__Qmean_meltseason2_APE,0.42674445380573256,WUS
SFJocko_MT,SFJocko_MT,SFJocko_MT,2014,SWE_melt_NSE__NSE_meltseason2,-0.2964131491978717,WUS
SFJocko_MT,SFJocko_MT,SFJocko_MT,2014,SWE_melt_NSE__KGE_meltseason2,-0.0019186599742921514,WUS
SFJocko_MT,SFJocko_MT,SFJocko_MT,2014,SWE_melt_NSE__Qmean_meltseason2_APE,0.32353362820647397,WUS
SFJocko_MT,SFJocko_MT,SFJocko_MT,2014,melt_sum_APE__NSE_meltseason2,-0.48901756443566013,WUS
SFJocko_MT,SFJocko_MT,SFJocko_MT,2014,melt_sum_APE__KGE_meltseason2,-0.3609122854178759,WUS
SFJocko_MT,SFJocko_MT,SFJocko_MT,2014,melt_sum_APE__Qmean_meltseason2_APE,0.1575830043689863,WUS
SFJocko_MT,SFJocko_MT,SFJocko_MT,2014,SWE_NSE__NSE_meltseason2,-0.09088539598339657,WUS
SFJocko_MT,SFJocko_MT,SFJocko_MT,2014,SWE_NSE__KGE_meltseason2,-0.2797102695349692,WUS
SFJocko_MT,SFJocko_MT,SFJocko_MT,2014,SWE_NSE__Qmean_meltseason2_APE,0.34020226635625367,WUS
SFJocko_MT,SFJocko_MT,SFJocko_MT,2015,SWE_melt_NSE__NSE_meltseason2,-0.5711567011961258,WUS
SFJocko_MT,SFJocko_MT,SFJocko_MT,2015,SWE_melt_NSE__KGE_meltseason2,-0.3437153762338566,WUS
SFJocko_MT,SFJocko_MT,SFJocko_MT,2015,SWE_melt_NSE__Qmean_meltseason2_APE,0.2888986751693315,WUS
SFJocko_MT,SFJocko_MT,SFJocko_MT,2015,melt_sum_APE__NSE_meltseason2,-0.3281421534861449,WUS
SFJocko_MT,SFJocko_MT,SFJocko_MT,2015,melt_sum_APE__KGE_meltseason2,-0.38327835052999987,WUS
SFJocko_MT,SFJocko_MT,SFJocko_MT,2015,melt_sum_APE__Qmean_meltseason2_APE,0.008642368341736624,WUS
SFJocko_MT,SFJocko_MT,SFJocko_MT,2015,SWE_NSE__NSE_meltseason2,-0.11835317047045794,WUS
SFJocko_MT,SFJocko_MT,SFJocko_MT,2015,SWE_NSE__KGE_meltseason2,0.02337013722632684,WUS
SFJocko_MT,SFJocko_MT,SFJocko_MT,2015,SWE_NSE__Qmean_meltseason2_APE,0.3055614384954711,WUS
SFJocko_MT,SFJocko_MT,SFJocko_MT,2016,SWE_melt_NSE__NSE_meltseason2,-0.33274912935005363,WUS
SFJocko_MT,SFJocko_MT,SFJocko_MT,2016,SWE_melt_NSE__KGE_meltseason2,-0.08906990316142523,WUS
SFJocko_MT,SFJocko_MT,SFJocko_MT,2016,SWE_melt_NSE__Qmean_meltseason2_APE,0.17447413677234933,WUS
SFJocko_MT,SFJocko_MT,SFJocko_MT,2016,melt_sum_APE__NSE_meltseason2,-0.6762440730594144,WUS
SFJocko_MT,SFJocko_MT,SFJocko_MT,2016,melt_sum_APE__KGE_meltseason2,-0.4039089327058208,WUS
SFJocko_MT,SFJocko_MT,SFJocko_MT,2016,melt_sum_APE__Qmean_meltseason2_APE,-0.2932191922087875,WUS
SFJocko_MT,SFJocko_MT,SFJocko_MT,2016,SWE_NSE__NSE_meltseason2,-0.16500152840945453,WUS
SFJocko_MT,SFJocko_MT,SFJocko_MT,2016,SWE_NSE__KGE_meltseason2,-0.004341733838442095,WUS
SFJocko_MT,SFJocko_MT,SFJocko_MT,2016,SWE_NSE__Qmean_meltseason2_APE,0.22525548050368815,WUS
SFJocko_MT,SFJocko_MT,SFJocko_MT,2017,SWE_melt_NSE__NSE_meltseason2,-0.17846965768670103,WUS
SFJocko_MT,SFJocko_MT,SFJocko_MT,2017,SWE_melt_NSE__KGE_meltseason2,-0.18137502218585064,WUS
SFJocko_MT,SFJocko_MT,SFJocko_MT,2017,SWE_melt_NSE__Qmean_meltseason2_APE,0.3567682234408932,WUS
SFJocko_MT,SFJocko_MT,SFJocko_MT,2017,melt_sum_APE__NSE_meltseason2,-0.5379250445975126,WUS
SFJocko_MT,SFJocko_MT,SFJocko_MT,2017,melt_sum_APE__KGE_meltseason2,-0.0032347435993008633,WUS
SFJocko_MT,SFJocko_MT,SFJocko_MT,2017,melt_sum_APE__Qmean_meltseason2_APE,0.016183485895498,WUS
SFJocko_MT,SFJocko_MT,SFJocko_MT,2017,SWE_NSE__NSE_meltseason2,0.06540606263652837,WUS
SFJocko_MT,SFJocko_MT,SFJocko_MT,2017,SWE_NSE__KGE_meltseason2,-0.1005450806523614,WUS
SFJocko_MT,SFJocko_MT,SFJocko_MT,2017,SWE_NSE__Qmean_meltseason2_APE,0.3461308255382587,WUS
SFJocko_MT,SFJocko_MT,SFJocko_MT,2018,SWE_melt_NSE__NSE_meltseason2,-0.08259065102220481,WUS
SFJocko_MT,SFJocko_MT,SFJocko_MT,2018,SWE_melt_NSE__KGE_meltseason2,-0.08934077450955835,WUS
SFJocko_MT,SFJocko_MT,SFJocko_MT,2018,SWE_melt_NSE__Qmean_meltseason2_APE,0.33374623177971213,WUS
SFJocko_MT,SFJocko_MT,SFJocko_MT,2018,melt_sum_APE__NSE_meltseason2,-0.8659258572593748,WUS
SFJocko_MT,SFJocko_MT,SFJocko_MT,2018,melt_sum_APE__KGE_meltseason2,-0.4331312928407133,WUS
SFJocko_MT,SFJocko_MT,SFJocko_MT,2018,melt_sum_APE__Qmean_meltseason2_APE,-0.17325793976541862,WUS
SFJocko_MT,SFJocko_MT,SFJocko_MT,2018,SWE_NSE__NSE_meltseason2,-0.2167051773526744,WUS
SFJocko_MT,SFJocko_MT,SFJocko_MT,2018,SWE_NSE__KGE_meltseason2,-0.06797153105058924,WUS
SFJocko_MT,SFJocko_MT,SFJocko_MT,2018,SWE_NSE__Qmean_meltseason2_APE,0.21114897401471203,WUS
SFJocko_MT,SFJocko_MT,SFJocko_MT,2019,SWE_melt_NSE__NSE_meltseason2,-0.30371711624233066,WUS
SFJocko_MT,SFJocko_MT,SFJocko_MT,2019,SWE_melt_NSE__KGE_meltseason2,-0.4405292756655966,WUS
SFJocko_MT,SFJocko_MT,SFJocko_MT,2019,SWE_melt_NSE__Qmean_meltseason2_APE,0.11971800083524524,WUS
SFJocko_MT,SFJocko_MT,SFJocko_MT,2019,melt_sum_APE__NSE_meltseason2,-0.1899220229733113,WUS
SFJocko_MT,SFJocko_MT,SFJocko_MT,2019,melt_sum_APE__KGE_meltseason2,-0.1310631458624541,WUS
SFJocko_MT,SFJocko_MT,SFJocko_MT,2019,melt_sum_APE__Qmean_meltseason2_APE,0.23292252247162584,WUS
SFJocko_MT,SFJocko_MT,SFJocko_MT,2019,SWE_NSE__NSE_meltseason2,0.4354333987212046,WUS
SFJocko_MT,SFJocko_MT,SFJocko_MT,2019,SWE_NSE__KGE_meltseason2,0.16335532487780305,WUS
SFJocko_MT,SFJocko_MT,SFJocko_MT,2019,SWE_NSE__Qmean_meltseason2_APE,0.560689849062694,WUS
SFJocko_MT,SFJocko_MT,SFJocko_MT,2020,SWE_melt_NSE__NSE_meltseason2,-0.2668583678334272,WUS
SFJocko_MT,SFJocko_MT,SFJocko_MT,2020,SWE_melt_NSE__KGE_meltseason2,-0.18728466991813483,WUS
SFJocko_MT,SFJocko_MT,SFJocko_MT,2020,SWE_melt_NSE__Qmean_meltseason2_APE,0.3870649070507719,WUS
SFJocko_MT,SFJocko_MT,SFJocko_MT,2020,melt_sum_APE__NSE_meltseason2,-0.38046321807804717,WUS
SFJocko_MT,SFJocko_MT,SFJocko_MT,2020,melt_sum_APE__KGE_meltseason2,-0.0690235137044877,WUS
SFJocko_MT,SFJocko_MT,SFJocko_MT,2020,melt_sum_APE__Qmean_meltseason2_APE,-0.07831841909517198,WUS
SFJocko_MT,SFJocko_MT,SFJocko_MT,2020,SWE_NSE__NSE_meltseason2,0.19959605462373595,WUS
SFJocko_MT,SFJocko_MT,SFJocko_MT,2020,SWE_NSE__KGE_meltseason2,0.3106905509244491,WUS
SFJocko_MT,SFJocko_MT,SFJocko_MT,2020,SWE_NSE__Qmean_meltseason2_APE,0.15388258967723545,WUS
SFJocko_MT,SFJocko_MT,SFJocko_MT,2021,SWE_melt_NSE__NSE_meltseason2,-0.15564587676838765,WUS
SFJocko_MT,SFJocko_MT,SFJocko_MT,2021,SWE_melt_NSE__KGE_meltseason2,-0.1535957901650387,WUS
SFJocko_MT,SFJocko_MT,SFJocko_MT,2021,SWE_melt_NSE__Qmean_meltseason2_APE,0.3573691446421622,WUS
SFJocko_MT,SFJocko_MT,SFJocko_MT,2021,melt_sum_APE__NSE_meltseason2,-0.29972316523064474,WUS
SFJocko_MT,SFJocko_MT,SFJocko_MT,2021,melt_sum_APE__KGE_meltseason2,-0.20472044353649663,WUS
SFJocko_MT,SFJocko_MT,SFJocko_MT,2021,melt_sum_APE__Qmean_meltseason2_APE,0.01635755624330691,WUS
SFJocko_MT,SFJocko_MT,SFJocko_MT,2021,SWE_NSE__NSE_meltseason2,0.11217828081345109,WUS
SFJocko_MT,SFJocko_MT,SFJocko_MT,2021,SWE_NSE__KGE_meltseason2,0.029950494670707862,WUS
SFJocko_MT,SFJocko_MT,SFJocko_MT,2021,SWE_NSE__Qmean_meltseason2_APE,0.37912334454333213,WUS
SFJocko_MT,SFJocko_MT,SFJocko_MT,2022,SWE_melt_NSE__NSE_meltseason2,-0.12757961950583235,WUS
SFJocko_MT,SFJocko_MT,SFJocko_MT,2022,SWE_melt_NSE__KGE_meltseason2,-0.10666735881942836,WUS
SFJocko_MT,SFJocko_MT,SFJocko_MT,2022,SWE_melt_NSE__Qmean_meltseason2_APE,0.21182628216354757,WUS
SFJocko_MT,SFJocko_MT,SFJocko_MT,2022,melt_sum_APE__NSE_meltseason2,-0.5196054545737253,WUS
SFJocko_MT,SFJocko_MT,SFJocko_MT,2022,melt_sum_APE__KGE_meltseason2,-0.21954623425062617,WUS
SFJocko_MT,SFJocko_MT,SFJocko_MT,2022,melt_sum_APE__Qmean_meltseason2_APE,-0.14750388805060644,WUS
SFJocko_MT,SFJocko_MT,SFJocko_MT,2022,SWE_NSE__NSE_meltseason2,0.34692247435423174,WUS
SFJocko_MT,SFJocko_MT,SFJocko_MT,2022,SWE_NSE__KGE_meltseason2,0.2511394050443792,WUS
SFJocko_MT,SFJocko_MT,SFJocko_MT,2022,SWE_NSE__Qmean_meltseason2_APE,0.29551241047975396,WUS
SFWilliams_CO,SFWilliams_CO,SFWilliams_CO,2001,SWE_melt_NSE__NSE_meltseason2,0.035907016115129795,WUS
SFWilliams_CO,SFWilliams_CO,SFWilliams_CO,2001,SWE_melt_NSE__KGE_meltseason2,-0.04035456641872045,WUS
SFWilliams_CO,SFWilliams_CO,SFWilliams_CO,2001,SWE_melt_NSE__Qmean_meltseason2_APE,0.03508228230040982,WUS
SFWilliams_CO,SFWilliams_CO,SFWilliams_CO,2001,melt_sum_APE__NSE_meltseason2,0.035907016115129795,WUS
SFWilliams_CO,SFWilliams_CO,SFWilliams_CO,2001,melt_sum_APE__KGE_meltseason2,-0.04035456641872045,WUS
SFWilliams_CO,SFWilliams_CO,SFWilliams_CO,2001,melt_sum_APE__Qmean_meltseason2_APE,0.03508228230040982,WUS
SFWilliams_CO,SFWilliams_CO,SFWilliams_CO,2001,SWE_NSE__NSE_meltseason2,0.035907016115129795,WUS
SFWilliams_CO,SFWilliams_CO,SFWilliams_CO,2001,SWE_NSE__KGE_meltseason2,-0.04035456641872045,WUS
SFWilliams_CO,SFWilliams_CO,SFWilliams_CO,2001,SWE_NSE__Qmean_meltseason2_APE,0.03508228230040982,WUS
SFWilliams_CO,SFWilliams_CO,SFWilliams_CO,2002,SWE_melt_NSE__NSE_meltseason2,-0.12294706016096703,WUS
SFWilliams_CO,SFWilliams_CO,SFWilliams_CO,2002,SWE_melt_NSE__KGE_meltseason2,-0.1600729681240789,WUS
SFWilliams_CO,SFWilliams_CO,SFWilliams_CO,2002,SWE_melt_NSE__Qmean_meltseason2_APE,0.2500568992783332,WUS
SFWilliams_CO,SFWilliams_CO,SFWilliams_CO,2002,melt_sum_APE__NSE_meltseason2,-0.4723910730021429,WUS
SFWilliams_CO,SFWilliams_CO,SFWilliams_CO,2002,melt_sum_APE__KGE_meltseason2,-0.20112530833075654,WUS
SFWilliams_CO,SFWilliams_CO,SFWilliams_CO,2002,melt_sum_APE__Qmean_meltseason2_APE,0.00174193471550059,WUS
SFWilliams_CO,SFWilliams_CO,SFWilliams_CO,2002,SWE_NSE__NSE_meltseason2,-0.18657194575749173,WUS
SFWilliams_CO,SFWilliams_CO,SFWilliams_CO,2002,SWE_NSE__KGE_meltseason2,-0.24508152243012807,WUS
SFWilliams_CO,SFWilliams_CO,SFWilliams_CO,2002,SWE_NSE__Qmean_meltseason2_APE,0.053183859815940246,WUS
SFWilliams_CO,SFWilliams_CO,SFWilliams_CO,2003,SWE_melt_NSE__NSE_meltseason2,-0.2743225871651586,WUS
SFWilliams_CO,SFWilliams_CO,SFWilliams_CO,2003,SWE_melt_NSE__KGE_meltseason2,-0.13221084264096805,WUS
SFWilliams_CO,SFWilliams_CO,SFWilliams_CO,2003,SWE_melt_NSE__Qmean_meltseason2_APE,-0.02904688031831466,WUS
SFWilliams_CO,SFWilliams_CO,SFWilliams_CO,2003,melt_sum_APE__NSE_meltseason2,0.0843429270381605,WUS
SFWilliams_CO,SFWilliams_CO,SFWilliams_CO,2003,melt_sum_APE__KGE_meltseason2,-0.059514353574981804,WUS
SFWilliams_CO,SFWilliams_CO,SFWilliams_CO,2003,melt_sum_APE__Qmean_meltseason2_APE,-0.017368791395989732,WUS
SFWilliams_CO,SFWilliams_CO,SFWilliams_CO,2003,SWE_NSE__NSE_meltseason2,-0.1037303654658963,WUS
SFWilliams_CO,SFWilliams_CO,SFWilliams_CO,2003,SWE_NSE__KGE_meltseason2,-0.30619226826393214,WUS
SFWilliams_CO,SFWilliams_CO,SFWilliams_CO,2003,SWE_NSE__Qmean_meltseason2_APE,-0.2245365772500177,WUS
SFWilliams_CO,SFWilliams_CO,SFWilliams_CO,2004,SWE_melt_NSE__NSE_meltseason2,0.24301593297069707,WUS
SFWilliams_CO,SFWilliams_CO,SFWilliams_CO,2004,SWE_melt_NSE__KGE_meltseason2,0.04762537499288657,WUS
SFWilliams_CO,SFWilliams_CO,SFWilliams_CO,2004,SWE_melt_NSE__Qmean_meltseason2_APE,0.33704234854869625,WUS
SFWilliams_CO,SFWilliams_CO,SFWilliams_CO,2004,melt_sum_APE__NSE_meltseason2,-0.6550233170457006,WUS
SFWilliams_CO,SFWilliams_CO,SFWilliams_CO,2004,melt_sum_APE__KGE_meltseason2,-0.44366515441579074,WUS
SFWilliams_CO,SFWilliams_CO,SFWilliams_CO,2004,melt_sum_APE__Qmean_meltseason2_APE,0.0043048647216789365,WUS
SFWilliams_CO,SFWilliams_CO,SFWilliams_CO,2004,SWE_NSE__NSE_meltseason2,0.3268180130009916,WUS
SFWilliams_CO,SFWilliams_CO,SFWilliams_CO,2004,SWE_NSE__KGE_meltseason2,0.22444563045540797,WUS
SFWilliams_CO,SFWilliams_CO,SFWilliams_CO,2004,SWE_NSE__Qmean_meltseason2_APE,0.5231232469032935,WUS
SFWilliams_CO,SFWilliams_CO,SFWilliams_CO,2005,SWE_melt_NSE__NSE_meltseason2,0.06554206506293425,WUS
SFWilliams_CO,SFWilliams_CO,SFWilliams_CO,2005,SWE_melt_NSE__KGE_meltseason2,-0.048291317317844126,WUS
SFWilliams_CO,SFWilliams_CO,SFWilliams_CO,2005,SWE_melt_NSE__Qmean_meltseason2_APE,0.2451364054841367,WUS
SFWilliams_CO,SFWilliams_CO,SFWilliams_CO,2005,melt_sum_APE__NSE_meltseason2,-0.4131933279413308,WUS
SFWilliams_CO,SFWilliams_CO,SFWilliams_CO,2005,melt_sum_APE__KGE_meltseason2,-0.2837822271480163,WUS
SFWilliams_CO,SFWilliams_CO,SFWilliams_CO,2005,melt_sum_APE__Qmean_meltseason2_APE,-0.038762035151526576,WUS
SFWilliams_CO,SFWilliams_CO,SFWilliams_CO,2005,SWE_NSE__NSE_meltseason2,0.19351414228165062,WUS
SFWilliams_CO,SFWilliams_CO,SFWilliams_CO,2005,SWE_NSE__KGE_meltseason2,0.10232487544944552,WUS
SFWilliams_CO,SFWilliams_CO,SFWilliams_CO,2005,SWE_NSE__Qmean_meltseason2_APE,0.1908593735301269,WUS
SFWilliams_CO,SFWilliams_CO,SFWilliams_CO,2006,SWE_melt_NSE__NSE_meltseason2,0.0004401815566987786,WUS
SFWilliams_CO,SFWilliams_CO,SFWilliams_CO,2006,SWE_melt_NSE__KGE_meltseason2,-0.013573649707023884,WUS
SFWilliams_CO,SFWilliams_CO,SFWilliams_CO,2006,SWE_melt_NSE__Qmean_meltseason2_APE,0.4052751224614943,WUS
SFWilliams_CO,SFWilliams_CO,SFWilliams_CO,2006,melt_sum_APE__NSE_meltseason2,-0.310478476227644,WUS
SFWilliams_CO,SFWilliams_CO,SFWilliams_CO,2006,melt_sum_APE__KGE_meltseason2,-0.1486982577508644,WUS
SFWilliams_CO,SFWilliams_CO,SFWilliams_CO,2006,melt_sum_APE__Qmean_meltseason2_APE,-0.16673460863198883,WUS
SFWilliams_CO,SFWilliams_CO,SFWilliams_CO,2006,SWE_NSE__NSE_meltseason2,0.3754236918418745,WUS
SFWilliams_CO,SFWilliams_CO,SFWilliams_CO,2006,SWE_NSE__KGE_meltseason2,0.0957287145557867,WUS
SFWilliams_CO,SFWilliams_CO,SFWilliams_CO,2006,SWE_NSE__Qmean_meltseason2_APE,0.15327351174820425,WUS
SFWilliams_CO,SFWilliams_CO,SFWilliams_CO,2007,SWE_melt_NSE__NSE_meltseason2,0.19555863337401122,WUS
SFWilliams_CO,SFWilliams_CO,SFWilliams_CO,2007,SWE_melt_NSE__KGE_meltseason2,-0.22607565890883066,WUS
SFWilliams_CO,SFWilliams_CO,SFWilliams_CO,2007,SWE_melt_NSE__Qmean_meltseason2_APE,0.5804252177226569,WUS
SFWilliams_CO,SFWilliams_CO,SFWilliams_CO,2007,melt_sum_APE__NSE_meltseason2,-0.4557488342404732,WUS
SFWilliams_CO,SFWilliams_CO,SFWilliams_CO,2007,melt_sum_APE__KGE_meltseason2,-0.41862726539129796,WUS
SFWilliams_CO,SFWilliams_CO,SFWilliams_CO,2007,melt_sum_APE__Qmean_meltseason2_APE,-0.03740937558536696,WUS
SFWilliams_CO,SFWilliams_CO,SFWilliams_CO,2007,SWE_NSE__NSE_meltseason2,0.2624582660944871,WUS
SFWilliams_CO,SFWilliams_CO,SFWilliams_CO,2007,SWE_NSE__KGE_meltseason2,-0.0973101504857657,WUS
SFWilliams_CO,SFWilliams_CO,SFWilliams_CO,2007,SWE_NSE__Qmean_meltseason2_APE,0.44444853534198153,WUS
SFWilliams_CO,SFWilliams_CO,SFWilliams_CO,2008,SWE_melt_NSE__NSE_meltseason2,-0.24555660898083848,WUS
SFWilliams_CO,SFWilliams_CO,SFWilliams_CO,2008,SWE_melt_NSE__KGE_meltseason2,-0.3088850574117635,WUS
SFWilliams_CO,SFWilliams_CO,SFWilliams_CO,2008,SWE_melt_NSE__Qmean_meltseason2_APE,0.40046175354639457,WUS
SFWilliams_CO,SFWilliams_CO,SFWilliams_CO,2008,melt_sum_APE__NSE_meltseason2,-0.9740551806340995,WUS
SFWilliams_CO,SFWilliams_CO,SFWilliams_CO,2008,melt_sum_APE__KGE_meltseason2,-0.7529390366597581,WUS
SFWilliams_CO,SFWilliams_CO,SFWilliams_CO,2008,melt_sum_APE__Qmean_meltseason2_APE,-0.07838178403715562,WUS
SFWilliams_CO,SFWilliams_CO,SFWilliams_CO,2008,SWE_NSE__NSE_meltseason2,0.21145074615382084,WUS
SFWilliams_CO,SFWilliams_CO,SFWilliams_CO,2008,SWE_NSE__KGE_meltseason2,0.2063133240107505,WUS
SFWilliams_CO,SFWilliams_CO,SFWilliams_CO,2008,SWE_NSE__Qmean_meltseason2_APE,0.445562793182684,WUS
SFWilliams_CO,SFWilliams_CO,SFWilliams_CO,2009,SWE_melt_NSE__NSE_meltseason2,0.18365039555750923,WUS
SFWilliams_CO,SFWilliams_CO,SFWilliams_CO,2009,SWE_melt_NSE__KGE_meltseason2,-0.00890343938145558,WUS
SFWilliams_CO,SFWilliams_CO,SFWilliams_CO,2009,SWE_melt_NSE__Qmean_meltseason2_APE,0.5624760010864986,WUS
SFWilliams_CO,SFWilliams_CO,SFWilliams_CO,2009,melt_sum_APE__NSE_meltseason2,-0.4551048193428238,WUS
SFWilliams_CO,SFWilliams_CO,SFWilliams_CO,2009,melt_sum_APE__KGE_meltseason2,-0.16312186565242534,WUS
SFWilliams_CO,SFWilliams_CO,SFWilliams_CO,2009,melt_sum_APE__Qmean_meltseason2_APE,-0.021307687603587516,WUS
SFWilliams_CO,SFWilliams_CO,SFWilliams_CO,2009,SWE_NSE__NSE_meltseason2,0.36332779738578624,WUS
SFWilliams_CO,SFWilliams_CO,SFWilliams_CO,2009,SWE_NSE__KGE_meltseason2,0.3071158107108715,WUS
SFWilliams_CO,SFWilliams_CO,SFWilliams_CO,2009,SWE_NSE__Qmean_meltseason2_APE,0.4998978791879547,WUS
SFWilliams_CO,SFWilliams_CO,SFWilliams_CO,2010,SWE_melt_NSE__NSE_meltseason2,-0.026871021326657734,WUS
SFWilliams_CO,SFWilliams_CO,SFWilliams_CO,2010,SWE_melt_NSE__KGE_meltseason2,-0.008439389912712033,WUS
SFWilliams_CO,SFWilliams_CO,SFWilliams_CO,2010,SWE_melt_NSE__Qmean_meltseason2_APE,0.5203959057335439,WUS
SFWilliams_CO,SFWilliams_CO,SFWilliams_CO,2010,melt_sum_APE__NSE_meltseason2,-0.5940363847088763,WUS
SFWilliams_CO,SFWilliams_CO,SFWilliams_CO,2010,melt_sum_APE__KGE_meltseason2,-0.32205954175009194,WUS
SFWilliams_CO,SFWilliams_CO,SFWilliams_CO,2010,melt_sum_APE__Qmean_meltseason2_APE,0.013147372648354768,WUS
SFWilliams_CO,SFWilliams_CO,SFWilliams_CO,2010,SWE_NSE__NSE_meltseason2,0.15742852900049834,WUS
SFWilliams_CO,SFWilliams_CO,SFWilliams_CO,2010,SWE_NSE__KGE_meltseason2,-0.27309824229020446,WUS
SFWilliams_CO,SFWilliams_CO,SFWilliams_CO,2010,SWE_NSE__Qmean_meltseason2_APE,0.5134052422313198,WUS
SFWilliams_CO,SFWilliams_CO,SFWilliams_CO,2011,SWE_melt_NSE__NSE_meltseason2,-0.3533036769202748,WUS
SFWilliams_CO,SFWilliams_CO,SFWilliams_CO,2011,SWE_melt_NSE__KGE_meltseason2,-0.21786584501846326,WUS
SFWilliams_CO,SFWilliams_CO,SFWilliams_CO,2011,SWE_melt_NSE__Qmean_meltseason2_APE,0.24053976804670762,WUS
SFWilliams_CO,SFWilliams_CO,SFWilliams_CO,2011,melt_sum_APE__NSE_meltseason2,-0.9224566379471899,WUS
SFWilliams_CO,SFWilliams_CO,SFWilliams_CO,2011,melt_sum_APE__KGE_meltseason2,-0.6053704347560485,WUS
SFWilliams_CO,SFWilliams_CO,SFWilliams_CO,2011,melt_sum_APE__Qmean_meltseason2_APE,-0.18108609455545432,WUS
SFWilliams_CO,SFWilliams_CO,SFWilliams_CO,2011,SWE_NSE__NSE_meltseason2,0.14259330563681008,WUS
SFWilliams_CO,SFWilliams_CO,SFWilliams_CO,2011,SWE_NSE__KGE_meltseason2,0.1530458471614055,WUS
SFWilliams_CO,SFWilliams_CO,SFWilliams_CO,2011,SWE_NSE__Qmean_meltseason2_APE,0.03972627831561085,WUS
SFWilliams_CO,SFWilliams_CO,SFWilliams_CO,2012,SWE_melt_NSE__NSE_meltseason2,0.10061925869282277,WUS
SFWilliams_CO,SFWilliams_CO,SFWilliams_CO,2012,SWE_melt_NSE__KGE_meltseason2,0.24019066221018856,WUS
SFWilliams_CO,SFWilliams_CO,SFWilliams_CO,2012,SWE_melt_NSE__Qmean_meltseason2_APE,0.5484320684404751,WUS
SFWilliams_CO,SFWilliams_CO,SFWilliams_CO,2012,melt_sum_APE__NSE_meltseason2,-0.3213009724950103,WUS
SFWilliams_CO,SFWilliams_CO,SFWilliams_CO,2012,melt_sum_APE__KGE_meltseason2,-0.15784203789191117,WUS
SFWilliams_CO,SFWilliams_CO,SFWilliams_CO,2012,melt_sum_APE__Qmean_meltseason2_APE,0.05563926873676205,WUS
SFWilliams_CO,SFWilliams_CO,SFWilliams_CO,2012,SWE_NSE__NSE_meltseason2,-0.10595012291882876,WUS
SFWilliams_CO,SFWilliams_CO,SFWilliams_CO,2012,SWE_NSE__KGE_meltseason2,0.12111245988509614,WUS
SFWilliams_CO,SFWilliams_CO,SFWilliams_CO,2012,SWE_NSE__Qmean_meltseason2_APE,0.2092395391548709,WUS
SFWilliams_CO,SFWilliams_CO,SFWilliams_CO,2013,SWE_melt_NSE__NSE_meltseason2,-0.20124709002423094,WUS
SFWilliams_CO,SFWilliams_CO,SFWilliams_CO,2013,SWE_melt_NSE__KGE_meltseason2,0.059626375503201566,WUS
SFWilliams_CO,SFWilliams_CO,SFWilliams_CO,2013,SWE_melt_NSE__Qmean_meltseason2_APE,0.47211987778718423,WUS
SFWilliams_CO,SFWilliams_CO,SFWilliams_CO,2013,melt_sum_APE__NSE_meltseason2,-0.1794065883948182,WUS
SFWilliams_CO,SFWilliams_CO,SFWilliams_CO,2013,melt_sum_APE__KGE_meltseason2,-0.1623363230824065,WUS
SFWilliams_CO,SFWilliams_CO,SFWilliams_CO,2013,melt_sum_APE__Qmean_meltseason2_APE,0.2487258786142633,WUS
SFWilliams_CO,SFWilliams_CO,SFWilliams_CO,2013,SWE_NSE__NSE_meltseason2,0.11628977449063521,WUS
SFWilliams_CO,SFWilliams_CO,SFWilliams_CO,2013,SWE_NSE__KGE_meltseason2,0.2051885389501492,WUS
SFWilliams_CO,SFWilliams_CO,SFWilliams_CO,2013,SWE_NSE__Qmean_meltseason2_APE,0.19204720969949113,WUS
SFWilliams_CO,SFWilliams_CO,SFWilliams_CO,2014,SWE_melt_NSE__NSE_meltseason2,0.05066892179183782,WUS
SFWilliams_CO,SFWilliams_CO,SFWilliams_CO,2014,SWE_melt_NSE__KGE_meltseason2,0.21069672651286128,WUS
SFWilliams_CO,SFWilliams_CO,SFWilliams_CO,2014,SWE_melt_NSE__Qmean_meltseason2_APE,0.6173548592370168,WUS
SFWilliams_CO,SFWilliams_CO,SFWilliams_CO,2014,melt_sum_APE__NSE_meltseason2,-0.5429349444187204,WUS
SFWilliams_CO,SFWilliams_CO,SFWilliams_CO,2014,melt_sum_APE__KGE_meltseason2,-0.08235050081024549,WUS
SFWilliams_CO,SFWilliams_CO,SFWilliams_CO,2014,melt_sum_APE__Qmean_meltseason2_APE,0.17353121676329628,WUS
SFWilliams_CO,SFWilliams_CO,SFWilliams_CO,2014,SWE_NSE__NSE_meltseason2,-0.07200177528702043,WUS
SFWilliams_CO,SFWilliams_CO,SFWilliams_CO,2014,SWE_NSE__KGE_meltseason2,-0.1268607593089742,WUS
SFWilliams_CO,SFWilliams_CO,SFWilliams_CO,2014,SWE_NSE__Qmean_meltseason2_APE,0.2698185306420637,WUS
SFWilliams_CO,SFWilliams_CO,SFWilliams_CO,2015,SWE_melt_NSE__NSE_meltseason2,-0.022653184415180484,WUS
SFWilliams_CO,SFWilliams_CO,SFWilliams_CO,2015,SWE_melt_NSE__KGE_meltseason2,0.0639388627916221,WUS
SFWilliams_CO,SFWilliams_CO,SFWilliams_CO,2015,SWE_melt_NSE__Qmean_meltseason2_APE,0.37730711020140123,WUS
SFWilliams_CO,SFWilliams_CO,SFWilliams_CO,2015,melt_sum_APE__NSE_meltseason2,-0.6248841194718703,WUS
SFWilliams_CO,SFWilliams_CO,SFWilliams_CO,2015,melt_sum_APE__KGE_meltseason2,-0.407179928843136,WUS
SFWilliams_CO,SFWilliams_CO,SFWilliams_CO,2015,melt_sum_APE__Qmean_meltseason2_APE,-0.13999440515626269,WUS
SFWilliams_CO,SFWilliams_CO,SFWilliams_CO,2015,SWE_NSE__NSE_meltseason2,0.5442502932910949,WUS
SFWilliams_CO,SFWilliams_CO,SFWilliams_CO,2015,SWE_NSE__KGE_meltseason2,0.2484340085578357,WUS
SFWilliams_CO,SFWilliams_CO,SFWilliams_CO,2015,SWE_NSE__Qmean_meltseason2_APE,0.48042111303692436,WUS
SFWilliams_CO,SFWilliams_CO,SFWilliams_CO,2016,SWE_melt_NSE__NSE_meltseason2,-0.3528221028331461,WUS
SFWilliams_CO,SFWilliams_CO,SFWilliams_CO,2016,SWE_melt_NSE__KGE_meltseason2,-0.47088558543747283,WUS
SFWilliams_CO,SFWilliams_CO,SFWilliams_CO,2016,SWE_melt_NSE__Qmean_meltseason2_APE,0.03598283373826728,WUS
SFWilliams_CO,SFWilliams_CO,SFWilliams_CO,2016,melt_sum_APE__NSE_meltseason2,-0.900228348345054,WUS
SFWilliams_CO,SFWilliams_CO,SFWilliams_CO,2016,melt_sum_APE__KGE_meltseason2,-0.7744059056186119,WUS
SFWilliams_CO,SFWilliams_CO,SFWilliams_CO,2016,melt_sum_APE__Qmean_meltseason2_APE,-0.1300662364662109,WUS
SFWilliams_CO,SFWilliams_CO,SFWilliams_CO,2016,SWE_NSE__NSE_meltseason2,0.28837018937656256,WUS
SFWilliams_CO,SFWilliams_CO,SFWilliams_CO,2016,SWE_NSE__KGE_meltseason2,-0.006296239094663057,WUS
SFWilliams_CO,SFWilliams_CO,SFWilliams_CO,2016,SWE_NSE__Qmean_meltseason2_APE,0.28432793694672637,WUS
SFWilliams_CO,SFWilliams_CO,SFWilliams_CO,2017,SWE_melt_NSE__NSE_meltseason2,-0.10069399961947308,WUS
SFWilliams_CO,SFWilliams_CO,SFWilliams_CO,2017,SWE_melt_NSE__KGE_meltseason2,0.028770238689658553,WUS
SFWilliams_CO,SFWilliams_CO,SFWilliams_CO,2017,SWE_melt_NSE__Qmean_meltseason2_APE,0.38174324947191146,WUS
SFWilliams_CO,SFWilliams_CO,SFWilliams_CO,2017,melt_sum_APE__NSE_meltseason2,-0.5014539459350598,WUS
SFWilliams_CO,SFWilliams_CO,SFWilliams_CO,2017,melt_sum_APE__KGE_meltseason2,-0.1928324871788203,WUS
SFWilliams_CO,SFWilliams_CO,SFWilliams_CO,2017,melt_sum_APE__Qmean_meltseason2_APE,-0.0620315940158312,WUS
SFWilliams_CO,SFWilliams_CO,SFWilliams_CO,2017,SWE_NSE__NSE_meltseason2,0.14756518098490679,WUS
SFWilliams_CO,SFWilliams_CO,SFWilliams_CO,2017,SWE_NSE__KGE_meltseason2,0.09786597527944688,WUS
SFWilliams_CO,SFWilliams_CO,SFWilliams_CO,2017,SWE_NSE__Qmean_meltseason2_APE,0.648431412663083,WUS
SFWilliams_CO,SFWilliams_CO,SFWilliams_CO,2018,SWE_melt_NSE__NSE_meltseason2,-0.061927749143201774,WUS
SFWilliams_CO,SFWilliams_CO,SFWilliams_CO,2018,SWE_melt_NSE__KGE_meltseason2,0.011549774751863945,WUS
SFWilliams_CO,SFWilliams_CO,SFWilliams_CO,2018,SWE_melt_NSE__Qmean_meltseason2_APE,0.48743555861788856,WUS
SFWilliams_CO,SFWilliams_CO,SFWilliams_CO,2018,melt_sum_APE__NSE_meltseason2,-0.7193476610211857,WUS
SFWilliams_CO,SFWilliams_CO,SFWilliams_CO,2018,melt_sum_APE__KGE_meltseason2,-0.22575892065208766,WUS
SFWilliams_CO,SFWilliams_CO,SFWilliams_CO,2018,melt_sum_APE__Qmean_meltseason2_APE,0.0317766698864958,WUS
SFWilliams_CO,SFWilliams_CO,SFWilliams_CO,2018,SWE_NSE__NSE_meltseason2,0.14801997585223498,WUS
SFWilliams_CO,SFWilliams_CO,SFWilliams_CO,2018,SWE_NSE__KGE_meltseason2,0.09838132732901496,WUS
SFWilliams_CO,SFWilliams_CO,SFWilliams_CO,2018,SWE_NSE__Qmean_meltseason2_APE,0.3607725918353087,WUS
SFWilliams_CO,SFWilliams_CO,SFWilliams_CO,2019,SWE_melt_NSE__NSE_meltseason2,-0.16595828175638902,WUS
SFWilliams_CO,SFWilliams_CO,SFWilliams_CO,2019,SWE_melt_NSE__KGE_meltseason2,-0.09632872725078397,WUS
SFWilliams_CO,SFWilliams_CO,SFWilliams_CO,2019,SWE_melt_NSE__Qmean_meltseason2_APE,0.37767559633280534,WUS
SFWilliams_CO,SFWilliams_CO,SFWilliams_CO,2019,melt_sum_APE__NSE_meltseason2,-0.34256061351091965,WUS
SFWilliams_CO,SFWilliams_CO,SFWilliams_CO,2019,melt_sum_APE__KGE_meltseason2,-0.40472739243925915,WUS
SFWilliams_CO,SFWilliams_CO,SFWilliams_CO,2019,melt_sum_APE__Qmean_meltseason2_APE,-0.100058863054704,WUS
SFWilliams_CO,SFWilliams_CO,SFWilliams_CO,2019,SWE_NSE__NSE_meltseason2,0.15257775787841574,WUS
SFWilliams_CO,SFWilliams_CO,SFWilliams_CO,2019,SWE_NSE__KGE_meltseason2,-0.030799502596134648,WUS
SFWilliams_CO,SFWilliams_CO,SFWilliams_CO,2019,SWE_NSE__Qmean_meltseason2_APE,0.4630106208223148,WUS
SFWilliams_CO,SFWilliams_CO,SFWilliams_CO,2020,SWE_melt_NSE__NSE_meltseason2,-0.41117297841218176,WUS
SFWilliams_CO,SFWilliams_CO,SFWilliams_CO,2020,SWE_melt_NSE__KGE_meltseason2,-0.15640558401701413,WUS
SFWilliams_CO,SFWilliams_CO,SFWilliams_CO,2020,SWE_melt_NSE__Qmean_meltseason2_APE,0.31020131127247613,WUS
SFWilliams_CO,SFWilliams_CO,SFWilliams_CO,2020,melt_sum_APE__NSE_meltseason2,-0.9039500543769724,WUS
SFWilliams_CO,SFWilliams_CO,SFWilliams_CO,2020,melt_sum_APE__KGE_meltseason2,-0.8942493628642304,WUS
SFWilliams_CO,SFWilliams_CO,SFWilliams_CO,2020,melt_sum_APE__Qmean_meltseason2_APE,0.07940643413015809,WUS
SFWilliams_CO,SFWilliams_CO,SFWilliams_CO,2020,SWE_NSE__NSE_meltseason2,-0.006735525084674771,WUS
SFWilliams_CO,SFWilliams_CO,SFWilliams_CO,2020,SWE_NSE__KGE_meltseason2,0.06254146606871287,WUS
SFWilliams_CO,SFWilliams_CO,SFWilliams_CO,2020,SWE_NSE__Qmean_meltseason2_APE,0.38805616404686216,WUS
SFWilliams_CO,SFWilliams_CO,SFWilliams_CO,2021,SWE_melt_NSE__NSE_meltseason2,0.11558280493715556,WUS
SFWilliams_CO,SFWilliams_CO,SFWilliams_CO,2021,SWE_melt_NSE__KGE_meltseason2,0.0998433172328327,WUS
SFWilliams_CO,SFWilliams_CO,SFWilliams_CO,2021,SWE_melt_NSE__Qmean_meltseason2_APE,0.4622316447268434,WUS
SFWilliams_CO,SFWilliams_CO,SFWilliams_CO,2021,melt_sum_APE__NSE_meltseason2,-0.7175352970424069,WUS
SFWilliams_CO,SFWilliams_CO,SFWilliams_CO,2021,melt_sum_APE__KGE_meltseason2,-0.4827785659974386,WUS
SFWilliams_CO,SFWilliams_CO,SFWilliams_CO,2021,melt_sum_APE__Qmean_meltseason2_APE,-0.18228456633667403,WUS
SFWilliams_CO,SFWilliams_CO,SFWilliams_CO,2021,SWE_NSE__NSE_meltseason2,0.18898350454763427,WUS
SFWilliams_CO,SFWilliams_CO,SFWilliams_CO,2021,SWE_NSE__KGE_meltseason2,0.14359085362884985,WUS
SFWilliams_CO,SFWilliams_CO,SFWilliams_CO,2021,SWE_NSE__Qmean_meltseason2_APE,0.5374868231654994,WUS
SFWilliams_CO,SFWilliams_CO,SFWilliams_CO,2022,SWE_melt_NSE__NSE_meltseason2,-0.21834896677263285,WUS
SFWilliams_CO,SFWilliams_CO,SFWilliams_CO,2022,SWE_melt_NSE__KGE_meltseason2,-0.1676615876424704,WUS
SFWilliams_CO,SFWilliams_CO,SFWilliams_CO,2022,SWE_melt_NSE__Qmean_meltseason2_APE,0.4637375289408653,WUS
SFWilliams_CO,SFWilliams_CO,SFWilliams_CO,2022,melt_sum_APE__NSE_meltseason2,-0.5001701077027843,WUS
SFWilliams_CO,SFWilliams_CO,SFWilliams_CO,2022,melt_sum_APE__KGE_meltseason2,-0.28025870691510985,WUS
SFWilliams_CO,SFWilliams_CO,SFWilliams_CO,2022,melt_sum_APE__Qmean_meltseason2_APE,0.03171627586710202,WUS
SFWilliams_CO,SFWilliams_CO,SFWilliams_CO,2022,SWE_NSE__NSE_meltseason2,0.15455668090525845,WUS
SFWilliams_CO,SFWilliams_CO,SFWilliams_CO,2022,SWE_NSE__KGE_meltseason2,-0.07233497220636734,WUS
SFWilliams_CO,SFWilliams_CO,SFWilliams_CO,2022,SWE_NSE__Qmean_meltseason2_APE,0.4836667272680455,WUS
Sauk_WA,Sauk_WA,Sauk_WA,2001,SWE_melt_NSE__NSE_meltseason2,-0.0049259801707426535,WUS
Sauk_WA,Sauk_WA,Sauk_WA,2001,SWE_melt_NSE__KGE_meltseason2,0.16815540783161265,WUS
Sauk_WA,Sauk_WA,Sauk_WA,2001,SWE_melt_NSE__Qmean_meltseason2_APE,0.28812708491498806,WUS
Sauk_WA,Sauk_WA,Sauk_WA,2001,melt_sum_APE__NSE_meltseason2,-0.4981230070849122,WUS
Sauk_WA,Sauk_WA,Sauk_WA,2001,melt_sum_APE__KGE_meltseason2,-0.6727993062887565,WUS
Sauk_WA,Sauk_WA,Sauk_WA,2001,melt_sum_APE__Qmean_meltseason2_APE,0.25281171826054644,WUS
Sauk_WA,Sauk_WA,Sauk_WA,2001,SWE_NSE__NSE_meltseason2,0.2484326906100843,WUS
Sauk_WA,Sauk_WA,Sauk_WA,2001,SWE_NSE__KGE_meltseason2,-0.020866790530820214,WUS
Sauk_WA,Sauk_WA,Sauk_WA,2001,SWE_NSE__Qmean_meltseason2_APE,0.28373113797962995,WUS
Sauk_WA,Sauk_WA,Sauk_WA,2002,SWE_melt_NSE__NSE_meltseason2,-0.0734310994338148,WUS
Sauk_WA,Sauk_WA,Sauk_WA,2002,SWE_melt_NSE__KGE_meltseason2,0.09843100654373539,WUS
Sauk_WA,Sauk_WA,Sauk_WA,2002,SWE_melt_NSE__Qmean_meltseason2_APE,0.5827255711028761,WUS
Sauk_WA,Sauk_WA,Sauk_WA,2002,melt_sum_APE__NSE_meltseason2,-0.5932963627602112,WUS
Sauk_WA,Sauk_WA,Sauk_WA,2002,melt_sum_APE__KGE_meltseason2,-0.3729186598752753,WUS
Sauk_WA,Sauk_WA,Sauk_WA,2002,melt_sum_APE__Qmean_meltseason2_APE,0.1914723139914403,WUS
Sauk_WA,Sauk_WA,Sauk_WA,2002,SWE_NSE__NSE_meltseason2,0.27799423874572987,WUS
Sauk_WA,Sauk_WA,Sauk_WA,2002,SWE_NSE__KGE_meltseason2,-0.16330784539288268,WUS
Sauk_WA,Sauk_WA,Sauk_WA,2002,SWE_NSE__Qmean_meltseason2_APE,0.5024602528611507,WUS
Sauk_WA,Sauk_WA,Sauk_WA,2003,SWE_melt_NSE__NSE_meltseason2,-0.03767041796605506,WUS
Sauk_WA,Sauk_WA,Sauk_WA,2003,SWE_melt_NSE__KGE_meltseason2,0.1710541519819887,WUS
Sauk_WA,Sauk_WA,Sauk_WA,2003,SWE_melt_NSE__Qmean_meltseason2_APE,0.4436574068113651,WUS
Sauk_WA,Sauk_WA,Sauk_WA,2003,melt_sum_APE__NSE_meltseason2,-0.28251030504340324,WUS
Sauk_WA,Sauk_WA,Sauk_WA,2003,melt_sum_APE__KGE_meltseason2,-0.5192791519102377,WUS
Sauk_WA,Sauk_WA,Sauk_WA,2003,melt_sum_APE__Qmean_meltseason2_APE,0.43127428412728297,WUS
Sauk_WA,Sauk_WA,Sauk_WA,2003,SWE_NSE__NSE_meltseason2,-0.0845847846140434,WUS
Sauk_WA,Sauk_WA,Sauk_WA,2003,SWE_NSE__KGE_meltseason2,-0.4858944823762633,WUS
Sauk_WA,Sauk_WA,Sauk_WA,2003,SWE_NSE__Qmean_meltseason2_APE,0.3524545752647595,WUS
Sauk_WA,Sauk_WA,Sauk_WA,2004,SWE_melt_NSE__NSE_meltseason2,-0.2530668125824037,WUS
Sauk_WA,Sauk_WA,Sauk_WA,2004,SWE_melt_NSE__KGE_meltseason2,-0.023544049930950887,WUS
Sauk_WA,Sauk_WA,Sauk_WA,2004,SWE_melt_NSE__Qmean_meltseason2_APE,0.2613754063818553,WUS
Sauk_WA,Sauk_WA,Sauk_WA,2004,melt_sum_APE__NSE_meltseason2,-0.5071754983957543,WUS
Sauk_WA,Sauk_WA,Sauk_WA,2004,melt_sum_APE__KGE_meltseason2,-0.3801863803654502,WUS
Sauk_WA,Sauk_WA,Sauk_WA,2004,melt_sum_APE__Qmean_meltseason2_APE,0.3289542209867408,WUS
Sauk_WA,Sauk_WA,Sauk_WA,2004,SWE_NSE__NSE_meltseason2,0.2401367000954425,WUS
Sauk_WA,Sauk_WA,Sauk_WA,2004,SWE_NSE__KGE_meltseason2,-0.0049520473365432275,WUS
Sauk_WA,Sauk_WA,Sauk_WA,2004,SWE_NSE__Qmean_meltseason2_APE,0.13997521292166804,WUS
Sauk_WA,Sauk_WA,Sauk_WA,2005,SWE_melt_NSE__NSE_meltseason2,-0.4766405504140294,WUS
Sauk_WA,Sauk_WA,Sauk_WA,2005,SWE_melt_NSE__KGE_meltseason2,-0.12705223643555577,WUS
Sauk_WA,Sauk_WA,Sauk_WA,2005,SWE_melt_NSE__Qmean_meltseason2_APE,-0.006800499870958752,WUS
Sauk_WA,Sauk_WA,Sauk_WA,2005,melt_sum_APE__NSE_meltseason2,-0.1079082471600306,WUS
Sauk_WA,Sauk_WA,Sauk_WA,2005,melt_sum_APE__KGE_meltseason2,-0.1342533561147982,WUS
Sauk_WA,Sauk_WA,Sauk_WA,2005,melt_sum_APE__Qmean_meltseason2_APE,0.12084259479798466,WUS
Sauk_WA,Sauk_WA,Sauk_WA,2005,SWE_NSE__NSE_meltseason2,-0.11461255150200085,WUS
Sauk_WA,Sauk_WA,Sauk_WA,2005,SWE_NSE__KGE_meltseason2,-0.08891243893616632,WUS
Sauk_WA,Sauk_WA,Sauk_WA,2005,SWE_NSE__Qmean_meltseason2_APE,0.024220731916910817,WUS
Sauk_WA,Sauk_WA,Sauk_WA,2006,SWE_melt_NSE__NSE_meltseason2,0.2334901302197788,WUS
Sauk_WA,Sauk_WA,Sauk_WA,2006,SWE_melt_NSE__KGE_meltseason2,0.4206683206371667,WUS
Sauk_WA,Sauk_WA,Sauk_WA,2006,SWE_melt_NSE__Qmean_meltseason2_APE,0.3430766397086805,WUS
Sauk_WA,Sauk_WA,Sauk_WA,2006,melt_sum_APE__NSE_meltseason2,-0.5561675128035173,WUS
Sauk_WA,Sauk_WA,Sauk_WA,2006,melt_sum_APE__KGE_meltseason2,-0.4741466606710833,WUS
Sauk_WA,Sauk_WA,Sauk_WA,2006,melt_sum_APE__Qmean_meltseason2_APE,-0.04955385534002107,WUS
Sauk_WA,Sauk_WA,Sauk_WA,2006,SWE_NSE__NSE_meltseason2,0.31238889499318107,WUS
Sauk_WA,Sauk_WA,Sauk_WA,2006,SWE_NSE__KGE_meltseason2,0.11783003622100148,WUS
Sauk_WA,Sauk_WA,Sauk_WA,2006,SWE_NSE__Qmean_meltseason2_APE,0.1382517125601117,WUS
Sauk_WA,Sauk_WA,Sauk_WA,2007,SWE_melt_NSE__NSE_meltseason2,-0.02762000539641381,WUS
Sauk_WA,Sauk_WA,Sauk_WA,2007,SWE_melt_NSE__KGE_meltseason2,0.1745631421842948,WUS
Sauk_WA,Sauk_WA,Sauk_WA,2007,SWE_melt_NSE__Qmean_meltseason2_APE,0.13588929277920125,WUS
Sauk_WA,Sauk_WA,Sauk_WA,2007,melt_sum_APE__NSE_meltseason2,-0.5062229797429918,WUS
Sauk_WA,Sauk_WA,Sauk_WA,2007,melt_sum_APE__KGE_meltseason2,-0.5640094867034979,WUS
Sauk_WA,Sauk_WA,Sauk_WA,2007,melt_sum_APE__Qmean_meltseason2_APE,-0.05360843267522571,WUS
Sauk_WA,Sauk_WA,Sauk_WA,2007,SWE_NSE__NSE_meltseason2,-0.07010423846434842,WUS
Sauk_WA,Sauk_WA,Sauk_WA,2007,SWE_NSE__KGE_meltseason2,-0.4857228455778645,WUS
Sauk_WA,Sauk_WA,Sauk_WA,2007,SWE_NSE__Qmean_meltseason2_APE,0.07643730963355545,WUS
Sauk_WA,Sauk_WA,Sauk_WA,2008,SWE_melt_NSE__NSE_meltseason2,-0.0486579456776995,WUS
Sauk_WA,Sauk_WA,Sauk_WA,2008,SWE_melt_NSE__KGE_meltseason2,0.13961269717051955,WUS
Sauk_WA,Sauk_WA,Sauk_WA,2008,SWE_melt_NSE__Qmean_meltseason2_APE,0.5228045241528094,WUS
Sauk_WA,Sauk_WA,Sauk_WA,2008,melt_sum_APE__NSE_meltseason2,-0.8020261312567686,WUS
Sauk_WA,Sauk_WA,Sauk_WA,2008,melt_sum_APE__KGE_meltseason2,-0.7465616057053155,WUS
Sauk_WA,Sauk_WA,Sauk_WA,2008,melt_sum_APE__Qmean_meltseason2_APE,-0.02540100127988713,WUS
Sauk_WA,Sauk_WA,Sauk_WA,2008,SWE_NSE__NSE_meltseason2,0.2751675905801885,WUS
Sauk_WA,Sauk_WA,Sauk_WA,2008,SWE_NSE__KGE_meltseason2,0.05492233422404756,WUS
Sauk_WA,Sauk_WA,Sauk_WA,2008,SWE_NSE__Qmean_meltseason2_APE,0.31235636658599186,WUS
Sauk_WA,Sauk_WA,Sauk_WA,2009,SWE_melt_NSE__NSE_meltseason2,0.03926411704031833,WUS
Sauk_WA,Sauk_WA,Sauk_WA,2009,SWE_melt_NSE__KGE_meltseason2,0.4330570879722328,WUS
Sauk_WA,Sauk_WA,Sauk_WA,2009,SWE_melt_NSE__Qmean_meltseason2_APE,0.35706198590057814,WUS
Sauk_WA,Sauk_WA,Sauk_WA,2009,melt_sum_APE__NSE_meltseason2,-0.386178453857432,WUS
Sauk_WA,Sauk_WA,Sauk_WA,2009,melt_sum_APE__KGE_meltseason2,-0.4014419738351813,WUS
Sauk_WA,Sauk_WA,Sauk_WA,2009,melt_sum_APE__Qmean_meltseason2_APE,-0.19768292635422444,WUS
Sauk_WA,Sauk_WA,Sauk_WA,2009,SWE_NSE__NSE_meltseason2,0.28758676084362633,WUS
Sauk_WA,Sauk_WA,Sauk_WA,2009,SWE_NSE__KGE_meltseason2,-0.12167661585299702,WUS
Sauk_WA,Sauk_WA,Sauk_WA,2009,SWE_NSE__Qmean_meltseason2_APE,0.38688822403219325,WUS
Sauk_WA,Sauk_WA,Sauk_WA,2010,SWE_melt_NSE__NSE_meltseason2,-0.2191584028540062,WUS
Sauk_WA,Sauk_WA,Sauk_WA,2010,SWE_melt_NSE__KGE_meltseason2,-0.19281169976401533,WUS
Sauk_WA,Sauk_WA,Sauk_WA,2010,SWE_melt_NSE__Qmean_meltseason2_APE,0.020342024138083878,WUS
Sauk_WA,Sauk_WA,Sauk_WA,2010,melt_sum_APE__NSE_meltseason2,-0.24570379426587402,WUS
Sauk_WA,Sauk_WA,Sauk_WA,2010,melt_sum_APE__KGE_meltseason2,-0.3740687222757246,WUS
Sauk_WA,Sauk_WA,Sauk_WA,2010,melt_sum_APE__Qmean_meltseason2_APE,-0.19197980951375612,WUS
Sauk_WA,Sauk_WA,Sauk_WA,2010,SWE_NSE__NSE_meltseason2,0.18485814841882367,WUS
Sauk_WA,Sauk_WA,Sauk_WA,2010,SWE_NSE__KGE_meltseason2,-0.1097819610264896,WUS
Sauk_WA,Sauk_WA,Sauk_WA,2010,SWE_NSE__Qmean_meltseason2_APE,0.11123109735876555,WUS
Sauk_WA,Sauk_WA,Sauk_WA,2011,SWE_melt_NSE__NSE_meltseason2,-0.010986783537982256,WUS
Sauk_WA,Sauk_WA,Sauk_WA,2011,SWE_melt_NSE__KGE_meltseason2,0.047210149909584546,WUS
Sauk_WA,Sauk_WA,Sauk_WA,2011,SWE_melt_NSE__Qmean_meltseason2_APE,0.143274222139452,WUS
Sauk_WA,Sauk_WA,Sauk_WA,2011,melt_sum_APE__NSE_meltseason2,-0.24354154562620553,WUS
Sauk_WA,Sauk_WA,Sauk_WA,2011,melt_sum_APE__KGE_meltseason2,-0.5850527735391869,WUS
Sauk_WA,Sauk_WA,Sauk_WA,2011,melt_sum_APE__Qmean_meltseason2_APE,0.012801913302715778,WUS
Sauk_WA,Sauk_WA,Sauk_WA,2011,SWE_NSE__NSE_meltseason2,0.36578933191456137,WUS
Sauk_WA,Sauk_WA,Sauk_WA,2011,SWE_NSE__KGE_meltseason2,0.0646018834415273,WUS
Sauk_WA,Sauk_WA,Sauk_WA,2011,SWE_NSE__Qmean_meltseason2_APE,0.16173234694940652,WUS
Sauk_WA,Sauk_WA,Sauk_WA,2012,SWE_melt_NSE__NSE_meltseason2,0.05676654568790885,WUS
Sauk_WA,Sauk_WA,Sauk_WA,2012,SWE_melt_NSE__KGE_meltseason2,0.12056366132822284,WUS
Sauk_WA,Sauk_WA,Sauk_WA,2012,SWE_melt_NSE__Qmean_meltseason2_APE,0.5760913611876628,WUS
Sauk_WA,Sauk_WA,Sauk_WA,2012,melt_sum_APE__NSE_meltseason2,-0.2581648606338794,WUS
Sauk_WA,Sauk_WA,Sauk_WA,2012,melt_sum_APE__KGE_meltseason2,-0.4218118086058329,WUS
Sauk_WA,Sauk_WA,Sauk_WA,2012,melt_sum_APE__Qmean_meltseason2_APE,0.024402490008976215,WUS
Sauk_WA,Sauk_WA,Sauk_WA,2012,SWE_NSE__NSE_meltseason2,0.26724967116843135,WUS
Sauk_WA,Sauk_WA,Sauk_WA,2012,SWE_NSE__KGE_meltseason2,0.21559368261125078,WUS
Sauk_WA,Sauk_WA,Sauk_WA,2012,SWE_NSE__Qmean_meltseason2_APE,0.20964413435156254,WUS
Sauk_WA,Sauk_WA,Sauk_WA,2013,SWE_melt_NSE__NSE_meltseason2,-0.06897774191858365,WUS
Sauk_WA,Sauk_WA,Sauk_WA,2013,SWE_melt_NSE__KGE_meltseason2,0.18922555740124886,WUS
Sauk_WA,Sauk_WA,Sauk_WA,2013,SWE_melt_NSE__Qmean_meltseason2_APE,0.43703545938882454,WUS
Sauk_WA,Sauk_WA,Sauk_WA,2013,melt_sum_APE__NSE_meltseason2,-0.6488460459186864,WUS
Sauk_WA,Sauk_WA,Sauk_WA,2013,melt_sum_APE__KGE_meltseason2,-0.8939716905395508,WUS
Sauk_WA,Sauk_WA,Sauk_WA,2013,melt_sum_APE__Qmean_meltseason2_APE,0.11114528202817683,WUS
Sauk_WA,Sauk_WA,Sauk_WA,2013,SWE_NSE__NSE_meltseason2,0.23738159555590096,WUS
Sauk_WA,Sauk_WA,Sauk_WA,2013,SWE_NSE__KGE_meltseason2,-0.03009485514832513,WUS
Sauk_WA,Sauk_WA,Sauk_WA,2013,SWE_NSE__Qmean_meltseason2_APE,0.19504017482907657,WUS
Sauk_WA,Sauk_WA,Sauk_WA,2014,SWE_melt_NSE__NSE_meltseason2,-0.32862274746137043,WUS
Sauk_WA,Sauk_WA,Sauk_WA,2014,SWE_melt_NSE__KGE_meltseason2,0.045684233668435534,WUS
Sauk_WA,Sauk_WA,Sauk_WA,2014,SWE_melt_NSE__Qmean_meltseason2_APE,0.1716343964631329,WUS
Sauk_WA,Sauk_WA,Sauk_WA,2014,melt_sum_APE__NSE_meltseason2,-0.6408067260715635,WUS
Sauk_WA,Sauk_WA,Sauk_WA,2014,melt_sum_APE__KGE_meltseason2,-0.7560420228432513,WUS
Sauk_WA,Sauk_WA,Sauk_WA,2014,melt_sum_APE__Qmean_meltseason2_APE,0.15503715353468328,WUS
Sauk_WA,Sauk_WA,Sauk_WA,2014,SWE_NSE__NSE_meltseason2,-0.13734079237072125,WUS
Sauk_WA,Sauk_WA,Sauk_WA,2014,SWE_NSE__KGE_meltseason2,-0.2465119499211318,WUS
Sauk_WA,Sauk_WA,Sauk_WA,2014,SWE_NSE__Qmean_meltseason2_APE,0.20500228446237884,WUS
Sauk_WA,Sauk_WA,Sauk_WA,2015,SWE_melt_NSE__NSE_meltseason2,-0.5377281189626674,WUS
Sauk_WA,Sauk_WA,Sauk_WA,2015,SWE_melt_NSE__KGE_meltseason2,-0.676622688475568,WUS
Sauk_WA,Sauk_WA,Sauk_WA,2015,SWE_melt_NSE__Qmean_meltseason2_APE,-0.051407038415050725,WUS
Sauk_WA,Sauk_WA,Sauk_WA,2015,melt_sum_APE__NSE_meltseason2,-0.6133495459379368,WUS
Sauk_WA,Sauk_WA,Sauk_WA,2015,melt_sum_APE__KGE_meltseason2,-0.43416855019288253,WUS
Sauk_WA,Sauk_WA,Sauk_WA,2015,melt_sum_APE__Qmean_meltseason2_APE,0.07583402363135447,WUS
Sauk_WA,Sauk_WA,Sauk_WA,2015,SWE_NSE__NSE_meltseason2,-0.389745123042302,WUS
Sauk_WA,Sauk_WA,Sauk_WA,2015,SWE_NSE__KGE_meltseason2,-0.4957081307276638,WUS
Sauk_WA,Sauk_WA,Sauk_WA,2015,SWE_NSE__Qmean_meltseason2_APE,0.11078242264702369,WUS
Sauk_WA,Sauk_WA,Sauk_WA,2016,SWE_melt_NSE__NSE_meltseason2,-0.051262664048852005,WUS
Sauk_WA,Sauk_WA,Sauk_WA,2016,SWE_melt_NSE__KGE_meltseason2,0.19936311122674005,WUS
Sauk_WA,Sauk_WA,Sauk_WA,2016,SWE_melt_NSE__Qmean_meltseason2_APE,0.43362836136925126,WUS
Sauk_WA,Sauk_WA,Sauk_WA,2016,melt_sum_APE__NSE_meltseason2,-0.7364179778981434,WUS
Sauk_WA,Sauk_WA,Sauk_WA,2016,melt_sum_APE__KGE_meltseason2,-0.9969321444711481,WUS
Sauk_WA,Sauk_WA,Sauk_WA,2016,melt_sum_APE__Qmean_meltseason2_APE,0.17945749311978093,WUS
Sauk_WA,Sauk_WA,Sauk_WA,2016,SWE_NSE__NSE_meltseason2,0.12084980099912526,WUS
Sauk_WA,Sauk_WA,Sauk_WA,2016,SWE_NSE__KGE_meltseason2,-0.1785848031206566,WUS
Sauk_WA,Sauk_WA,Sauk_WA,2016,SWE_NSE__Qmean_meltseason2_APE,0.411929827789023,WUS
Sauk_WA,Sauk_WA,Sauk_WA,2017,SWE_melt_NSE__NSE_meltseason2,-0.15820752173404604,WUS
Sauk_WA,Sauk_WA,Sauk_WA,2017,SWE_melt_NSE__KGE_meltseason2,0.5538387211138789,WUS
Sauk_WA,Sauk_WA,Sauk_WA,2017,SWE_melt_NSE__Qmean_meltseason2_APE,0.2066215331907754,WUS
Sauk_WA,Sauk_WA,Sauk_WA,2017,melt_sum_APE__NSE_meltseason2,-0.42255938827262873,WUS
Sauk_WA,Sauk_WA,Sauk_WA,2017,melt_sum_APE__KGE_meltseason2,-0.5420178549455271,WUS
Sauk_WA,Sauk_WA,Sauk_WA,2017,melt_sum_APE__Qmean_meltseason2_APE,-0.08690932381679362,WUS
Sauk_WA,Sauk_WA,Sauk_WA,2017,SWE_NSE__NSE_meltseason2,0.030208754803265164,WUS
Sauk_WA,Sauk_WA,Sauk_WA,2017,SWE_NSE__KGE_meltseason2,-0.006089899464374086,WUS
Sauk_WA,Sauk_WA,Sauk_WA,2017,SWE_NSE__Qmean_meltseason2_APE,0.13499028552218595,WUS
Sauk_WA,Sauk_WA,Sauk_WA,2018,SWE_melt_NSE__NSE_meltseason2,0.01628016990156209,WUS
Sauk_WA,Sauk_WA,Sauk_WA,2018,SWE_melt_NSE__KGE_meltseason2,0.3404905459137897,WUS
Sauk_WA,Sauk_WA,Sauk_WA,2018,SWE_melt_NSE__Qmean_meltseason2_APE,0.6121587317413336,WUS
Sauk_WA,Sauk_WA,Sauk_WA,2018,melt_sum_APE__NSE_meltseason2,-0.7872145990552138,WUS
Sauk_WA,Sauk_WA,Sauk_WA,2018,melt_sum_APE__KGE_meltseason2,-1.0371483086403153,WUS
Sauk_WA,Sauk_WA,Sauk_WA,2018,melt_sum_APE__Qmean_meltseason2_APE,-0.047516281084048866,WUS
Sauk_WA,Sauk_WA,Sauk_WA,2018,SWE_NSE__NSE_meltseason2,0.053652879418361034,WUS
Sauk_WA,Sauk_WA,Sauk_WA,2018,SWE_NSE__KGE_meltseason2,-0.2300923220246114,WUS
Sauk_WA,Sauk_WA,Sauk_WA,2018,SWE_NSE__Qmean_meltseason2_APE,0.22607404854025837,WUS
Sauk_WA,Sauk_WA,Sauk_WA,2019,SWE_melt_NSE__NSE_meltseason2,0.04862696848065185,WUS
Sauk_WA,Sauk_WA,Sauk_WA,2019,SWE_melt_NSE__KGE_meltseason2,0.2929336198570601,WUS
Sauk_WA,Sauk_WA,Sauk_WA,2019,SWE_melt_NSE__Qmean_meltseason2_APE,0.21277441877485098,WUS
Sauk_WA,Sauk_WA,Sauk_WA,2019,melt_sum_APE__NSE_meltseason2,-0.28209555905830297,WUS
Sauk_WA,Sauk_WA,Sauk_WA,2019,melt_sum_APE__KGE_meltseason2,-0.015171616391245967,WUS
Sauk_WA,Sauk_WA,Sauk_WA,2019,melt_sum_APE__Qmean_meltseason2_APE,-0.07264649830217096,WUS
Sauk_WA,Sauk_WA,Sauk_WA,2019,SWE_NSE__NSE_meltseason2,0.10001917745117453,WUS
Sauk_WA,Sauk_WA,Sauk_WA,2019,SWE_NSE__KGE_meltseason2,-0.025936119223239972,WUS
Sauk_WA,Sauk_WA,Sauk_WA,2019,SWE_NSE__Qmean_meltseason2_APE,-0.23370495316461468,WUS
Sauk_WA,Sauk_WA,Sauk_WA,2020,SWE_melt_NSE__NSE_meltseason2,-0.02882419658989985,WUS
Sauk_WA,Sauk_WA,Sauk_WA,2020,SWE_melt_NSE__KGE_meltseason2,0.3744159053662208,WUS
Sauk_WA,Sauk_WA,Sauk_WA,2020,SWE_melt_NSE__Qmean_meltseason2_APE,0.23005582973729308,WUS
Sauk_WA,Sauk_WA,Sauk_WA,2020,melt_sum_APE__NSE_meltseason2,-0.04311669419444545,WUS
Sauk_WA,Sauk_WA,Sauk_WA,2020,melt_sum_APE__KGE_meltseason2,-0.07100510377808472,WUS
Sauk_WA,Sauk_WA,Sauk_WA,2020,melt_sum_APE__Qmean_meltseason2_APE,0.1290419450017388,WUS
Sauk_WA,Sauk_WA,Sauk_WA,2020,SWE_NSE__NSE_meltseason2,0.2748729152192729,WUS
Sauk_WA,Sauk_WA,Sauk_WA,2020,SWE_NSE__KGE_meltseason2,0.28049230473844194,WUS
Sauk_WA,Sauk_WA,Sauk_WA,2020,SWE_NSE__Qmean_meltseason2_APE,0.30673489660326464,WUS
Sauk_WA,Sauk_WA,Sauk_WA,2021,SWE_melt_NSE__NSE_meltseason2,0.0024981738551963137,WUS
Sauk_WA,Sauk_WA,Sauk_WA,2021,SWE_melt_NSE__KGE_meltseason2,-0.12999380143275302,WUS
Sauk_WA,Sauk_WA,Sauk_WA,2021,SWE_melt_NSE__Qmean_meltseason2_APE,0.5824111596174202,WUS
Sauk_WA,Sauk_WA,Sauk_WA,2021,melt_sum_APE__NSE_meltseason2,-0.6548181606652199,WUS
Sauk_WA,Sauk_WA,Sauk_WA,2021,melt_sum_APE__KGE_meltseason2,-0.3313612070933251,WUS
Sauk_WA,Sauk_WA,Sauk_WA,2021,melt_sum_APE__Qmean_meltseason2_APE,0.2691359455987498,WUS
Sauk_WA,Sauk_WA,Sauk_WA,2021,SWE_NSE__NSE_meltseason2,0.11248899634610389,WUS
Sauk_WA,Sauk_WA,Sauk_WA,2021,SWE_NSE__KGE_meltseason2,-0.010888316142736243,WUS
Sauk_WA,Sauk_WA,Sauk_WA,2021,SWE_NSE__Qmean_meltseason2_APE,0.5618551614126586,WUS
Sauk_WA,Sauk_WA,Sauk_WA,2022,SWE_melt_NSE__NSE_meltseason2,-0.10485876062234778,WUS
Sauk_WA,Sauk_WA,Sauk_WA,2022,SWE_melt_NSE__KGE_meltseason2,0.09233188077207469,WUS
Sauk_WA,Sauk_WA,Sauk_WA,2022,SWE_melt_NSE__Qmean_meltseason2_APE,0.3401408981453923,WUS
Sauk_WA,Sauk_WA,Sauk_WA,2022,melt_sum_APE__NSE_meltseason2,-0.4002580363299433,WUS
Sauk_WA,Sauk_WA,Sauk_WA,2022,melt_sum_APE__KGE_meltseason2,-0.33557478844806604,WUS
Sauk_WA,Sauk_WA,Sauk_WA,2022,melt_sum_APE__Qmean_meltseason2_APE,0.03783614724465204,WUS
Sauk_WA,Sauk_WA,Sauk_WA,2022,SWE_NSE__NSE_meltseason2,-0.131392813769764,WUS
Sauk_WA,Sauk_WA,Sauk_WA,2022,SWE_NSE__KGE_meltseason2,-0.26229308907735116,WUS
Sauk_WA,Sauk_WA,Sauk_WA,2022,SWE_NSE__Qmean_meltseason2_APE,-0.008319946636247412,WUS
Shitike_OR,Shitike_OR,Shitike_OR,2001,SWE_melt_NSE__NSE_meltseason2,-0.5770296878708607,WUS
Shitike_OR,Shitike_OR,Shitike_OR,2001,SWE_melt_NSE__KGE_meltseason2,-0.34562888466252595,WUS
Shitike_OR,Shitike_OR,Shitike_OR,2001,SWE_melt_NSE__Qmean_meltseason2_APE,-0.024800897448149693,WUS
Shitike_OR,Shitike_OR,Shitike_OR,2001,melt_sum_APE__NSE_meltseason2,-0.6032903594280195,WUS
Shitike_OR,Shitike_OR,Shitike_OR,2001,melt_sum_APE__KGE_meltseason2,-0.529341344913923,WUS
Shitike_OR,Shitike_OR,Shitike_OR,2001,melt_sum_APE__Qmean_meltseason2_APE,0.014031559195969143,WUS
Shitike_OR,Shitike_OR,Shitike_OR,2001,SWE_NSE__NSE_meltseason2,-0.7059216880395105,WUS
Shitike_OR,Shitike_OR,Shitike_OR,2001,SWE_NSE__KGE_meltseason2,-0.41159488020891694,WUS
Shitike_OR,Shitike_OR,Shitike_OR,2001,SWE_NSE__Qmean_meltseason2_APE,-0.15187967541675382,WUS
Shitike_OR,Shitike_OR,Shitike_OR,2002,SWE_melt_NSE__NSE_meltseason2,0.11542085443901759,WUS
Shitike_OR,Shitike_OR,Shitike_OR,2002,SWE_melt_NSE__KGE_meltseason2,-0.03212514513697822,WUS
Shitike_OR,Shitike_OR,Shitike_OR,2002,SWE_melt_NSE__Qmean_meltseason2_APE,-0.06971746585582404,WUS
Shitike_OR,Shitike_OR,Shitike_OR,2002,melt_sum_APE__NSE_meltseason2,-0.4199796668354441,WUS
Shitike_OR,Shitike_OR,Shitike_OR,2002,melt_sum_APE__KGE_meltseason2,-0.47651035686605414,WUS
Shitike_OR,Shitike_OR,Shitike_OR,2002,melt_sum_APE__Qmean_meltseason2_APE,0.17620344796061424,WUS
Shitike_OR,Shitike_OR,Shitike_OR,2002,SWE_NSE__NSE_meltseason2,0.4279335949638647,WUS
Shitike_OR,Shitike_OR,Shitike_OR,2002,SWE_NSE__KGE_meltseason2,0.385371188895606,WUS
Shitike_OR,Shitike_OR,Shitike_OR,2002,SWE_NSE__Qmean_meltseason2_APE,0.1846955450173902,WUS
Shitike_OR,Shitike_OR,Shitike_OR,2003,SWE_melt_NSE__NSE_meltseason2,-0.6732446457540928,WUS
Shitike_OR,Shitike_OR,Shitike_OR,2003,SWE_melt_NSE__KGE_meltseason2,-0.5156892277746901,WUS
Shitike_OR,Shitike_OR,Shitike_OR,2003,SWE_melt_NSE__Qmean_meltseason2_APE,-0.03360316298208854,WUS
Shitike_OR,Shitike_OR,Shitike_OR,2003,melt_sum_APE__NSE_meltseason2,-0.5924626032319071,WUS
Shitike_OR,Shitike_OR,Shitike_OR,2003,melt_sum_APE__KGE_meltseason2,-0.5881777796113639,WUS
Shitike_OR,Shitike_OR,Shitike_OR,2003,melt_sum_APE__Qmean_meltseason2_APE,-0.052459160039953545,WUS
Shitike_OR,Shitike_OR,Shitike_OR,2003,SWE_NSE__NSE_meltseason2,-0.3986721195006399,WUS
Shitike_OR,Shitike_OR,Shitike_OR,2003,SWE_NSE__KGE_meltseason2,-0.33642925739974994,WUS
Shitike_OR,Shitike_OR,Shitike_OR,2003,SWE_NSE__Qmean_meltseason2_APE,-0.04697135277063599,WUS
Shitike_OR,Shitike_OR,Shitike_OR,2004,SWE_melt_NSE__NSE_meltseason2,-0.4825301713464944,WUS
Shitike_OR,Shitike_OR,Shitike_OR,2004,SWE_melt_NSE__KGE_meltseason2,-0.5938537838918521,WUS
Shitike_OR,Shitike_OR,Shitike_OR,2004,SWE_melt_NSE__Qmean_meltseason2_APE,0.17744286785682584,WUS
Shitike_OR,Shitike_OR,Shitike_OR,2004,melt_sum_APE__NSE_meltseason2,-0.4993877993492623,WUS
Shitike_OR,Shitike_OR,Shitike_OR,2004,melt_sum_APE__KGE_meltseason2,-0.3591606493488636,WUS
Shitike_OR,Shitike_OR,Shitike_OR,2004,melt_sum_APE__Qmean_meltseason2_APE,-0.18381461936384388,WUS
Shitike_OR,Shitike_OR,Shitike_OR,2004,SWE_NSE__NSE_meltseason2,-0.3849629473735145,WUS
Shitike_OR,Shitike_OR,Shitike_OR,2004,SWE_NSE__KGE_meltseason2,-0.34281425467521714,WUS
Shitike_OR,Shitike_OR,Shitike_OR,2004,SWE_NSE__Qmean_meltseason2_APE,-0.005565024119530047,WUS
Shitike_OR,Shitike_OR,Shitike_OR,2005,SWE_melt_NSE__NSE_meltseason2,-0.012817591170201549,WUS
Shitike_OR,Shitike_OR,Shitike_OR,2005,SWE_melt_NSE__KGE_meltseason2,0.05027957832224868,WUS
Shitike_OR,Shitike_OR,Shitike_OR,2005,SWE_melt_NSE__Qmean_meltseason2_APE,0.17807262900573803,WUS
Shitike_OR,Shitike_OR,Shitike_OR,2005,melt_sum_APE__NSE_meltseason2,-0.4265595492516205,WUS
Shitike_OR,Shitike_OR,Shitike_OR,2005,melt_sum_APE__KGE_meltseason2,-0.31305029487827446,WUS
Shitike_OR,Shitike_OR,Shitike_OR,2005,melt_sum_APE__Qmean_meltseason2_APE,-0.09416437502111649,WUS
Shitike_OR,Shitike_OR,Shitike_OR,2005,SWE_NSE__NSE_meltseason2,-0.09902432059675682,WUS
Shitike_OR,Shitike_OR,Shitike_OR,2005,SWE_NSE__KGE_meltseason2,-0.07415704747515274,WUS
Shitike_OR,Shitike_OR,Shitike_OR,2005,SWE_NSE__Qmean_meltseason2_APE,0.07588672412834867,WUS
Shitike_OR,Shitike_OR,Shitike_OR,2006,SWE_melt_NSE__NSE_meltseason2,-0.32935177988010633,WUS
Shitike_OR,Shitike_OR,Shitike_OR,2006,SWE_melt_NSE__KGE_meltseason2,-0.4144523461412784,WUS
Shitike_OR,Shitike_OR,Shitike_OR,2006,SWE_melt_NSE__Qmean_meltseason2_APE,-0.3383591232115714,WUS
Shitike_OR,Shitike_OR,Shitike_OR,2006,melt_sum_APE__NSE_meltseason2,-0.21105664226712997,WUS
Shitike_OR,Shitike_OR,Shitike_OR,2006,melt_sum_APE__KGE_meltseason2,-0.1937697759435146,WUS
Shitike_OR,Shitike_OR,Shitike_OR,2006,melt_sum_APE__Qmean_meltseason2_APE,-0.03892441155474014,WUS
Shitike_OR,Shitike_OR,Shitike_OR,2006,SWE_NSE__NSE_meltseason2,-0.2347638400800381,WUS
Shitike_OR,Shitike_OR,Shitike_OR,2006,SWE_NSE__KGE_meltseason2,-0.20699860220747085,WUS
Shitike_OR,Shitike_OR,Shitike_OR,2006,SWE_NSE__Qmean_meltseason2_APE,-0.04404412905060953,WUS
Shitike_OR,Shitike_OR,Shitike_OR,2007,SWE_melt_NSE__NSE_meltseason2,-0.380591552846709,WUS
Shitike_OR,Shitike_OR,Shitike_OR,2007,SWE_melt_NSE__KGE_meltseason2,-0.3536819832525071,WUS
Shitike_OR,Shitike_OR,Shitike_OR,2007,SWE_melt_NSE__Qmean_meltseason2_APE,-0.14843824102364703,WUS
Shitike_OR,Shitike_OR,Shitike_OR,2007,melt_sum_APE__NSE_meltseason2,-0.7999445388345534,WUS
Shitike_OR,Shitike_OR,Shitike_OR,2007,melt_sum_APE__KGE_meltseason2,-0.874444469313431,WUS
Shitike_OR,Shitike_OR,Shitike_OR,2007,melt_sum_APE__Qmean_meltseason2_APE,-0.10943728734192075,WUS
Shitike_OR,Shitike_OR,Shitike_OR,2007,SWE_NSE__NSE_meltseason2,-0.43017498142742305,WUS
Shitike_OR,Shitike_OR,Shitike_OR,2007,SWE_NSE__KGE_meltseason2,-0.5019758326637683,WUS
Shitike_OR,Shitike_OR,Shitike_OR,2007,SWE_NSE__Qmean_meltseason2_APE,-0.17718087721972944,WUS
Shitike_OR,Shitike_OR,Shitike_OR,2008,SWE_melt_NSE__NSE_meltseason2,-0.30862251271458047,WUS
Shitike_OR,Shitike_OR,Shitike_OR,2008,SWE_melt_NSE__KGE_meltseason2,0.09655930922301617,WUS
Shitike_OR,Shitike_OR,Shitike_OR,2008,SWE_melt_NSE__Qmean_meltseason2_APE,0.16931658686446288,WUS
Shitike_OR,Shitike_OR,Shitike_OR,2008,melt_sum_APE__NSE_meltseason2,-0.516201394880822,WUS
Shitike_OR,Shitike_OR,Shitike_OR,2008,melt_sum_APE__KGE_meltseason2,-0.1883466346668475,WUS
Shitike_OR,Shitike_OR,Shitike_OR,2008,melt_sum_APE__Qmean_meltseason2_APE,0.1672468055082602,WUS
Shitike_OR,Shitike_OR,Shitike_OR,2008,SWE_NSE__NSE_meltseason2,0.04686459108102317,WUS
Shitike_OR,Shitike_OR,Shitike_OR,2008,SWE_NSE__KGE_meltseason2,0.07195903151693092,WUS
Shitike_OR,Shitike_OR,Shitike_OR,2008,SWE_NSE__Qmean_meltseason2_APE,0.31695996780000607,WUS
Shitike_OR,Shitike_OR,Shitike_OR,2009,SWE_melt_NSE__NSE_meltseason2,-0.32386466699466343,WUS
Shitike_OR,Shitike_OR,Shitike_OR,2009,SWE_melt_NSE__KGE_meltseason2,-0.494354059432664,WUS
Shitike_OR,Shitike_OR,Shitike_OR,2009,SWE_melt_NSE__Qmean_meltseason2_APE,0.18384422942890238,WUS
Shitike_OR,Shitike_OR,Shitike_OR,2009,melt_sum_APE__NSE_meltseason2,-0.4606987224265878,WUS
Shitike_OR,Shitike_OR,Shitike_OR,2009,melt_sum_APE__KGE_meltseason2,-0.2884209548520481,WUS
Shitike_OR,Shitike_OR,Shitike_OR,2009,melt_sum_APE__Qmean_meltseason2_APE,0.04096435284067311,WUS
Shitike_OR,Shitike_OR,Shitike_OR,2009,SWE_NSE__NSE_meltseason2,-0.5720684848975535,WUS
Shitike_OR,Shitike_OR,Shitike_OR,2009,SWE_NSE__KGE_meltseason2,-0.24427970473327434,WUS
Shitike_OR,Shitike_OR,Shitike_OR,2009,SWE_NSE__Qmean_meltseason2_APE,0.10079408293868666,WUS
Shitike_OR,Shitike_OR,Shitike_OR,2010,SWE_melt_NSE__NSE_meltseason2,-0.732453183342542,WUS
Shitike_OR,Shitike_OR,Shitike_OR,2010,SWE_melt_NSE__KGE_meltseason2,-0.9002982225929481,WUS
Shitike_OR,Shitike_OR,Shitike_OR,2010,SWE_melt_NSE__Qmean_meltseason2_APE,0.09346650622424375,WUS
Shitike_OR,Shitike_OR,Shitike_OR,2010,melt_sum_APE__NSE_meltseason2,-0.6174102094709238,WUS
Shitike_OR,Shitike_OR,Shitike_OR,2010,melt_sum_APE__KGE_meltseason2,-0.41562307993423864,WUS
Shitike_OR,Shitike_OR,Shitike_OR,2010,melt_sum_APE__Qmean_meltseason2_APE,0.05114124711452172,WUS
Shitike_OR,Shitike_OR,Shitike_OR,2010,SWE_NSE__NSE_meltseason2,-0.31301744867117404,WUS
Shitike_OR,Shitike_OR,Shitike_OR,2010,SWE_NSE__KGE_meltseason2,-0.48513451736458396,WUS
Shitike_OR,Shitike_OR,Shitike_OR,2010,SWE_NSE__Qmean_meltseason2_APE,0.2796116413989843,WUS
Shitike_OR,Shitike_OR,Shitike_OR,2011,SWE_melt_NSE__NSE_meltseason2,0.02047118502698173,WUS
Shitike_OR,Shitike_OR,Shitike_OR,2011,SWE_melt_NSE__KGE_meltseason2,0.011483777056863301,WUS
Shitike_OR,Shitike_OR,Shitike_OR,2011,SWE_melt_NSE__Qmean_meltseason2_APE,0.3575520046180837,WUS
Shitike_OR,Shitike_OR,Shitike_OR,2011,melt_sum_APE__NSE_meltseason2,-0.8272056251660992,WUS
Shitike_OR,Shitike_OR,Shitike_OR,2011,melt_sum_APE__KGE_meltseason2,-0.613897673419217,WUS
Shitike_OR,Shitike_OR,Shitike_OR,2011,melt_sum_APE__Qmean_meltseason2_APE,-0.04651493098883568,WUS
Shitike_OR,Shitike_OR,Shitike_OR,2011,SWE_NSE__NSE_meltseason2,-0.3243934107838244,WUS
Shitike_OR,Shitike_OR,Shitike_OR,2011,SWE_NSE__KGE_meltseason2,-0.2797562567800523,WUS
Shitike_OR,Shitike_OR,Shitike_OR,2011,SWE_NSE__Qmean_meltseason2_APE,0.07278051928698238,WUS
Shitike_OR,Shitike_OR,Shitike_OR,2012,SWE_melt_NSE__NSE_meltseason2,-0.4969063240559601,WUS
Shitike_OR,Shitike_OR,Shitike_OR,2012,SWE_melt_NSE__KGE_meltseason2,-0.358343280385847,WUS
Shitike_OR,Shitike_OR,Shitike_OR,2012,SWE_melt_NSE__Qmean_meltseason2_APE,0.07594256577495828,WUS
Shitike_OR,Shitike_OR,Shitike_OR,2012,melt_sum_APE__NSE_meltseason2,-0.684693763568587,WUS
Shitike_OR,Shitike_OR,Shitike_OR,2012,melt_sum_APE__KGE_meltseason2,-0.7277779791008233,WUS
Shitike_OR,Shitike_OR,Shitike_OR,2012,melt_sum_APE__Qmean_meltseason2_APE,-0.14687824196742824,WUS
Shitike_OR,Shitike_OR,Shitike_OR,2012,SWE_NSE__NSE_meltseason2,-0.08766803847392832,WUS
Shitike_OR,Shitike_OR,Shitike_OR,2012,SWE_NSE__KGE_meltseason2,-0.29509863089373556,WUS
Shitike_OR,Shitike_OR,Shitike_OR,2012,SWE_NSE__Qmean_meltseason2_APE,0.10955226118877276,WUS
Shitike_OR,Shitike_OR,Shitike_OR,2013,SWE_melt_NSE__NSE_meltseason2,-0.5463628105549277,WUS
Shitike_OR,Shitike_OR,Shitike_OR,2013,SWE_melt_NSE__KGE_meltseason2,-0.5736987216502092,WUS
Shitike_OR,Shitike_OR,Shitike_OR,2013,SWE_melt_NSE__Qmean_meltseason2_APE,-0.025011545214388406,WUS
Shitike_OR,Shitike_OR,Shitike_OR,2013,melt_sum_APE__NSE_meltseason2,-0.39872359896411363,WUS
Shitike_OR,Shitike_OR,Shitike_OR,2013,melt_sum_APE__KGE_meltseason2,-0.2421976317372442,WUS
Shitike_OR,Shitike_OR,Shitike_OR,2013,melt_sum_APE__Qmean_meltseason2_APE,0.1940136010155871,WUS
Shitike_OR,Shitike_OR,Shitike_OR,2013,SWE_NSE__NSE_meltseason2,-0.4529715696967663,WUS
Shitike_OR,Shitike_OR,Shitike_OR,2013,SWE_NSE__KGE_meltseason2,-0.09054135151092824,WUS
Shitike_OR,Shitike_OR,Shitike_OR,2013,SWE_NSE__Qmean_meltseason2_APE,0.11539412802334245,WUS
Shitike_OR,Shitike_OR,Shitike_OR,2014,SWE_melt_NSE__NSE_meltseason2,-0.3618687131638064,WUS
Shitike_OR,Shitike_OR,Shitike_OR,2014,SWE_melt_NSE__KGE_meltseason2,-0.5004392803455575,WUS
Shitike_OR,Shitike_OR,Shitike_OR,2014,SWE_melt_NSE__Qmean_meltseason2_APE,0.1575855296256665,WUS
Shitike_OR,Shitike_OR,Shitike_OR,2014,melt_sum_APE__NSE_meltseason2,-0.647844936575002,WUS
Shitike_OR,Shitike_OR,Shitike_OR,2014,melt_sum_APE__KGE_meltseason2,-0.48856223641462987,WUS
Shitike_OR,Shitike_OR,Shitike_OR,2014,melt_sum_APE__Qmean_meltseason2_APE,0.1121652624232721,WUS
Shitike_OR,Shitike_OR,Shitike_OR,2014,SWE_NSE__NSE_meltseason2,0.052993087613884125,WUS
Shitike_OR,Shitike_OR,Shitike_OR,2014,SWE_NSE__KGE_meltseason2,-0.1456774551956351,WUS
Shitike_OR,Shitike_OR,Shitike_OR,2014,SWE_NSE__Qmean_meltseason2_APE,0.37003891492231106,WUS
Shitike_OR,Shitike_OR,Shitike_OR,2015,SWE_melt_NSE__NSE_meltseason2,-0.42244865529474634,WUS
Shitike_OR,Shitike_OR,Shitike_OR,2015,SWE_melt_NSE__KGE_meltseason2,-0.1455907573775814,WUS
Shitike_OR,Shitike_OR,Shitike_OR,2015,SWE_melt_NSE__Qmean_meltseason2_APE,-0.19243347583297696,WUS
Shitike_OR,Shitike_OR,Shitike_OR,2015,melt_sum_APE__NSE_meltseason2,-0.3520480832636978,WUS
Shitike_OR,Shitike_OR,Shitike_OR,2015,melt_sum_APE__KGE_meltseason2,-0.1435533218713793,WUS
Shitike_OR,Shitike_OR,Shitike_OR,2015,melt_sum_APE__Qmean_meltseason2_APE,-0.068931268655387,WUS
Shitike_OR,Shitike_OR,Shitike_OR,2015,SWE_NSE__NSE_meltseason2,-0.2862855575988013,WUS
Shitike_OR,Shitike_OR,Shitike_OR,2015,SWE_NSE__KGE_meltseason2,-0.2124041519055372,WUS
Shitike_OR,Shitike_OR,Shitike_OR,2015,SWE_NSE__Qmean_meltseason2_APE,-0.1049559493351674,WUS
Shitike_OR,Shitike_OR,Shitike_OR,2016,SWE_melt_NSE__NSE_meltseason2,-0.30626115336151205,WUS
Shitike_OR,Shitike_OR,Shitike_OR,2016,SWE_melt_NSE__KGE_meltseason2,-0.2943318785781187,WUS
Shitike_OR,Shitike_OR,Shitike_OR,2016,SWE_melt_NSE__Qmean_meltseason2_APE,0.0772700240439826,WUS
Shitike_OR,Shitike_OR,Shitike_OR,2016,melt_sum_APE__NSE_meltseason2,-0.5837044669714029,WUS
Shitike_OR,Shitike_OR,Shitike_OR,2016,melt_sum_APE__KGE_meltseason2,-0.4956242702606783,WUS
Shitike_OR,Shitike_OR,Shitike_OR,2016,melt_sum_APE__Qmean_meltseason2_APE,-0.09569859954215745,WUS
Shitike_OR,Shitike_OR,Shitike_OR,2016,SWE_NSE__NSE_meltseason2,-0.36989222378267156,WUS
Shitike_OR,Shitike_OR,Shitike_OR,2016,SWE_NSE__KGE_meltseason2,-0.11467295094214316,WUS
Shitike_OR,Shitike_OR,Shitike_OR,2016,SWE_NSE__Qmean_meltseason2_APE,-0.025738606920937483,WUS
Shitike_OR,Shitike_OR,Shitike_OR,2017,SWE_melt_NSE__NSE_meltseason2,-0.1787307832289491,WUS
Shitike_OR,Shitike_OR,Shitike_OR,2017,SWE_melt_NSE__KGE_meltseason2,-0.1561290115313821,WUS
Shitike_OR,Shitike_OR,Shitike_OR,2017,SWE_melt_NSE__Qmean_meltseason2_APE,0.1827642097526575,WUS
Shitike_OR,Shitike_OR,Shitike_OR,2017,melt_sum_APE__NSE_meltseason2,-0.3898126731217043,WUS
Shitike_OR,Shitike_OR,Shitike_OR,2017,melt_sum_APE__KGE_meltseason2,-0.15892170050593743,WUS
Shitike_OR,Shitike_OR,Shitike_OR,2017,melt_sum_APE__Qmean_meltseason2_APE,-0.1276553503379753,WUS
Shitike_OR,Shitike_OR,Shitike_OR,2017,SWE_NSE__NSE_meltseason2,0.002706745711224128,WUS
Shitike_OR,Shitike_OR,Shitike_OR,2017,SWE_NSE__KGE_meltseason2,0.007237824398927543,WUS
Shitike_OR,Shitike_OR,Shitike_OR,2017,SWE_NSE__Qmean_meltseason2_APE,0.33929854602640364,WUS
Shitike_OR,Shitike_OR,Shitike_OR,2018,SWE_melt_NSE__NSE_meltseason2,-0.2243380656514173,WUS
Shitike_OR,Shitike_OR,Shitike_OR,2018,SWE_melt_NSE__KGE_meltseason2,-0.11980617720396085,WUS
Shitike_OR,Shitike_OR,Shitike_OR,2018,SWE_melt_NSE__Qmean_meltseason2_APE,0.13330988368037008,WUS
Shitike_OR,Shitike_OR,Shitike_OR,2018,melt_sum_APE__NSE_meltseason2,-0.2304137594946771,WUS
Shitike_OR,Shitike_OR,Shitike_OR,2018,melt_sum_APE__KGE_meltseason2,-0.14243020482986138,WUS
Shitike_OR,Shitike_OR,Shitike_OR,2018,melt_sum_APE__Qmean_meltseason2_APE,0.17470568379904725,WUS
Shitike_OR,Shitike_OR,Shitike_OR,2018,SWE_NSE__NSE_meltseason2,-0.2965176901352902,WUS
Shitike_OR,Shitike_OR,Shitike_OR,2018,SWE_NSE__KGE_meltseason2,-0.19614601688045286,WUS
Shitike_OR,Shitike_OR,Shitike_OR,2018,SWE_NSE__Qmean_meltseason2_APE,-0.11030123743320788,WUS
Shitike_OR,Shitike_OR,Shitike_OR,2019,SWE_melt_NSE__NSE_meltseason2,-0.8356784913361615,WUS
Shitike_OR,Shitike_OR,Shitike_OR,2019,SWE_melt_NSE__KGE_meltseason2,-0.43256549736488376,WUS
Shitike_OR,Shitike_OR,Shitike_OR,2019,SWE_melt_NSE__Qmean_meltseason2_APE,-0.0815363770845069,WUS
Shitike_OR,Shitike_OR,Shitike_OR,2019,melt_sum_APE__NSE_meltseason2,-0.8565537317387781,WUS
Shitike_OR,Shitike_OR,Shitike_OR,2019,melt_sum_APE__KGE_meltseason2,-0.4449945710141478,WUS
Shitike_OR,Shitike_OR,Shitike_OR,2019,melt_sum_APE__Qmean_meltseason2_APE,-0.02676488264838168,WUS
Shitike_OR,Shitike_OR,Shitike_OR,2019,SWE_NSE__NSE_meltseason2,-0.7296278037722502,WUS
Shitike_OR,Shitike_OR,Shitike_OR,2019,SWE_NSE__KGE_meltseason2,-0.3785116232537297,WUS
Shitike_OR,Shitike_OR,Shitike_OR,2019,SWE_NSE__Qmean_meltseason2_APE,-0.018767397069673005,WUS
Shitike_OR,Shitike_OR,Shitike_OR,2020,SWE_melt_NSE__NSE_meltseason2,-0.6567952454822228,WUS
Shitike_OR,Shitike_OR,Shitike_OR,2020,SWE_melt_NSE__KGE_meltseason2,-0.3307939263902505,WUS
Shitike_OR,Shitike_OR,Shitike_OR,2020,SWE_melt_NSE__Qmean_meltseason2_APE,-0.02088228513929203,WUS
Shitike_OR,Shitike_OR,Shitike_OR,2020,melt_sum_APE__NSE_meltseason2,-0.33644147434028565,WUS
Shitike_OR,Shitike_OR,Shitike_OR,2020,melt_sum_APE__KGE_meltseason2,-0.45473832435545214,WUS
Shitike_OR,Shitike_OR,Shitike_OR,2020,melt_sum_APE__Qmean_meltseason2_APE,0.033795982427281185,WUS
Shitike_OR,Shitike_OR,Shitike_OR,2020,SWE_NSE__NSE_meltseason2,-0.602537778542969,WUS
Shitike_OR,Shitike_OR,Shitike_OR,2020,SWE_NSE__KGE_meltseason2,-0.24722128107688943,WUS
Shitike_OR,Shitike_OR,Shitike_OR,2020,SWE_NSE__Qmean_meltseason2_APE,-0.10604950565101322,WUS
Shitike_OR,Shitike_OR,Shitike_OR,2021,SWE_melt_NSE__NSE_meltseason2,-0.38894185599067127,WUS
Shitike_OR,Shitike_OR,Shitike_OR,2021,SWE_melt_NSE__KGE_meltseason2,-0.3117942114216234,WUS
Shitike_OR,Shitike_OR,Shitike_OR,2021,SWE_melt_NSE__Qmean_meltseason2_APE,0.1559293902040664,WUS
Shitike_OR,Shitike_OR,Shitike_OR,2021,melt_sum_APE__NSE_meltseason2,-0.09829709441447351,WUS
Shitike_OR,Shitike_OR,Shitike_OR,2021,melt_sum_APE__KGE_meltseason2,-0.058603670952101686,WUS
Shitike_OR,Shitike_OR,Shitike_OR,2021,melt_sum_APE__Qmean_meltseason2_APE,-0.08318975289843743,WUS
Shitike_OR,Shitike_OR,Shitike_OR,2021,SWE_NSE__NSE_meltseason2,-0.3361836086835231,WUS
Shitike_OR,Shitike_OR,Shitike_OR,2021,SWE_NSE__KGE_meltseason2,-0.421209048326313,WUS
Shitike_OR,Shitike_OR,Shitike_OR,2021,SWE_NSE__Qmean_meltseason2_APE,0.037466363175374814,WUS
Shitike_OR,Shitike_OR,Shitike_OR,2022,SWE_melt_NSE__NSE_meltseason2,-0.6317056325478935,WUS
Shitike_OR,Shitike_OR,Shitike_OR,2022,SWE_melt_NSE__KGE_meltseason2,-0.4536381418468309,WUS
Shitike_OR,Shitike_OR,Shitike_OR,2022,SWE_melt_NSE__Qmean_meltseason2_APE,0.1908559487163389,WUS
Shitike_OR,Shitike_OR,Shitike_OR,2022,melt_sum_APE__NSE_meltseason2,-0.31238772907377654,WUS
Shitike_OR,Shitike_OR,Shitike_OR,2022,melt_sum_APE__KGE_meltseason2,-0.04098636839449854,WUS
Shitike_OR,Shitike_OR,Shitike_OR,2022,melt_sum_APE__Qmean_meltseason2_APE,0.05949240556925353,WUS
Shitike_OR,Shitike_OR,Shitike_OR,2022,SWE_NSE__NSE_meltseason2,-0.1578080246844634,WUS
Shitike_OR,Shitike_OR,Shitike_OR,2022,SWE_NSE__KGE_meltseason2,0.024785635373085937,WUS
Shitike_OR,Shitike_OR,Shitike_OR,2022,SWE_NSE__Qmean_meltseason2_APE,0.29675975605395394,WUS
Skokomish_WA,Skokomish_WA,Skokomish_WA,2001,SWE_melt_NSE__NSE_meltseason2,0.0,WUS
Skokomish_WA,Skokomish_WA,Skokomish_WA,2001,SWE_melt_NSE__KGE_meltseason2,-0.028005533390176997,WUS
Skokomish_WA,Skokomish_WA,Skokomish_WA,2001,SWE_melt_NSE__Qmean_meltseason2_APE,0.0,WUS
Skokomish_WA,Skokomish_WA,Skokomish_WA,2001,melt_sum_APE__NSE_meltseason2,0.0,WUS
Skokomish_WA,Skokomish_WA,Skokomish_WA,2001,melt_sum_APE__KGE_meltseason2,-0.028005533390176997,WUS
Skokomish_WA,Skokomish_WA,Skokomish_WA,2001,melt_sum_APE__Qmean_meltseason2_APE,0.0,WUS
Skokomish_WA,Skokomish_WA,Skokomish_WA,2001,SWE_NSE__NSE_meltseason2,0.0,WUS
Skokomish_WA,Skokomish_WA,Skokomish_WA,2001,SWE_NSE__KGE_meltseason2,-0.028005533390176997,WUS
Skokomish_WA,Skokomish_WA,Skokomish_WA,2001,SWE_NSE__Qmean_meltseason2_APE,0.0,WUS
Skokomish_WA,Skokomish_WA,Skokomish_WA,2002,SWE_melt_NSE__NSE_meltseason2,0.11838981336728405,WUS
Skokomish_WA,Skokomish_WA,Skokomish_WA,2002,SWE_melt_NSE__KGE_meltseason2,-0.015238952900245177,WUS
Skokomish_WA,Skokomish_WA,Skokomish_WA,2002,SWE_melt_NSE__Qmean_meltseason2_APE,0.5005910801486595,WUS
Skokomish_WA,Skokomish_WA,Skokomish_WA,2002,melt_sum_APE__NSE_meltseason2,-0.6926223060770782,WUS
Skokomish_WA,Skokomish_WA,Skokomish_WA,2002,melt_sum_APE__KGE_meltseason2,-0.660327763055801,WUS
Skokomish_WA,Skokomish_WA,Skokomish_WA,2002,melt_sum_APE__Qmean_meltseason2_APE,0.1095594210497366,WUS
Skokomish_WA,Skokomish_WA,Skokomish_WA,2002,SWE_NSE__NSE_meltseason2,0.230159412149259,WUS
Skokomish_WA,Skokomish_WA,Skokomish_WA,2002,SWE_NSE__KGE_meltseason2,-0.31582930837875983,WUS
Skokomish_WA,Skokomish_WA,Skokomish_WA,2002,SWE_NSE__Qmean_meltseason2_APE,0.21848002560750787,WUS
Skokomish_WA,Skokomish_WA,Skokomish_WA,2003,SWE_melt_NSE__NSE_meltseason2,-0.14638948698152307,WUS
Skokomish_WA,Skokomish_WA,Skokomish_WA,2003,SWE_melt_NSE__KGE_meltseason2,0.0169431781883572,WUS
Skokomish_WA,Skokomish_WA,Skokomish_WA,2003,SWE_melt_NSE__Qmean_meltseason2_APE,0.07899850447499707,WUS
Skokomish_WA,Skokomish_WA,Skokomish_WA,2003,melt_sum_APE__NSE_meltseason2,-0.4976475659964986,WUS
Skokomish_WA,Skokomish_WA,Skokomish_WA,2003,melt_sum_APE__KGE_meltseason2,-0.6298679027429486,WUS
Skokomish_WA,Skokomish_WA,Skokomish_WA,2003,melt_sum_APE__Qmean_meltseason2_APE,0.12914391060443842,WUS
Skokomish_WA,Skokomish_WA,Skokomish_WA,2003,SWE_NSE__NSE_meltseason2,0.09119591785564929,WUS
Skokomish_WA,Skokomish_WA,Skokomish_WA,2003,SWE_NSE__KGE_meltseason2,-0.1552149063337069,WUS
Skokomish_WA,Skokomish_WA,Skokomish_WA,2003,SWE_NSE__Qmean_meltseason2_APE,-0.10691520391651206,WUS
Skokomish_WA,Skokomish_WA,Skokomish_WA,2004,SWE_melt_NSE__NSE_meltseason2,-0.13621501960871274,WUS
Skokomish_WA,Skokomish_WA,Skokomish_WA,2004,SWE_melt_NSE__KGE_meltseason2,-0.10675923688491262,WUS
Skokomish_WA,Skokomish_WA,Skokomish_WA,2004,SWE_melt_NSE__Qmean_meltseason2_APE,0.3274718787899654,WUS
Skokomish_WA,Skokomish_WA,Skokomish_WA,2004,melt_sum_APE__NSE_meltseason2,-0.44620859951160197,WUS
Skokomish_WA,Skokomish_WA,Skokomish_WA,2004,melt_sum_APE__KGE_meltseason2,-0.4311184993874366,WUS
Skokomish_WA,Skokomish_WA,Skokomish_WA,2004,melt_sum_APE__Qmean_meltseason2_APE,0.2610139528395145,WUS
Skokomish_WA,Skokomish_WA,Skokomish_WA,2004,SWE_NSE__NSE_meltseason2,0.18477008545853482,WUS
Skokomish_WA,Skokomish_WA,Skokomish_WA,2004,SWE_NSE__KGE_meltseason2,-0.0023880742732071076,WUS
Skokomish_WA,Skokomish_WA,Skokomish_WA,2004,SWE_NSE__Qmean_meltseason2_APE,0.35397065770261604,WUS
Skokomish_WA,Skokomish_WA,Skokomish_WA,2005,SWE_melt_NSE__NSE_meltseason2,-0.6747624048243437,WUS
Skokomish_WA,Skokomish_WA,Skokomish_WA,2005,SWE_melt_NSE__KGE_meltseason2,-0.6975905820020348,WUS
Skokomish_WA,Skokomish_WA,Skokomish_WA,2005,SWE_melt_NSE__Qmean_meltseason2_APE,-0.1127132306709064,WUS
Skokomish_WA,Skokomish_WA,Skokomish_WA,2005,melt_sum_APE__NSE_meltseason2,-0.14905091939204929,WUS
Skokomish_WA,Skokomish_WA,Skokomish_WA,2005,melt_sum_APE__KGE_meltseason2,-0.266644640187892,WUS
Skokomish_WA,Skokomish_WA,Skokomish_WA,2005,melt_sum_APE__Qmean_meltseason2_APE,0.29432386887338524,WUS
Skokomish_WA,Skokomish_WA,Skokomish_WA,2005,SWE_NSE__NSE_meltseason2,-0.5307534845491966,WUS
Skokomish_WA,Skokomish_WA,Skokomish_WA,2005,SWE_NSE__KGE_meltseason2,-0.655001359060932,WUS
Skokomish_WA,Skokomish_WA,Skokomish_WA,2005,SWE_NSE__Qmean_meltseason2_APE,0.026595788142748596,WUS
Skokomish_WA,Skokomish_WA,Skokomish_WA,2006,SWE_melt_NSE__NSE_meltseason2,0.008717217101109346,WUS
Skokomish_WA,Skokomish_WA,Skokomish_WA,2006,SWE_melt_NSE__KGE_meltseason2,-0.05236277592266152,WUS
Skokomish_WA,Skokomish_WA,Skokomish_WA,2006,SWE_melt_NSE__Qmean_meltseason2_APE,0.3556889049161251,WUS
Skokomish_WA,Skokomish_WA,Skokomish_WA,2006,melt_sum_APE__NSE_meltseason2,-0.8004636373532685,WUS
Skokomish_WA,Skokomish_WA,Skokomish_WA,2006,melt_sum_APE__KGE_meltseason2,-0.6391073584415788,WUS
Skokomish_WA,Skokomish_WA,Skokomish_WA,2006,melt_sum_APE__Qmean_meltseason2_APE,0.19260149659779485,WUS
Skokomish_WA,Skokomish_WA,Skokomish_WA,2006,SWE_NSE__NSE_meltseason2,0.06617813265780885,WUS
Skokomish_WA,Skokomish_WA,Skokomish_WA,2006,SWE_NSE__KGE_meltseason2,-0.15058594857652194,WUS
Skokomish_WA,Skokomish_WA,Skokomish_WA,2006,SWE_NSE__Qmean_meltseason2_APE,0.28273845325894426,WUS
Skokomish_WA,Skokomish_WA,Skokomish_WA,2007,SWE_melt_NSE__NSE_meltseason2,-0.02017788193763039,WUS
Skokomish_WA,Skokomish_WA,Skokomish_WA,2007,SWE_melt_NSE__KGE_meltseason2,0.12222825941101625,WUS
Skokomish_WA,Skokomish_WA,Skokomish_WA,2007,SWE_melt_NSE__Qmean_meltseason2_APE,0.2623667273511394,WUS
Skokomish_WA,Skokomish_WA,Skokomish_WA,2007,melt_sum_APE__NSE_meltseason2,-0.5090569037262879,WUS
Skokomish_WA,Skokomish_WA,Skokomish_WA,2007,melt_sum_APE__KGE_meltseason2,-0.3598853175377486,WUS
Skokomish_WA,Skokomish_WA,Skokomish_WA,2007,melt_sum_APE__Qmean_meltseason2_APE,0.02515684606304446,WUS
Skokomish_WA,Skokomish_WA,Skokomish_WA,2007,SWE_NSE__NSE_meltseason2,0.1103710749128532,WUS
Skokomish_WA,Skokomish_WA,Skokomish_WA,2007,SWE_NSE__KGE_meltseason2,-0.023268118665729132,WUS
Skokomish_WA,Skokomish_WA,Skokomish_WA,2007,SWE_NSE__Qmean_meltseason2_APE,0.23737671848323771,WUS
Skokomish_WA,Skokomish_WA,Skokomish_WA,2008,SWE_melt_NSE__NSE_meltseason2,-0.08412211838117134,WUS
Skokomish_WA,Skokomish_WA,Skokomish_WA,2008,SWE_melt_NSE__KGE_meltseason2,-0.3408790478298879,WUS
Skokomish_WA,Skokomish_WA,Skokomish_WA,2008,SWE_melt_NSE__Qmean_meltseason2_APE,0.3426660758468204,WUS
Skokomish_WA,Skokomish_WA,Skokomish_WA,2008,melt_sum_APE__NSE_meltseason2,-0.6448951886435621,WUS
Skokomish_WA,Skokomish_WA,Skokomish_WA,2008,melt_sum_APE__KGE_meltseason2,-0.5334904307945242,WUS
Skokomish_WA,Skokomish_WA,Skokomish_WA,2008,melt_sum_APE__Qmean_meltseason2_APE,0.011614628902715054,WUS
Skokomish_WA,Skokomish_WA,Skokomish_WA,2008,SWE_NSE__NSE_meltseason2,-0.06982831963753139,WUS
Skokomish_WA,Skokomish_WA,Skokomish_WA,2008,SWE_NSE__KGE_meltseason2,-0.13253382640846226,WUS
Skokomish_WA,Skokomish_WA,Skokomish_WA,2008,SWE_NSE__Qmean_meltseason2_APE,0.1824032012306587,WUS
Skokomish_WA,Skokomish_WA,Skokomish_WA,2009,SWE_melt_NSE__NSE_meltseason2,-0.09732125248547235,WUS
Skokomish_WA,Skokomish_WA,Skokomish_WA,2009,SWE_melt_NSE__KGE_meltseason2,0.24599223575431933,WUS
Skokomish_WA,Skokomish_WA,Skokomish_WA,2009,SWE_melt_NSE__Qmean_meltseason2_APE,0.12616703108857405,WUS
Skokomish_WA,Skokomish_WA,Skokomish_WA,2009,melt_sum_APE__NSE_meltseason2,-0.7717929274688046,WUS
Skokomish_WA,Skokomish_WA,Skokomish_WA,2009,melt_sum_APE__KGE_meltseason2,-0.11639219765728932,WUS
Skokomish_WA,Skokomish_WA,Skokomish_WA,2009,melt_sum_APE__Qmean_meltseason2_APE,-0.016959062526367273,WUS
Skokomish_WA,Skokomish_WA,Skokomish_WA,2009,SWE_NSE__NSE_meltseason2,-0.1431857238205534,WUS
Skokomish_WA,Skokomish_WA,Skokomish_WA,2009,SWE_NSE__KGE_meltseason2,0.08404900363815364,WUS
Skokomish_WA,Skokomish_WA,Skokomish_WA,2009,SWE_NSE__Qmean_meltseason2_APE,0.2008099387837524,WUS
Skokomish_WA,Skokomish_WA,Skokomish_WA,2010,SWE_melt_NSE__NSE_meltseason2,-0.1069578386385296,WUS
Skokomish_WA,Skokomish_WA,Skokomish_WA,2010,SWE_melt_NSE__KGE_meltseason2,-0.022873775433898486,WUS
Skokomish_WA,Skokomish_WA,Skokomish_WA,2010,SWE_melt_NSE__Qmean_meltseason2_APE,0.22597610720427688,WUS
Skokomish_WA,Skokomish_WA,Skokomish_WA,2010,melt_sum_APE__NSE_meltseason2,-0.2523552100249404,WUS
Skokomish_WA,Skokomish_WA,Skokomish_WA,2010,melt_sum_APE__KGE_meltseason2,-0.1107532293036714,WUS
Skokomish_WA,Skokomish_WA,Skokomish_WA,2010,melt_sum_APE__Qmean_meltseason2_APE,0.2000364584945802,WUS
Skokomish_WA,Skokomish_WA,Skokomish_WA,2010,SWE_NSE__NSE_meltseason2,0.11086884756243193,WUS
Skokomish_WA,Skokomish_WA,Skokomish_WA,2010,SWE_NSE__KGE_meltseason2,0.0930658651347626,WUS
Skokomish_WA,Skokomish_WA,Skokomish_WA,2010,SWE_NSE__Qmean_meltseason2_APE,0.18322001909973587,WUS
Skokomish_WA,Skokomish_WA,Skokomish_WA,2011,SWE_melt_NSE__NSE_meltseason2,0.012345876424556633,WUS
Skokomish_WA,Skokomish_WA,Skokomish_WA,2011,SWE_melt_NSE__KGE_meltseason2,0.16696048043846562,WUS
Skokomish_WA,Skokomish_WA,Skokomish_WA,2011,SWE_melt_NSE__Qmean_meltseason2_APE,0.45869872807498324,WUS
Skokomish_WA,Skokomish_WA,Skokomish_WA,2011,melt_sum_APE__NSE_meltseason2,-0.5181728168509503,WUS
Skokomish_WA,Skokomish_WA,Skokomish_WA,2011,melt_sum_APE__KGE_meltseason2,-0.7317523504225434,WUS
Skokomish_WA,Skokomish_WA,Skokomish_WA,2011,melt_sum_APE__Qmean_meltseason2_APE,0.040088358088583693,WUS
Skokomish_WA,Skokomish_WA,Skokomish_WA,2011,SWE_NSE__NSE_meltseason2,-0.05634209333260361,WUS
Skokomish_WA,Skokomish_WA,Skokomish_WA,2011,SWE_NSE__KGE_meltseason2,-0.2634335468076745,WUS
Skokomish_WA,Skokomish_WA,Skokomish_WA,2011,SWE_NSE__Qmean_meltseason2_APE,0.3406004649378072,WUS
Skokomish_WA,Skokomish_WA,Skokomish_WA,2012,SWE_melt_NSE__NSE_meltseason2,-0.16230114363561934,WUS
Skokomish_WA,Skokomish_WA,Skokomish_WA,2012,SWE_melt_NSE__KGE_meltseason2,-0.23370091187562692,WUS
Skokomish_WA,Skokomish_WA,Skokomish_WA,2012,SWE_melt_NSE__Qmean_meltseason2_APE,0.24727100545340858,WUS
Skokomish_WA,Skokomish_WA,Skokomish_WA,2012,melt_sum_APE__NSE_meltseason2,-0.4333723390265678,WUS
Skokomish_WA,Skokomish_WA,Skokomish_WA,2012,melt_sum_APE__KGE_meltseason2,-0.6312446394816826,WUS
Skokomish_WA,Skokomish_WA,Skokomish_WA,2012,melt_sum_APE__Qmean_meltseason2_APE,0.0437248105824086,WUS
Skokomish_WA,Skokomish_WA,Skokomish_WA,2012,SWE_NSE__NSE_meltseason2,0.5183571022725443,WUS
Skokomish_WA,Skokomish_WA,Skokomish_WA,2012,SWE_NSE__KGE_meltseason2,0.26733055475258877,WUS
Skokomish_WA,Skokomish_WA,Skokomish_WA,2012,SWE_NSE__Qmean_meltseason2_APE,0.20628318560185063,WUS
Skokomish_WA,Skokomish_WA,Skokomish_WA,2013,SWE_melt_NSE__NSE_meltseason2,-0.17720620717164212,WUS
Skokomish_WA,Skokomish_WA,Skokomish_WA,2013,SWE_melt_NSE__KGE_meltseason2,0.06087451490694303,WUS
Skokomish_WA,Skokomish_WA,Skokomish_WA,2013,SWE_melt_NSE__Qmean_meltseason2_APE,0.06260877710589441,WUS
Skokomish_WA,Skokomish_WA,Skokomish_WA,2013,melt_sum_APE__NSE_meltseason2,-0.3324421287083078,WUS
Skokomish_WA,Skokomish_WA,Skokomish_WA,2013,melt_sum_APE__KGE_meltseason2,-0.42528083806728745,WUS
Skokomish_WA,Skokomish_WA,Skokomish_WA,2013,melt_sum_APE__Qmean_meltseason2_APE,0.030775451948724032,WUS
Skokomish_WA,Skokomish_WA,Skokomish_WA,2013,SWE_NSE__NSE_meltseason2,0.40759943579463015,WUS
Skokomish_WA,Skokomish_WA,Skokomish_WA,2013,SWE_NSE__KGE_meltseason2,0.04183274266986597,WUS
Skokomish_WA,Skokomish_WA,Skokomish_WA,2013,SWE_NSE__Qmean_meltseason2_APE,0.2430962788859814,WUS
Skokomish_WA,Skokomish_WA,Skokomish_WA,2014,SWE_melt_NSE__NSE_meltseason2,-0.18518994307552708,WUS
Skokomish_WA,Skokomish_WA,Skokomish_WA,2014,SWE_melt_NSE__KGE_meltseason2,-0.18581427469880724,WUS
Skokomish_WA,Skokomish_WA,Skokomish_WA,2014,SWE_melt_NSE__Qmean_meltseason2_APE,0.07447719965585896,WUS
Skokomish_WA,Skokomish_WA,Skokomish_WA,2014,melt_sum_APE__NSE_meltseason2,-0.688581406149054,WUS
Skokomish_WA,Skokomish_WA,Skokomish_WA,2014,melt_sum_APE__KGE_meltseason2,-0.8139341156867679,WUS
Skokomish_WA,Skokomish_WA,Skokomish_WA,2014,melt_sum_APE__Qmean_meltseason2_APE,-0.0485752233587234,WUS
Skokomish_WA,Skokomish_WA,Skokomish_WA,2014,SWE_NSE__NSE_meltseason2,-0.5466458258466879,WUS
Skokomish_WA,Skokomish_WA,Skokomish_WA,2014,SWE_NSE__KGE_meltseason2,-0.6366310057011093,WUS
Skokomish_WA,Skokomish_WA,Skokomish_WA,2014,SWE_NSE__Qmean_meltseason2_APE,-0.0909404438654891,WUS
Skokomish_WA,Skokomish_WA,Skokomish_WA,2015,SWE_melt_NSE__NSE_meltseason2,-0.9166546036190618,WUS
Skokomish_WA,Skokomish_WA,Skokomish_WA,2015,SWE_melt_NSE__KGE_meltseason2,-0.5962077734720446,WUS
Skokomish_WA,Skokomish_WA,Skokomish_WA,2015,SWE_melt_NSE__Qmean_meltseason2_APE,-0.14328796878171232,WUS
Skokomish_WA,Skokomish_WA,Skokomish_WA,2015,melt_sum_APE__NSE_meltseason2,-0.6128659472808493,WUS
Skokomish_WA,Skokomish_WA,Skokomish_WA,2015,melt_sum_APE__KGE_meltseason2,-0.3553894254448479,WUS
Skokomish_WA,Skokomish_WA,Skokomish_WA,2015,melt_sum_APE__Qmean_meltseason2_APE,-0.016130588623388734,WUS
Skokomish_WA,Skokomish_WA,Skokomish_WA,2015,SWE_NSE__NSE_meltseason2,-0.6222399155000771,WUS
Skokomish_WA,Skokomish_WA,Skokomish_WA,2015,SWE_NSE__KGE_meltseason2,-0.42917414916289753,WUS
Skokomish_WA,Skokomish_WA,Skokomish_WA,2015,SWE_NSE__Qmean_meltseason2_APE,-0.07563688292105894,WUS
Skokomish_WA,Skokomish_WA,Skokomish_WA,2016,SWE_melt_NSE__NSE_meltseason2,0.03551949145970316,WUS
Skokomish_WA,Skokomish_WA,Skokomish_WA,2016,SWE_melt_NSE__KGE_meltseason2,0.0029593754805440783,WUS
Skokomish_WA,Skokomish_WA,Skokomish_WA,2016,SWE_melt_NSE__Qmean_meltseason2_APE,0.4244635947961441,WUS
Skokomish_WA,Skokomish_WA,Skokomish_WA,2016,melt_sum_APE__NSE_meltseason2,-0.5505732848918018,WUS
Skokomish_WA,Skokomish_WA,Skokomish_WA,2016,melt_sum_APE__KGE_meltseason2,-0.795028321493381,WUS
Skokomish_WA,Skokomish_WA,Skokomish_WA,2016,melt_sum_APE__Qmean_meltseason2_APE,0.07696646524874842,WUS
Skokomish_WA,Skokomish_WA,Skokomish_WA,2016,SWE_NSE__NSE_meltseason2,-0.15644728653474657,WUS
Skokomish_WA,Skokomish_WA,Skokomish_WA,2016,SWE_NSE__KGE_meltseason2,-0.22561752336705282,WUS
Skokomish_WA,Skokomish_WA,Skokomish_WA,2016,SWE_NSE__Qmean_meltseason2_APE,-0.020269602593474302,WUS
Skokomish_WA,Skokomish_WA,Skokomish_WA,2017,SWE_melt_NSE__NSE_meltseason2,0.12218557835221268,WUS
Skokomish_WA,Skokomish_WA,Skokomish_WA,2017,SWE_melt_NSE__KGE_meltseason2,0.1457794118066117,WUS
Skokomish_WA,Skokomish_WA,Skokomish_WA,2017,SWE_melt_NSE__Qmean_meltseason2_APE,0.34475765959512283,WUS
Skokomish_WA,Skokomish_WA,Skokomish_WA,2017,melt_sum_APE__NSE_meltseason2,-0.4079243054936379,WUS
Skokomish_WA,Skokomish_WA,Skokomish_WA,2017,melt_sum_APE__KGE_meltseason2,-0.7843126025414426,WUS
Skokomish_WA,Skokomish_WA,Skokomish_WA,2017,melt_sum_APE__Qmean_meltseason2_APE,0.12271788865564834,WUS
Skokomish_WA,Skokomish_WA,Skokomish_WA,2017,SWE_NSE__NSE_meltseason2,0.39957069793307337,WUS
Skokomish_WA,Skokomish_WA,Skokomish_WA,2017,SWE_NSE__KGE_meltseason2,-0.16877343195056463,WUS
Skokomish_WA,Skokomish_WA,Skokomish_WA,2017,SWE_NSE__Qmean_meltseason2_APE,0.15309681367788683,WUS
Skokomish_WA,Skokomish_WA,Skokomish_WA,2018,SWE_melt_NSE__NSE_meltseason2,0.13194046015054403,WUS
Skokomish_WA,Skokomish_WA,Skokomish_WA,2018,SWE_melt_NSE__KGE_meltseason2,0.12333283239250123,WUS
Skokomish_WA,Skokomish_WA,Skokomish_WA,2018,SWE_melt_NSE__Qmean_meltseason2_APE,0.04608745523927864,WUS
Skokomish_WA,Skokomish_WA,Skokomish_WA,2018,melt_sum_APE__NSE_meltseason2,-0.4935868479043154,WUS
Skokomish_WA,Skokomish_WA,Skokomish_WA,2018,melt_sum_APE__KGE_meltseason2,-0.7118971646510988,WUS
Skokomish_WA,Skokomish_WA,Skokomish_WA,2018,melt_sum_APE__Qmean_meltseason2_APE,-0.08933728026503684,WUS
Skokomish_WA,Skokomish_WA,Skokomish_WA,2018,SWE_NSE__NSE_meltseason2,0.10462061896835301,WUS
Skokomish_WA,Skokomish_WA,Skokomish_WA,2018,SWE_NSE__KGE_meltseason2,-0.28261701562365915,WUS
Skokomish_WA,Skokomish_WA,Skokomish_WA,2018,SWE_NSE__Qmean_meltseason2_APE,0.06193407993230829,WUS
Skokomish_WA,Skokomish_WA,Skokomish_WA,2019,SWE_melt_NSE__NSE_meltseason2,0.2372894329338899,WUS
Skokomish_WA,Skokomish_WA,Skokomish_WA,2019,SWE_melt_NSE__KGE_meltseason2,0.09408806330284272,WUS
Skokomish_WA,Skokomish_WA,Skokomish_WA,2019,SWE_melt_NSE__Qmean_meltseason2_APE,0.3082718729010487,WUS
Skokomish_WA,Skokomish_WA,Skokomish_WA,2019,melt_sum_APE__NSE_meltseason2,-0.5679999872483698,WUS
Skokomish_WA,Skokomish_WA,Skokomish_WA,2019,melt_sum_APE__KGE_meltseason2,-0.5992257051094965,WUS
Skokomish_WA,Skokomish_WA,Skokomish_WA,2019,melt_sum_APE__Qmean_meltseason2_APE,-0.12957811701231425,WUS
Skokomish_WA,Skokomish_WA,Skokomish_WA,2019,SWE_NSE__NSE_meltseason2,0.1076617472919742,WUS
Skokomish_WA,Skokomish_WA,Skokomish_WA,2019,SWE_NSE__KGE_meltseason2,-0.13428568562750814,WUS
Skokomish_WA,Skokomish_WA,Skokomish_WA,2019,SWE_NSE__Qmean_meltseason2_APE,0.24441022916882763,WUS
Skokomish_WA,Skokomish_WA,Skokomish_WA,2020,SWE_melt_NSE__NSE_meltseason2,-0.005090672328139011,WUS
Skokomish_WA,Skokomish_WA,Skokomish_WA,2020,SWE_melt_NSE__KGE_meltseason2,-0.09131738158982762,WUS
Skokomish_WA,Skokomish_WA,Skokomish_WA,2020,SWE_melt_NSE__Qmean_meltseason2_APE,0.04984333689489845,WUS
Skokomish_WA,Skokomish_WA,Skokomish_WA,2020,melt_sum_APE__NSE_meltseason2,-0.21018784539109212,WUS
Skokomish_WA,Skokomish_WA,Skokomish_WA,2020,melt_sum_APE__KGE_meltseason2,-0.2779372284828479,WUS
Skokomish_WA,Skokomish_WA,Skokomish_WA,2020,melt_sum_APE__Qmean_meltseason2_APE,-0.2762520818923881,WUS
Skokomish_WA,Skokomish_WA,Skokomish_WA,2020,SWE_NSE__NSE_meltseason2,0.47448451361071375,WUS
Skokomish_WA,Skokomish_WA,Skokomish_WA,2020,SWE_NSE__KGE_meltseason2,0.30416695131663696,WUS
Skokomish_WA,Skokomish_WA,Skokomish_WA,2020,SWE_NSE__Qmean_meltseason2_APE,-0.015580011467458209,WUS
Skokomish_WA,Skokomish_WA,Skokomish_WA,2021,SWE_melt_NSE__NSE_meltseason2,-0.10014427724730078,WUS
Skokomish_WA,Skokomish_WA,Skokomish_WA,2021,SWE_melt_NSE__KGE_meltseason2,-0.05066093467038745,WUS
Skokomish_WA,Skokomish_WA,Skokomish_WA,2021,SWE_melt_NSE__Qmean_meltseason2_APE,0.15035513881753945,WUS
Skokomish_WA,Skokomish_WA,Skokomish_WA,2021,melt_sum_APE__NSE_meltseason2,-0.5337963222947641,WUS
Skokomish_WA,Skokomish_WA,Skokomish_WA,2021,melt_sum_APE__KGE_meltseason2,-0.42700466156892986,WUS
Skokomish_WA,Skokomish_WA,Skokomish_WA,2021,melt_sum_APE__Qmean_meltseason2_APE,0.05253775923453059,WUS
Skokomish_WA,Skokomish_WA,Skokomish_WA,2021,SWE_NSE__NSE_meltseason2,-0.08042381893195832,WUS
Skokomish_WA,Skokomish_WA,Skokomish_WA,2021,SWE_NSE__KGE_meltseason2,-0.16814876646802246,WUS
Skokomish_WA,Skokomish_WA,Skokomish_WA,2021,SWE_NSE__Qmean_meltseason2_APE,0.10916840704036884,WUS
Skokomish_WA,Skokomish_WA,Skokomish_WA,2022,SWE_melt_NSE__NSE_meltseason2,-0.5099117954598953,WUS
Skokomish_WA,Skokomish_WA,Skokomish_WA,2022,SWE_melt_NSE__KGE_meltseason2,-0.11578185661040191,WUS
Skokomish_WA,Skokomish_WA,Skokomish_WA,2022,SWE_melt_NSE__Qmean_meltseason2_APE,0.08330086674214693,WUS
Skokomish_WA,Skokomish_WA,Skokomish_WA,2022,melt_sum_APE__NSE_meltseason2,-0.3346322936136054,WUS
Skokomish_WA,Skokomish_WA,Skokomish_WA,2022,melt_sum_APE__KGE_meltseason2,0.0290860751560656,WUS
Skokomish_WA,Skokomish_WA,Skokomish_WA,2022,melt_sum_APE__Qmean_meltseason2_APE,0.29760841569194924,WUS
Skokomish_WA,Skokomish_WA,Skokomish_WA,2022,SWE_NSE__NSE_meltseason2,-0.34750434159337845,WUS
Skokomish_WA,Skokomish_WA,Skokomish_WA,2022,SWE_NSE__KGE_meltseason2,-0.012594037162056504,WUS
Skokomish_WA,Skokomish_WA,Skokomish_WA,2022,SWE_NSE__Qmean_meltseason2_APE,0.09243206062423523,WUS
Smith_OR,Smith_OR,Smith_OR,2001,SWE_melt_NSE__NSE_meltseason2,-0.20771136414130018,WUS
Smith_OR,Smith_OR,Smith_OR,2001,SWE_melt_NSE__KGE_meltseason2,-0.05109248333629099,WUS
Smith_OR,Smith_OR,Smith_OR,2001,SWE_melt_NSE__Qmean_meltseason2_APE,-0.030258064525508978,WUS
Smith_OR,Smith_OR,Smith_OR,2001,melt_sum_APE__NSE_meltseason2,-0.13412077264502403,WUS
Smith_OR,Smith_OR,Smith_OR,2001,melt_sum_APE__KGE_meltseason2,-0.21635658061963475,WUS
Smith_OR,Smith_OR,Smith_OR,2001,melt_sum_APE__Qmean_meltseason2_APE,-0.1523349000336534,WUS
Smith_OR,Smith_OR,Smith_OR,2001,SWE_NSE__NSE_meltseason2,-0.439814594709642,WUS
Smith_OR,Smith_OR,Smith_OR,2001,SWE_NSE__KGE_meltseason2,-0.18820158938664303,WUS
Smith_OR,Smith_OR,Smith_OR,2001,SWE_NSE__Qmean_meltseason2_APE,-0.0788431826531088,WUS
Smith_OR,Smith_OR,Smith_OR,2002,SWE_melt_NSE__NSE_meltseason2,0.03839383746943075,WUS
Smith_OR,Smith_OR,Smith_OR,2002,SWE_melt_NSE__KGE_meltseason2,-0.08261666804898161,WUS
Smith_OR,Smith_OR,Smith_OR,2002,SWE_melt_NSE__Qmean_meltseason2_APE,0.1649535435255111,WUS
Smith_OR,Smith_OR,Smith_OR,2002,melt_sum_APE__NSE_meltseason2,-0.057330062203442014,WUS
Smith_OR,Smith_OR,Smith_OR,2002,melt_sum_APE__KGE_meltseason2,0.05950101174866196,WUS
Smith_OR,Smith_OR,Smith_OR,2002,melt_sum_APE__Qmean_meltseason2_APE,0.03530854019430521,WUS
Smith_OR,Smith_OR,Smith_OR,2002,SWE_NSE__NSE_meltseason2,0.24839518702514782,WUS
Smith_OR,Smith_OR,Smith_OR,2002,SWE_NSE__KGE_meltseason2,0.1580313228610589,WUS
Smith_OR,Smith_OR,Smith_OR,2002,SWE_NSE__Qmean_meltseason2_APE,0.35335794760123174,WUS
Smith_OR,Smith_OR,Smith_OR,2003,SWE_melt_NSE__NSE_meltseason2,-0.2852934433139391,WUS
Smith_OR,Smith_OR,Smith_OR,2003,SWE_melt_NSE__KGE_meltseason2,-0.40718630559309443,WUS
Smith_OR,Smith_OR,Smith_OR,2003,SWE_melt_NSE__Qmean_meltseason2_APE,0.019582624080800227,WUS
Smith_OR,Smith_OR,Smith_OR,2003,melt_sum_APE__NSE_meltseason2,-0.1723770239014389,WUS
Smith_OR,Smith_OR,Smith_OR,2003,melt_sum_APE__KGE_meltseason2,-0.5007265069667737,WUS
Smith_OR,Smith_OR,Smith_OR,2003,melt_sum_APE__Qmean_meltseason2_APE,0.14310000569823195,WUS
Smith_OR,Smith_OR,Smith_OR,2003,SWE_NSE__NSE_meltseason2,-0.3050448730331337,WUS
Smith_OR,Smith_OR,Smith_OR,2003,SWE_NSE__KGE_meltseason2,-0.5516378999347025,WUS
Smith_OR,Smith_OR,Smith_OR,2003,SWE_NSE__Qmean_meltseason2_APE,0.08619662144395722,WUS
Smith_OR,Smith_OR,Smith_OR,2004,SWE_melt_NSE__NSE_meltseason2,-0.17565263577624918,WUS
Smith_OR,Smith_OR,Smith_OR,2004,SWE_melt_NSE__KGE_meltseason2,0.20609993051914022,WUS
Smith_OR,Smith_OR,Smith_OR,2004,SWE_melt_NSE__Qmean_meltseason2_APE,0.14115515254892133,WUS
Smith_OR,Smith_OR,Smith_OR,2004,melt_sum_APE__NSE_meltseason2,-0.22208418609526057,WUS
Smith_OR,Smith_OR,Smith_OR,2004,melt_sum_APE__KGE_meltseason2,-0.1217992631341019,WUS
Smith_OR,Smith_OR,Smith_OR,2004,melt_sum_APE__Qmean_meltseason2_APE,0.06801128700893815,WUS
Smith_OR,Smith_OR,Smith_OR,2004,SWE_NSE__NSE_meltseason2,-0.18228190840935463,WUS
Smith_OR,Smith_OR,Smith_OR,2004,SWE_NSE__KGE_meltseason2,-0.2892198846011982,WUS
Smith_OR,Smith_OR,Smith_OR,2004,SWE_NSE__Qmean_meltseason2_APE,0.07622039068633567,WUS
Smith_OR,Smith_OR,Smith_OR,2005,SWE_melt_NSE__NSE_meltseason2,-0.5995188683155674,WUS
Smith_OR,Smith_OR,Smith_OR,2005,SWE_melt_NSE__KGE_meltseason2,-0.45957138532471903,WUS
Smith_OR,Smith_OR,Smith_OR,2005,SWE_melt_NSE__Qmean_meltseason2_APE,0.14461746594704913,WUS
Smith_OR,Smith_OR,Smith_OR,2005,melt_sum_APE__NSE_meltseason2,-0.8037802732077789,WUS
Smith_OR,Smith_OR,Smith_OR,2005,melt_sum_APE__KGE_meltseason2,-0.6112229349264882,WUS
Smith_OR,Smith_OR,Smith_OR,2005,melt_sum_APE__Qmean_meltseason2_APE,0.02141271939943697,WUS
Smith_OR,Smith_OR,Smith_OR,2005,SWE_NSE__NSE_meltseason2,-0.40636633555223806,WUS
Smith_OR,Smith_OR,Smith_OR,2005,SWE_NSE__KGE_meltseason2,-0.43998960934363524,WUS
Smith_OR,Smith_OR,Smith_OR,2005,SWE_NSE__Qmean_meltseason2_APE,0.16611841601257757,WUS
Smith_OR,Smith_OR,Smith_OR,2006,SWE_melt_NSE__NSE_meltseason2,-0.12102902678167018,WUS
Smith_OR,Smith_OR,Smith_OR,2006,SWE_melt_NSE__KGE_meltseason2,-0.19358749053695976,WUS
Smith_OR,Smith_OR,Smith_OR,2006,SWE_melt_NSE__Qmean_meltseason2_APE,-0.18821020348777187,WUS
Smith_OR,Smith_OR,Smith_OR,2006,melt_sum_APE__NSE_meltseason2,-0.136191118327466,WUS
Smith_OR,Smith_OR,Smith_OR,2006,melt_sum_APE__KGE_meltseason2,-0.20324983564285823,WUS
Smith_OR,Smith_OR,Smith_OR,2006,melt_sum_APE__Qmean_meltseason2_APE,0.055032238813857194,WUS
Smith_OR,Smith_OR,Smith_OR,2006,SWE_NSE__NSE_meltseason2,-0.2521269019575906,WUS
Smith_OR,Smith_OR,Smith_OR,2006,SWE_NSE__KGE_meltseason2,-0.47288572266198475,WUS
Smith_OR,Smith_OR,Smith_OR,2006,SWE_NSE__Qmean_meltseason2_APE,-0.08127509499436036,WUS
Smith_OR,Smith_OR,Smith_OR,2007,SWE_melt_NSE__NSE_meltseason2,-0.2614177142054295,WUS
Smith_OR,Smith_OR,Smith_OR,2007,SWE_melt_NSE__KGE_meltseason2,-0.32573157406714837,WUS
Smith_OR,Smith_OR,Smith_OR,2007,SWE_melt_NSE__Qmean_meltseason2_APE,-0.061631788601738756,WUS
Smith_OR,Smith_OR,Smith_OR,2007,melt_sum_APE__NSE_meltseason2,-0.2343915244922059,WUS
Smith_OR,Smith_OR,Smith_OR,2007,melt_sum_APE__KGE_meltseason2,-0.20943483036908342,WUS
Smith_OR,Smith_OR,Smith_OR,2007,melt_sum_APE__Qmean_meltseason2_APE,-0.006903360717719669,WUS
Smith_OR,Smith_OR,Smith_OR,2007,SWE_NSE__NSE_meltseason2,-0.2944618414648731,WUS
Smith_OR,Smith_OR,Smith_OR,2007,SWE_NSE__KGE_meltseason2,-0.3727306336221444,WUS
Smith_OR,Smith_OR,Smith_OR,2007,SWE_NSE__Qmean_meltseason2_APE,0.04236144497198928,WUS
Smith_OR,Smith_OR,Smith_OR,2008,SWE_melt_NSE__NSE_meltseason2,0.14551433072727468,WUS
Smith_OR,Smith_OR,Smith_OR,2008,SWE_melt_NSE__KGE_meltseason2,0.3455676189963487,WUS
Smith_OR,Smith_OR,Smith_OR,2008,SWE_melt_NSE__Qmean_meltseason2_APE,0.3169137575225801,WUS
Smith_OR,Smith_OR,Smith_OR,2008,melt_sum_APE__NSE_meltseason2,-0.08179409116364733,WUS
Smith_OR,Smith_OR,Smith_OR,2008,melt_sum_APE__KGE_meltseason2,-0.2852000616362622,WUS
Smith_OR,Smith_OR,Smith_OR,2008,melt_sum_APE__Qmean_meltseason2_APE,-0.0396216631789936,WUS
Smith_OR,Smith_OR,Smith_OR,2008,SWE_NSE__NSE_meltseason2,0.11063545697649502,WUS
Smith_OR,Smith_OR,Smith_OR,2008,SWE_NSE__KGE_meltseason2,0.107534856183496,WUS
Smith_OR,Smith_OR,Smith_OR,2008,SWE_NSE__Qmean_meltseason2_APE,0.19146515226863553,WUS
Smith_OR,Smith_OR,Smith_OR,2009,SWE_melt_NSE__NSE_meltseason2,-0.15124683783671208,WUS
Smith_OR,Smith_OR,Smith_OR,2009,SWE_melt_NSE__KGE_meltseason2,-0.1920697259742961,WUS
Smith_OR,Smith_OR,Smith_OR,2009,SWE_melt_NSE__Qmean_meltseason2_APE,-0.0378020327123844,WUS
Smith_OR,Smith_OR,Smith_OR,2009,melt_sum_APE__NSE_meltseason2,-0.03625188589213044,WUS
Smith_OR,Smith_OR,Smith_OR,2009,melt_sum_APE__KGE_meltseason2,-0.07222476724842744,WUS
Smith_OR,Smith_OR,Smith_OR,2009,melt_sum_APE__Qmean_meltseason2_APE,0.0380513056881913,WUS
Smith_OR,Smith_OR,Smith_OR,2009,SWE_NSE__NSE_meltseason2,0.08042134674896946,WUS
Smith_OR,Smith_OR,Smith_OR,2009,SWE_NSE__KGE_meltseason2,0.11710625075583338,WUS
Smith_OR,Smith_OR,Smith_OR,2009,SWE_NSE__Qmean_meltseason2_APE,0.32832960136819983,WUS
Smith_OR,Smith_OR,Smith_OR,2010,SWE_melt_NSE__NSE_meltseason2,-0.6128812042861294,WUS
Smith_OR,Smith_OR,Smith_OR,2010,SWE_melt_NSE__KGE_meltseason2,-0.3939673864080059,WUS
Smith_OR,Smith_OR,Smith_OR,2010,SWE_melt_NSE__Qmean_meltseason2_APE,0.08469953735286653,WUS
Smith_OR,Smith_OR,Smith_OR,2010,melt_sum_APE__NSE_meltseason2,-0.566802134210883,WUS
Smith_OR,Smith_OR,Smith_OR,2010,melt_sum_APE__KGE_meltseason2,-0.4557634370504368,WUS
Smith_OR,Smith_OR,Smith_OR,2010,melt_sum_APE__Qmean_meltseason2_APE,-0.045642665555712406,WUS
Smith_OR,Smith_OR,Smith_OR,2010,SWE_NSE__NSE_meltseason2,-0.558351482405175,WUS
Smith_OR,Smith_OR,Smith_OR,2010,SWE_NSE__KGE_meltseason2,-0.2523110657088244,WUS
Smith_OR,Smith_OR,Smith_OR,2010,SWE_NSE__Qmean_meltseason2_APE,0.09750590014351179,WUS
Smith_OR,Smith_OR,Smith_OR,2011,SWE_melt_NSE__NSE_meltseason2,-0.47431599072366093,WUS
Smith_OR,Smith_OR,Smith_OR,2011,SWE_melt_NSE__KGE_meltseason2,-0.7729869726433392,WUS
Smith_OR,Smith_OR,Smith_OR,2011,SWE_melt_NSE__Qmean_meltseason2_APE,-0.053320353957312466,WUS
Smith_OR,Smith_OR,Smith_OR,2011,melt_sum_APE__NSE_meltseason2,-0.3071885828529355,WUS
Smith_OR,Smith_OR,Smith_OR,2011,melt_sum_APE__KGE_meltseason2,-0.5570347136435359,WUS
Smith_OR,Smith_OR,Smith_OR,2011,melt_sum_APE__Qmean_meltseason2_APE,-0.14061203071518316,WUS
Smith_OR,Smith_OR,Smith_OR,2011,SWE_NSE__NSE_meltseason2,-0.2876405082735261,WUS
Smith_OR,Smith_OR,Smith_OR,2011,SWE_NSE__KGE_meltseason2,-0.6425334500012245,WUS
Smith_OR,Smith_OR,Smith_OR,2011,SWE_NSE__Qmean_meltseason2_APE,-0.07506109424785906,WUS
Smith_OR,Smith_OR,Smith_OR,2012,SWE_melt_NSE__NSE_meltseason2,-0.34618285639502117,WUS
Smith_OR,Smith_OR,Smith_OR,2012,SWE_melt_NSE__KGE_meltseason2,-0.284078111774993,WUS
Smith_OR,Smith_OR,Smith_OR,2012,SWE_melt_NSE__Qmean_meltseason2_APE,0.07565789930655083,WUS
Smith_OR,Smith_OR,Smith_OR,2012,melt_sum_APE__NSE_meltseason2,-0.009536543980917014,WUS
Smith_OR,Smith_OR,Smith_OR,2012,melt_sum_APE__KGE_meltseason2,0.10121498353087402,WUS
Smith_OR,Smith_OR,Smith_OR,2012,melt_sum_APE__Qmean_meltseason2_APE,0.2991745735078622,WUS
Smith_OR,Smith_OR,Smith_OR,2012,SWE_NSE__NSE_meltseason2,-0.3334817910318211,WUS
Smith_OR,Smith_OR,Smith_OR,2012,SWE_NSE__KGE_meltseason2,-0.11452104713499722,WUS
Smith_OR,Smith_OR,Smith_OR,2012,SWE_NSE__Qmean_meltseason2_APE,0.16095341762422777,WUS
Smith_OR,Smith_OR,Smith_OR,2013,SWE_melt_NSE__NSE_meltseason2,-0.23328969478509684,WUS
Smith_OR,Smith_OR,Smith_OR,2013,SWE_melt_NSE__KGE_meltseason2,0.055265823872423396,WUS
Smith_OR,Smith_OR,Smith_OR,2013,SWE_melt_NSE__Qmean_meltseason2_APE,0.07317594864573825,WUS
Smith_OR,Smith_OR,Smith_OR,2013,melt_sum_APE__NSE_meltseason2,-0.12843728226278456,WUS
Smith_OR,Smith_OR,Smith_OR,2013,melt_sum_APE__KGE_meltseason2,0.12988654762956478,WUS
Smith_OR,Smith_OR,Smith_OR,2013,melt_sum_APE__Qmean_meltseason2_APE,-0.11754863997734624,WUS
Smith_OR,Smith_OR,Smith_OR,2013,SWE_NSE__NSE_meltseason2,0.1527188935296368,WUS
Smith_OR,Smith_OR,Smith_OR,2013,SWE_NSE__KGE_meltseason2,0.34195552741322494,WUS
Smith_OR,Smith_OR,Smith_OR,2013,SWE_NSE__Qmean_meltseason2_APE,0.18893238501550969,WUS
Smith_OR,Smith_OR,Smith_OR,2014,SWE_melt_NSE__NSE_meltseason2,-0.9616163437084655,WUS
Smith_OR,Smith_OR,Smith_OR,2014,SWE_melt_NSE__KGE_meltseason2,-0.744612008229461,WUS
Smith_OR,Smith_OR,Smith_OR,2014,SWE_melt_NSE__Qmean_meltseason2_APE,-0.022790340843798124,WUS
Smith_OR,Smith_OR,Smith_OR,2014,melt_sum_APE__NSE_meltseason2,-0.6123101971002898,WUS
Smith_OR,Smith_OR,Smith_OR,2014,melt_sum_APE__KGE_meltseason2,-0.7606157791992376,WUS
Smith_OR,Smith_OR,Smith_OR,2014,melt_sum_APE__Qmean_meltseason2_APE,0.05425191446338089,WUS
Smith_OR,Smith_OR,Smith_OR,2014,SWE_NSE__NSE_meltseason2,-0.6839657162328511,WUS
Smith_OR,Smith_OR,Smith_OR,2014,SWE_NSE__KGE_meltseason2,-0.6050642372396384,WUS
Smith_OR,Smith_OR,Smith_OR,2014,SWE_NSE__Qmean_meltseason2_APE,-0.02658034242764196,WUS
Smith_OR,Smith_OR,Smith_OR,2015,SWE_melt_NSE__NSE_meltseason2,-0.40472133635653945,WUS
Smith_OR,Smith_OR,Smith_OR,2015,SWE_melt_NSE__KGE_meltseason2,0.05295120482904987,WUS
Smith_OR,Smith_OR,Smith_OR,2015,SWE_melt_NSE__Qmean_meltseason2_APE,0.05592636976613753,WUS
Smith_OR,Smith_OR,Smith_OR,2015,melt_sum_APE__NSE_meltseason2,-0.34325548011064577,WUS
Smith_OR,Smith_OR,Smith_OR,2015,melt_sum_APE__KGE_meltseason2,0.020583546887513116,WUS
Smith_OR,Smith_OR,Smith_OR,2015,melt_sum_APE__Qmean_meltseason2_APE,0.09961302086755695,WUS
Smith_OR,Smith_OR,Smith_OR,2015,SWE_NSE__NSE_meltseason2,-0.4373109341173221,WUS
Smith_OR,Smith_OR,Smith_OR,2015,SWE_NSE__KGE_meltseason2,-0.046928247344777234,WUS
Smith_OR,Smith_OR,Smith_OR,2015,SWE_NSE__Qmean_meltseason2_APE,0.03860572714984077,WUS
Smith_OR,Smith_OR,Smith_OR,2016,SWE_melt_NSE__NSE_meltseason2,-0.39451009702226225,WUS
Smith_OR,Smith_OR,Smith_OR,2016,SWE_melt_NSE__KGE_meltseason2,-0.10112432978448838,WUS
Smith_OR,Smith_OR,Smith_OR,2016,SWE_melt_NSE__Qmean_meltseason2_APE,0.20167196101360024,WUS
Smith_OR,Smith_OR,Smith_OR,2016,melt_sum_APE__NSE_meltseason2,-0.4261747490846752,WUS
Smith_OR,Smith_OR,Smith_OR,2016,melt_sum_APE__KGE_meltseason2,-0.42403028466167425,WUS
Smith_OR,Smith_OR,Smith_OR,2016,melt_sum_APE__Qmean_meltseason2_APE,0.17926686821563292,WUS
Smith_OR,Smith_OR,Smith_OR,2016,SWE_NSE__NSE_meltseason2,-0.0509496293875584,WUS
Smith_OR,Smith_OR,Smith_OR,2016,SWE_NSE__KGE_meltseason2,0.027192315724315904,WUS
Smith_OR,Smith_OR,Smith_OR,2016,SWE_NSE__Qmean_meltseason2_APE,0.43587502480520807,WUS
Smith_OR,Smith_OR,Smith_OR,2017,SWE_melt_NSE__NSE_meltseason2,-0.1136083774942556,WUS
Smith_OR,Smith_OR,Smith_OR,2017,SWE_melt_NSE__KGE_meltseason2,-0.031466434310802115,WUS
Smith_OR,Smith_OR,Smith_OR,2017,SWE_melt_NSE__Qmean_meltseason2_APE,0.09008840718448817,WUS
Smith_OR,Smith_OR,Smith_OR,2017,melt_sum_APE__NSE_meltseason2,-0.47439919423526855,WUS
Smith_OR,Smith_OR,Smith_OR,2017,melt_sum_APE__KGE_meltseason2,-0.34482849699744106,WUS
Smith_OR,Smith_OR,Smith_OR,2017,melt_sum_APE__Qmean_meltseason2_APE,-0.11539604955405591,WUS
Smith_OR,Smith_OR,Smith_OR,2017,SWE_NSE__NSE_meltseason2,-0.22908293436704733,WUS
Smith_OR,Smith_OR,Smith_OR,2017,SWE_NSE__KGE_meltseason2,-0.3162539939648069,WUS
Smith_OR,Smith_OR,Smith_OR,2017,SWE_NSE__Qmean_meltseason2_APE,-0.09207364869514491,WUS
Smith_OR,Smith_OR,Smith_OR,2018,SWE_melt_NSE__NSE_meltseason2,-0.21188395786340758,WUS
Smith_OR,Smith_OR,Smith_OR,2018,SWE_melt_NSE__KGE_meltseason2,-0.7526737606812506,WUS
Smith_OR,Smith_OR,Smith_OR,2018,SWE_melt_NSE__Qmean_meltseason2_APE,0.07759952649785325,WUS
Smith_OR,Smith_OR,Smith_OR,2018,melt_sum_APE__NSE_meltseason2,-0.28689540373844674,WUS
Smith_OR,Smith_OR,Smith_OR,2018,melt_sum_APE__KGE_meltseason2,-0.07921182078060376,WUS
Smith_OR,Smith_OR,Smith_OR,2018,melt_sum_APE__Qmean_meltseason2_APE,0.10270489069985339,WUS
Smith_OR,Smith_OR,Smith_OR,2018,SWE_NSE__NSE_meltseason2,-0.07001232520005442,WUS
Smith_OR,Smith_OR,Smith_OR,2018,SWE_NSE__KGE_meltseason2,-0.5462038779461241,WUS
Smith_OR,Smith_OR,Smith_OR,2018,SWE_NSE__Qmean_meltseason2_APE,0.12698438319355493,WUS
Smith_OR,Smith_OR,Smith_OR,2019,SWE_melt_NSE__NSE_meltseason2,-0.38317722716809705,WUS
Smith_OR,Smith_OR,Smith_OR,2019,SWE_melt_NSE__KGE_meltseason2,-0.4160937739136227,WUS
Smith_OR,Smith_OR,Smith_OR,2019,SWE_melt_NSE__Qmean_meltseason2_APE,0.17889078269986117,WUS
Smith_OR,Smith_OR,Smith_OR,2019,melt_sum_APE__NSE_meltseason2,-0.3161797216093348,WUS
Smith_OR,Smith_OR,Smith_OR,2019,melt_sum_APE__KGE_meltseason2,-0.37740158290463804,WUS
Smith_OR,Smith_OR,Smith_OR,2019,melt_sum_APE__Qmean_meltseason2_APE,0.024936900834428746,WUS
Smith_OR,Smith_OR,Smith_OR,2019,SWE_NSE__NSE_meltseason2,-0.03658536387313597,WUS
Smith_OR,Smith_OR,Smith_OR,2019,SWE_NSE__KGE_meltseason2,-0.5624260035717075,WUS
Smith_OR,Smith_OR,Smith_OR,2019,SWE_NSE__Qmean_meltseason2_APE,0.11888746307637718,WUS
Smith_OR,Smith_OR,Smith_OR,2020,SWE_melt_NSE__NSE_meltseason2,-0.17166633543873777,WUS
Smith_OR,Smith_OR,Smith_OR,2020,SWE_melt_NSE__KGE_meltseason2,-0.4332630635744328,WUS
Smith_OR,Smith_OR,Smith_OR,2020,SWE_melt_NSE__Qmean_meltseason2_APE,0.25644783218664224,WUS
Smith_OR,Smith_OR,Smith_OR,2020,melt_sum_APE__NSE_meltseason2,-0.2862631625000974,WUS
Smith_OR,Smith_OR,Smith_OR,2020,melt_sum_APE__KGE_meltseason2,-0.39537386474595665,WUS
Smith_OR,Smith_OR,Smith_OR,2020,melt_sum_APE__Qmean_meltseason2_APE,-0.11865179335869191,WUS
Smith_OR,Smith_OR,Smith_OR,2020,SWE_NSE__NSE_meltseason2,-0.22113187513053104,WUS
Smith_OR,Smith_OR,Smith_OR,2020,SWE_NSE__KGE_meltseason2,-0.5083331900726614,WUS
Smith_OR,Smith_OR,Smith_OR,2020,SWE_NSE__Qmean_meltseason2_APE,0.13459052859088558,WUS
Smith_OR,Smith_OR,Smith_OR,2021,SWE_melt_NSE__NSE_meltseason2,0.17762596475217118,WUS
Smith_OR,Smith_OR,Smith_OR,2021,SWE_melt_NSE__KGE_meltseason2,-0.09767716416684653,WUS
Smith_OR,Smith_OR,Smith_OR,2021,SWE_melt_NSE__Qmean_meltseason2_APE,0.2756905281411799,WUS
Smith_OR,Smith_OR,Smith_OR,2021,melt_sum_APE__NSE_meltseason2,-0.25490979442901546,WUS
Smith_OR,Smith_OR,Smith_OR,2021,melt_sum_APE__KGE_meltseason2,-0.1971356228869814,WUS
Smith_OR,Smith_OR,Smith_OR,2021,melt_sum_APE__Qmean_meltseason2_APE,0.12832800326182256,WUS
Smith_OR,Smith_OR,Smith_OR,2021,SWE_NSE__NSE_meltseason2,-0.14685659195700287,WUS
Smith_OR,Smith_OR,Smith_OR,2021,SWE_NSE__KGE_meltseason2,-0.2389244841201133,WUS
Smith_OR,Smith_OR,Smith_OR,2021,SWE_NSE__Qmean_meltseason2_APE,0.3072242906965012,WUS
Smith_OR,Smith_OR,Smith_OR,2022,SWE_melt_NSE__NSE_meltseason2,-0.381066732588359,WUS
Smith_OR,Smith_OR,Smith_OR,2022,SWE_melt_NSE__KGE_meltseason2,-0.11032119608007052,WUS
Smith_OR,Smith_OR,Smith_OR,2022,SWE_melt_NSE__Qmean_meltseason2_APE,0.10709669782049891,WUS
Smith_OR,Smith_OR,Smith_OR,2022,melt_sum_APE__NSE_meltseason2,-0.23463543007248627,WUS
Smith_OR,Smith_OR,Smith_OR,2022,melt_sum_APE__KGE_meltseason2,0.14776681305994302,WUS
Smith_OR,Smith_OR,Smith_OR,2022,melt_sum_APE__Qmean_meltseason2_APE,0.2928004905166421,WUS
Smith_OR,Smith_OR,Smith_OR,2022,SWE_NSE__NSE_meltseason2,-0.1893876933097957,WUS
Smith_OR,Smith_OR,Smith_OR,2022,SWE_NSE__KGE_meltseason2,0.24453382661976997,WUS
Smith_OR,Smith_OR,Smith_OR,2022,SWE_NSE__Qmean_meltseason2_APE,0.2602343430745578,WUS
Umatilla_OR,Umatilla_OR,Umatilla_OR,2001,SWE_melt_NSE__NSE_meltseason2,-0.658555591550996,WUS
Umatilla_OR,Umatilla_OR,Umatilla_OR,2001,SWE_melt_NSE__KGE_meltseason2,-0.21846495244382938,WUS
Umatilla_OR,Umatilla_OR,Umatilla_OR,2001,SWE_melt_NSE__Qmean_meltseason2_APE,0.03804766956006819,WUS
Umatilla_OR,Umatilla_OR,Umatilla_OR,2001,melt_sum_APE__NSE_meltseason2,-0.6713895332504387,WUS
Umatilla_OR,Umatilla_OR,Umatilla_OR,2001,melt_sum_APE__KGE_meltseason2,-0.2756053801409309,WUS
Umatilla_OR,Umatilla_OR,Umatilla_OR,2001,melt_sum_APE__Qmean_meltseason2_APE,-0.1954547174302005,WUS
Umatilla_OR,Umatilla_OR,Umatilla_OR,2001,SWE_NSE__NSE_meltseason2,-0.5869421854789854,WUS
Umatilla_OR,Umatilla_OR,Umatilla_OR,2001,SWE_NSE__KGE_meltseason2,-0.1955949446883102,WUS
Umatilla_OR,Umatilla_OR,Umatilla_OR,2001,SWE_NSE__Qmean_meltseason2_APE,0.09846366297972942,WUS
Umatilla_OR,Umatilla_OR,Umatilla_OR,2002,SWE_melt_NSE__NSE_meltseason2,-0.27776298817637346,WUS
Umatilla_OR,Umatilla_OR,Umatilla_OR,2002,SWE_melt_NSE__KGE_meltseason2,-0.5077179510031251,WUS
Umatilla_OR,Umatilla_OR,Umatilla_OR,2002,SWE_melt_NSE__Qmean_meltseason2_APE,0.09544524501725019,WUS
Umatilla_OR,Umatilla_OR,Umatilla_OR,2002,melt_sum_APE__NSE_meltseason2,-0.6755471020738785,WUS
Umatilla_OR,Umatilla_OR,Umatilla_OR,2002,melt_sum_APE__KGE_meltseason2,-0.5803147102690582,WUS
Umatilla_OR,Umatilla_OR,Umatilla_OR,2002,melt_sum_APE__Qmean_meltseason2_APE,-0.07005554981522727,WUS
Umatilla_OR,Umatilla_OR,Umatilla_OR,2002,SWE_NSE__NSE_meltseason2,-0.049415914249755236,WUS
Umatilla_OR,Umatilla_OR,Umatilla_OR,2002,SWE_NSE__KGE_meltseason2,-0.6529974587206216,WUS
Umatilla_OR,Umatilla_OR,Umatilla_OR,2002,SWE_NSE__Qmean_meltseason2_APE,0.050425929187224314,WUS
Umatilla_OR,Umatilla_OR,Umatilla_OR,2003,SWE_melt_NSE__NSE_meltseason2,-0.7001126213004112,WUS
Umatilla_OR,Umatilla_OR,Umatilla_OR,2003,SWE_melt_NSE__KGE_meltseason2,-0.31951911394961513,WUS
Umatilla_OR,Umatilla_OR,Umatilla_OR,2003,SWE_melt_NSE__Qmean_meltseason2_APE,0.007958107044401815,WUS
Umatilla_OR,Umatilla_OR,Umatilla_OR,2003,melt_sum_APE__NSE_meltseason2,-0.5235258855248172,WUS
Umatilla_OR,Umatilla_OR,Umatilla_OR,2003,melt_sum_APE__KGE_meltseason2,-0.16123274410538366,WUS
Umatilla_OR,Umatilla_OR,Umatilla_OR,2003,melt_sum_APE__Qmean_meltseason2_APE,0.07669553642793103,WUS
Umatilla_OR,Umatilla_OR,Umatilla_OR,2003,SWE_NSE__NSE_meltseason2,-0.5811645048134184,WUS
Umatilla_OR,Umatilla_OR,Umatilla_OR,2003,SWE_NSE__KGE_meltseason2,-0.2670695588405677,WUS
Umatilla_OR,Umatilla_OR,Umatilla_OR,2003,SWE_NSE__Qmean_meltseason2_APE,0.04598364853728555,WUS
Umatilla_OR,Umatilla_OR,Umatilla_OR,2004,SWE_melt_NSE__NSE_meltseason2,-0.4917070889077077,WUS
Umatilla_OR,Umatilla_OR,Umatilla_OR,2004,SWE_melt_NSE__KGE_meltseason2,-0.2958739796040482,WUS
Umatilla_OR,Umatilla_OR,Umatilla_OR,2004,SWE_melt_NSE__Qmean_meltseason2_APE,0.1236950136429626,WUS
Umatilla_OR,Umatilla_OR,Umatilla_OR,2004,melt_sum_APE__NSE_meltseason2,-0.36050539918846647,WUS
Umatilla_OR,Umatilla_OR,Umatilla_OR,2004,melt_sum_APE__KGE_meltseason2,-0.1751335110883848,WUS
Umatilla_OR,Umatilla_OR,Umatilla_OR,2004,melt_sum_APE__Qmean_meltseason2_APE,0.14786562772873799,WUS
Umatilla_OR,Umatilla_OR,Umatilla_OR,2004,SWE_NSE__NSE_meltseason2,0.04323279688903649,WUS
Umatilla_OR,Umatilla_OR,Umatilla_OR,2004,SWE_NSE__KGE_meltseason2,-0.012219829888280413,WUS
Umatilla_OR,Umatilla_OR,Umatilla_OR,2004,SWE_NSE__Qmean_meltseason2_APE,0.4809941046935672,WUS
Umatilla_OR,Umatilla_OR,Umatilla_OR,2005,SWE_melt_NSE__NSE_meltseason2,-0.73931798696504,WUS
Umatilla_OR,Umatilla_OR,Umatilla_OR,2005,SWE_melt_NSE__KGE_meltseason2,-0.31998282534748757,WUS
Umatilla_OR,Umatilla_OR,Umatilla_OR,2005,SWE_melt_NSE__Qmean_meltseason2_APE,-0.13376864412510486,WUS
Umatilla_OR,Umatilla_OR,Umatilla_OR,2005,melt_sum_APE__NSE_meltseason2,-0.2869546174966752,WUS
Umatilla_OR,Umatilla_OR,Umatilla_OR,2005,melt_sum_APE__KGE_meltseason2,-0.3046179461282661,WUS
Umatilla_OR,Umatilla_OR,Umatilla_OR,2005,melt_sum_APE__Qmean_meltseason2_APE,-0.09439034816292069,WUS
Umatilla_OR,Umatilla_OR,Umatilla_OR,2005,SWE_NSE__NSE_meltseason2,-0.5140614881140243,WUS
Umatilla_OR,Umatilla_OR,Umatilla_OR,2005,SWE_NSE__KGE_meltseason2,-0.3704085471631551,WUS
Umatilla_OR,Umatilla_OR,Umatilla_OR,2005,SWE_NSE__Qmean_meltseason2_APE,-0.144896491826271,WUS
Umatilla_OR,Umatilla_OR,Umatilla_OR,2006,SWE_melt_NSE__NSE_meltseason2,-0.4304073982360344,WUS
Umatilla_OR,Umatilla_OR,Umatilla_OR,2006,SWE_melt_NSE__KGE_meltseason2,-0.3582527842699295,WUS
Umatilla_OR,Umatilla_OR,Umatilla_OR,2006,SWE_melt_NSE__Qmean_meltseason2_APE,0.012398714320634283,WUS
Umatilla_OR,Umatilla_OR,Umatilla_OR,2006,melt_sum_APE__NSE_meltseason2,-0.23797843715797046,WUS
Umatilla_OR,Umatilla_OR,Umatilla_OR,2006,melt_sum_APE__KGE_meltseason2,-0.18481607337033398,WUS
Umatilla_OR,Umatilla_OR,Umatilla_OR,2006,melt_sum_APE__Qmean_meltseason2_APE,0.02807648856848786,WUS
Umatilla_OR,Umatilla_OR,Umatilla_OR,2006,SWE_NSE__NSE_meltseason2,-0.2393265202975916,WUS
Umatilla_OR,Umatilla_OR,Umatilla_OR,2006,SWE_NSE__KGE_meltseason2,-0.251744696744205,WUS
Umatilla_OR,Umatilla_OR,Umatilla_OR,2006,SWE_NSE__Qmean_meltseason2_APE,0.012663670318199888,WUS
Umatilla_OR,Umatilla_OR,Umatilla_OR,2007,SWE_melt_NSE__NSE_meltseason2,-0.15269870341073885,WUS
Umatilla_OR,Umatilla_OR,Umatilla_OR,2007,SWE_melt_NSE__KGE_meltseason2,-0.1318105402064937,WUS
Umatilla_OR,Umatilla_OR,Umatilla_OR,2007,SWE_melt_NSE__Qmean_meltseason2_APE,0.2387868595871165,WUS
Umatilla_OR,Umatilla_OR,Umatilla_OR,2007,melt_sum_APE__NSE_meltseason2,-0.2573513004059196,WUS
Umatilla_OR,Umatilla_OR,Umatilla_OR,2007,melt_sum_APE__KGE_meltseason2,0.09857306649106955,WUS
Umatilla_OR,Umatilla_OR,Umatilla_OR,2007,melt_sum_APE__Qmean_meltseason2_APE,0.05001202091798934,WUS
Umatilla_OR,Umatilla_OR,Umatilla_OR,2007,SWE_NSE__NSE_meltseason2,-0.13319952226889176,WUS
Umatilla_OR,Umatilla_OR,Umatilla_OR,2007,SWE_NSE__KGE_meltseason2,-0.03765545496617537,WUS
Umatilla_OR,Umatilla_OR,Umatilla_OR,2007,SWE_NSE__Qmean_meltseason2_APE,0.15657146185014292,WUS
Umatilla_OR,Umatilla_OR,Umatilla_OR,2008,SWE_melt_NSE__NSE_meltseason2,-0.05655967250670648,WUS
Umatilla_OR,Umatilla_OR,Umatilla_OR,2008,SWE_melt_NSE__KGE_meltseason2,-0.2877755723733091,WUS
Umatilla_OR,Umatilla_OR,Umatilla_OR,2008,SWE_melt_NSE__Qmean_meltseason2_APE,0.3049465014077996,WUS
Umatilla_OR,Umatilla_OR,Umatilla_OR,2008,melt_sum_APE__NSE_meltseason2,-0.12227111958959325,WUS
Umatilla_OR,Umatilla_OR,Umatilla_OR,2008,melt_sum_APE__KGE_meltseason2,-0.1787773482144891,WUS
Umatilla_OR,Umatilla_OR,Umatilla_OR,2008,melt_sum_APE__Qmean_meltseason2_APE,-0.06927409348209815,WUS
Umatilla_OR,Umatilla_OR,Umatilla_OR,2008,SWE_NSE__NSE_meltseason2,-0.139299037411549,WUS
Umatilla_OR,Umatilla_OR,Umatilla_OR,2008,SWE_NSE__KGE_meltseason2,-0.30202853744965746,WUS
Umatilla_OR,Umatilla_OR,Umatilla_OR,2008,SWE_NSE__Qmean_meltseason2_APE,0.20047998076764398,WUS
Umatilla_OR,Umatilla_OR,Umatilla_OR,2009,SWE_melt_NSE__NSE_meltseason2,-0.09265987511560947,WUS
Umatilla_OR,Umatilla_OR,Umatilla_OR,2009,SWE_melt_NSE__KGE_meltseason2,-0.19743119880067136,WUS
Umatilla_OR,Umatilla_OR,Umatilla_OR,2009,SWE_melt_NSE__Qmean_meltseason2_APE,0.26115010818266,WUS
Umatilla_OR,Umatilla_OR,Umatilla_OR,2009,melt_sum_APE__NSE_meltseason2,-0.04731231691244967,WUS
Umatilla_OR,Umatilla_OR,Umatilla_OR,2009,melt_sum_APE__KGE_meltseason2,0.0625124264387177,WUS
Umatilla_OR,Umatilla_OR,Umatilla_OR,2009,melt_sum_APE__Qmean_meltseason2_APE,0.09100284256057276,WUS
Umatilla_OR,Umatilla_OR,Umatilla_OR,2009,SWE_NSE__NSE_meltseason2,0.014104154409950507,WUS
Umatilla_OR,Umatilla_OR,Umatilla_OR,2009,SWE_NSE__KGE_meltseason2,-0.4037247211533285,WUS
Umatilla_OR,Umatilla_OR,Umatilla_OR,2009,SWE_NSE__Qmean_meltseason2_APE,0.15555311758426035,WUS
Umatilla_OR,Umatilla_OR,Umatilla_OR,2010,SWE_melt_NSE__NSE_meltseason2,-0.5408510687430307,WUS
Umatilla_OR,Umatilla_OR,Umatilla_OR,2010,SWE_melt_NSE__KGE_meltseason2,-0.31229555555001565,WUS
Umatilla_OR,Umatilla_OR,Umatilla_OR,2010,SWE_melt_NSE__Qmean_meltseason2_APE,0.11833030706384613,WUS
Umatilla_OR,Umatilla_OR,Umatilla_OR,2010,melt_sum_APE__NSE_meltseason2,-0.6376838594775446,WUS
Umatilla_OR,Umatilla_OR,Umatilla_OR,2010,melt_sum_APE__KGE_meltseason2,-0.7371542927526877,WUS
Umatilla_OR,Umatilla_OR,Umatilla_OR,2010,melt_sum_APE__Qmean_meltseason2_APE,0.18502412026332696,WUS
Umatilla_OR,Umatilla_OR,Umatilla_OR,2010,SWE_NSE__NSE_meltseason2,-0.6922667082128644,WUS
Umatilla_OR,Umatilla_OR,Umatilla_OR,2010,SWE_NSE__KGE_meltseason2,-0.5672233858873806,WUS
Umatilla_OR,Umatilla_OR,Umatilla_OR,2010,SWE_NSE__Qmean_meltseason2_APE,0.02484239656851637,WUS
Umatilla_OR,Umatilla_OR,Umatilla_OR,2011,SWE_melt_NSE__NSE_meltseason2,-0.1106021991980323,WUS
Umatilla_OR,Umatilla_OR,Umatilla_OR,2011,SWE_melt_NSE__KGE_meltseason2,-0.17616323408814477,WUS
Umatilla_OR,Umatilla_OR,Umatilla_OR,2011,SWE_melt_NSE__Qmean_meltseason2_APE,0.09348940167862621,WUS
Umatilla_OR,Umatilla_OR,Umatilla_OR,2011,melt_sum_APE__NSE_meltseason2,-0.19045339328684605,WUS
Umatilla_OR,Umatilla_OR,Umatilla_OR,2011,melt_sum_APE__KGE_meltseason2,-0.03619887475823908,WUS
Umatilla_OR,Umatilla_OR,Umatilla_OR,2011,melt_sum_APE__Qmean_meltseason2_APE,-0.035419207465319735,WUS
Umatilla_OR,Umatilla_OR,Umatilla_OR,2011,SWE_NSE__NSE_meltseason2,-0.033013787429337985,WUS
Umatilla_OR,Umatilla_OR,Umatilla_OR,2011,SWE_NSE__KGE_meltseason2,-0.15546261508824466,WUS
Umatilla_OR,Umatilla_OR,Umatilla_OR,2011,SWE_NSE__Qmean_meltseason2_APE,0.2066278844047552,WUS
Umatilla_OR,Umatilla_OR,Umatilla_OR,2012,SWE_melt_NSE__NSE_meltseason2,-0.44936002958499016,WUS
Umatilla_OR,Umatilla_OR,Umatilla_OR,2012,SWE_melt_NSE__KGE_meltseason2,-0.2847323859766275,WUS
Umatilla_OR,Umatilla_OR,Umatilla_OR,2012,SWE_melt_NSE__Qmean_meltseason2_APE,0.017887141037788396,WUS
Umatilla_OR,Umatilla_OR,Umatilla_OR,2012,melt_sum_APE__NSE_meltseason2,-0.26712376504291957,WUS
Umatilla_OR,Umatilla_OR,Umatilla_OR,2012,melt_sum_APE__KGE_meltseason2,-0.2884734127893084,WUS
Umatilla_OR,Umatilla_OR,Umatilla_OR,2012,melt_sum_APE__Qmean_meltseason2_APE,-0.15907605452888662,WUS
Umatilla_OR,Umatilla_OR,Umatilla_OR,2012,SWE_NSE__NSE_meltseason2,-0.39810968325802765,WUS
Umatilla_OR,Umatilla_OR,Umatilla_OR,2012,SWE_NSE__KGE_meltseason2,-0.26436736376662584,WUS
Umatilla_OR,Umatilla_OR,Umatilla_OR,2012,SWE_NSE__Qmean_meltseason2_APE,-0.06453264173911621,WUS
Umatilla_OR,Umatilla_OR,Umatilla_OR,2013,SWE_melt_NSE__NSE_meltseason2,-0.339324595234598,WUS
Umatilla_OR,Umatilla_OR,Umatilla_OR,2013,SWE_melt_NSE__KGE_meltseason2,-0.15628626268704723,WUS
Umatilla_OR,Umatilla_OR,Umatilla_OR,2013,SWE_melt_NSE__Qmean_meltseason2_APE,0.18974303834473458,WUS
Umatilla_OR,Umatilla_OR,Umatilla_OR,2013,melt_sum_APE__NSE_meltseason2,-0.6753032079235342,WUS
Umatilla_OR,Umatilla_OR,Umatilla_OR,2013,melt_sum_APE__KGE_meltseason2,-0.35731290851065944,WUS
Umatilla_OR,Umatilla_OR,Umatilla_OR,2013,melt_sum_APE__Qmean_meltseason2_APE,0.3141416907720067,WUS
Umatilla_OR,Umatilla_OR,Umatilla_OR,2013,SWE_NSE__NSE_meltseason2,-0.32273660422500217,WUS
Umatilla_OR,Umatilla_OR,Umatilla_OR,2013,SWE_NSE__KGE_meltseason2,-0.04001149858318641,WUS
Umatilla_OR,Umatilla_OR,Umatilla_OR,2013,SWE_NSE__Qmean_meltseason2_APE,0.24179810331059953,WUS
Umatilla_OR,Umatilla_OR,Umatilla_OR,2014,SWE_melt_NSE__NSE_meltseason2,-0.7521137466924803,WUS
Umatilla_OR,Umatilla_OR,Umatilla_OR,2014,SWE_melt_NSE__KGE_meltseason2,-0.1372613541627802,WUS
Umatilla_OR,Umatilla_OR,Umatilla_OR,2014,SWE_melt_NSE__Qmean_meltseason2_APE,0.2984210606986679,WUS
Umatilla_OR,Umatilla_OR,Umatilla_OR,2014,melt_sum_APE__NSE_meltseason2,-0.5654585729007724,WUS
Umatilla_OR,Umatilla_OR,Umatilla_OR,2014,melt_sum_APE__KGE_meltseason2,-0.390022376242016,WUS
Umatilla_OR,Umatilla_OR,Umatilla_OR,2014,melt_sum_APE__Qmean_meltseason2_APE,0.036724906191963023,WUS
Umatilla_OR,Umatilla_OR,Umatilla_OR,2014,SWE_NSE__NSE_meltseason2,-0.6150878610629402,WUS
Umatilla_OR,Umatilla_OR,Umatilla_OR,2014,SWE_NSE__KGE_meltseason2,-0.15614796693419838,WUS
Umatilla_OR,Umatilla_OR,Umatilla_OR,2014,SWE_NSE__Qmean_meltseason2_APE,0.325645122609925,WUS
Umatilla_OR,Umatilla_OR,Umatilla_OR,2015,SWE_melt_NSE__NSE_meltseason2,-0.8708339788820042,WUS
Umatilla_OR,Umatilla_OR,Umatilla_OR,2015,SWE_melt_NSE__KGE_meltseason2,-0.2247047894339362,WUS
Umatilla_OR,Umatilla_OR,Umatilla_OR,2015,SWE_melt_NSE__Qmean_meltseason2_APE,-0.0764417887349881,WUS
Umatilla_OR,Umatilla_OR,Umatilla_OR,2015,melt_sum_APE__NSE_meltseason2,-0.7546686253809809,WUS
Umatilla_OR,Umatilla_OR,Umatilla_OR,2015,melt_sum_APE__KGE_meltseason2,-0.25206328801279054,WUS
Umatilla_OR,Umatilla_OR,Umatilla_OR,2015,melt_sum_APE__Qmean_meltseason2_APE,-0.14443547681974,WUS
Umatilla_OR,Umatilla_OR,Umatilla_OR,2015,SWE_NSE__NSE_meltseason2,-0.6188405876715839,WUS
Umatilla_OR,Umatilla_OR,Umatilla_OR,2015,SWE_NSE__KGE_meltseason2,-0.32322196424267646,WUS
Umatilla_OR,Umatilla_OR,Umatilla_OR,2015,SWE_NSE__Qmean_meltseason2_APE,-0.10776368171447674,WUS
Umatilla_OR,Umatilla_OR,Umatilla_OR,2016,SWE_melt_NSE__NSE_meltseason2,-0.46184850258520943,WUS
Umatilla_OR,Umatilla_OR,Umatilla_OR,2016,SWE_melt_NSE__KGE_meltseason2,-0.7779898001629102,WUS
Umatilla_OR,Umatilla_OR,Umatilla_OR,2016,SWE_melt_NSE__Qmean_meltseason2_APE,0.1283884402407531,WUS
Umatilla_OR,Umatilla_OR,Umatilla_OR,2016,melt_sum_APE__NSE_meltseason2,-0.40736253348294804,WUS
Umatilla_OR,Umatilla_OR,Umatilla_OR,2016,melt_sum_APE__KGE_meltseason2,-0.49203582003847307,WUS
Umatilla_OR,Umatilla_OR,Umatilla_OR,2016,melt_sum_APE__Qmean_meltseason2_APE,0.09684129956514416,WUS
Umatilla_OR,Umatilla_OR,Umatilla_OR,2016,SWE_NSE__NSE_meltseason2,-0.24986753015585897,WUS
Umatilla_OR,Umatilla_OR,Umatilla_OR,2016,SWE_NSE__KGE_meltseason2,-0.5760429016821039,WUS
Umatilla_OR,Umatilla_OR,Umatilla_OR,2016,SWE_NSE__Qmean_meltseason2_APE,0.08806364432072537,WUS
Umatilla_OR,Umatilla_OR,Umatilla_OR,2017,SWE_melt_NSE__NSE_meltseason2,-0.21314623615646497,WUS
Umatilla_OR,Umatilla_OR,Umatilla_OR,2017,SWE_melt_NSE__KGE_meltseason2,0.2285520972692985,WUS
Umatilla_OR,Umatilla_OR,Umatilla_OR,2017,SWE_melt_NSE__Qmean_meltseason2_APE,0.2525996697303344,WUS
Umatilla_OR,Umatilla_OR,Umatilla_OR,2017,melt_sum_APE__NSE_meltseason2,-0.32295717378015437,WUS
Umatilla_OR,Umatilla_OR,Umatilla_OR,2017,melt_sum_APE__KGE_meltseason2,-0.13309546039642972,WUS
Umatilla_OR,Umatilla_OR,Umatilla_OR,2017,melt_sum_APE__Qmean_meltseason2_APE,-0.030954200638949343,WUS
Umatilla_OR,Umatilla_OR,Umatilla_OR,2017,SWE_NSE__NSE_meltseason2,-0.2126098581492021,WUS
Umatilla_OR,Umatilla_OR,Umatilla_OR,2017,SWE_NSE__KGE_meltseason2,-0.33237086993093323,WUS
Umatilla_OR,Umatilla_OR,Umatilla_OR,2017,SWE_NSE__Qmean_meltseason2_APE,-0.1609828816244244,WUS
Umatilla_OR,Umatilla_OR,Umatilla_OR,2018,SWE_melt_NSE__NSE_meltseason2,-0.6760349650827195,WUS
Umatilla_OR,Umatilla_OR,Umatilla_OR,2018,SWE_melt_NSE__KGE_meltseason2,-0.577225370293235,WUS
Umatilla_OR,Umatilla_OR,Umatilla_OR,2018,SWE_melt_NSE__Qmean_meltseason2_APE,0.007340708986629875,WUS
Umatilla_OR,Umatilla_OR,Umatilla_OR,2018,melt_sum_APE__NSE_meltseason2,-0.3941108760846973,WUS
Umatilla_OR,Umatilla_OR,Umatilla_OR,2018,melt_sum_APE__KGE_meltseason2,-0.2233363408020774,WUS
Umatilla_OR,Umatilla_OR,Umatilla_OR,2018,melt_sum_APE__Qmean_meltseason2_APE,0.07566426993207225,WUS
Umatilla_OR,Umatilla_OR,Umatilla_OR,2018,SWE_NSE__NSE_meltseason2,-0.3918657100867991,WUS
Umatilla_OR,Umatilla_OR,Umatilla_OR,2018,SWE_NSE__KGE_meltseason2,-0.3427672127886816,WUS
Umatilla_OR,Umatilla_OR,Umatilla_OR,2018,SWE_NSE__Qmean_meltseason2_APE,0.08475645822802023,WUS
Umatilla_OR,Umatilla_OR,Umatilla_OR,2019,SWE_melt_NSE__NSE_meltseason2,-0.39462767997133325,WUS
Umatilla_OR,Umatilla_OR,Umatilla_OR,2019,SWE_melt_NSE__KGE_meltseason2,0.021676310130630934,WUS
Umatilla_OR,Umatilla_OR,Umatilla_OR,2019,SWE_melt_NSE__Qmean_meltseason2_APE,0.3410709520897991,WUS
Umatilla_OR,Umatilla_OR,Umatilla_OR,2019,melt_sum_APE__NSE_meltseason2,-0.43168754620797606,WUS
Umatilla_OR,Umatilla_OR,Umatilla_OR,2019,melt_sum_APE__KGE_meltseason2,-0.1260271367608459,WUS
Umatilla_OR,Umatilla_OR,Umatilla_OR,2019,melt_sum_APE__Qmean_meltseason2_APE,0.051547563539628694,WUS
Umatilla_OR,Umatilla_OR,Umatilla_OR,2019,SWE_NSE__NSE_meltseason2,-0.12888135036978116,WUS
Umatilla_OR,Umatilla_OR,Umatilla_OR,2019,SWE_NSE__KGE_meltseason2,0.040932550202291064,WUS
Umatilla_OR,Umatilla_OR,Umatilla_OR,2019,SWE_NSE__Qmean_meltseason2_APE,0.2815865725203842,WUS
Umatilla_OR,Umatilla_OR,Umatilla_OR,2020,SWE_melt_NSE__NSE_meltseason2,-0.35448088271182115,WUS
Umatilla_OR,Umatilla_OR,Umatilla_OR,2020,SWE_melt_NSE__KGE_meltseason2,-0.3481775989880758,WUS
Umatilla_OR,Umatilla_OR,Umatilla_OR,2020,SWE_melt_NSE__Qmean_meltseason2_APE,0.04864619260915067,WUS
Umatilla_OR,Umatilla_OR,Umatilla_OR,2020,melt_sum_APE__NSE_meltseason2,-0.40643610655201345,WUS
Umatilla_OR,Umatilla_OR,Umatilla_OR,2020,melt_sum_APE__KGE_meltseason2,-0.2784604223234343,WUS
Umatilla_OR,Umatilla_OR,Umatilla_OR,2020,melt_sum_APE__Qmean_meltseason2_APE,0.12560604398134068,WUS
Umatilla_OR,Umatilla_OR,Umatilla_OR,2020,SWE_NSE__NSE_meltseason2,-0.32181065461370983,WUS
Umatilla_OR,Umatilla_OR,Umatilla_OR,2020,SWE_NSE__KGE_meltseason2,-0.22117049620437224,WUS
Umatilla_OR,Umatilla_OR,Umatilla_OR,2020,SWE_NSE__Qmean_meltseason2_APE,0.18881425644578248,WUS
Umatilla_OR,Umatilla_OR,Umatilla_OR,2021,SWE_melt_NSE__NSE_meltseason2,-0.3599698050849089,WUS
Umatilla_OR,Umatilla_OR,Umatilla_OR,2021,SWE_melt_NSE__KGE_meltseason2,-0.0940392402887428,WUS
Umatilla_OR,Umatilla_OR,Umatilla_OR,2021,SWE_melt_NSE__Qmean_meltseason2_APE,0.32662852505707846,WUS
Umatilla_OR,Umatilla_OR,Umatilla_OR,2021,melt_sum_APE__NSE_meltseason2,-0.48042036162247176,WUS
Umatilla_OR,Umatilla_OR,Umatilla_OR,2021,melt_sum_APE__KGE_meltseason2,0.021195705058035176,WUS
Umatilla_OR,Umatilla_OR,Umatilla_OR,2021,melt_sum_APE__Qmean_meltseason2_APE,0.1994692770563279,WUS
Umatilla_OR,Umatilla_OR,Umatilla_OR,2021,SWE_NSE__NSE_meltseason2,-0.09133782881824694,WUS
Umatilla_OR,Umatilla_OR,Umatilla_OR,2021,SWE_NSE__KGE_meltseason2,0.012819657510984163,WUS
Umatilla_OR,Umatilla_OR,Umatilla_OR,2021,SWE_NSE__Qmean_meltseason2_APE,0.33726005319601404,WUS
Umatilla_OR,Umatilla_OR,Umatilla_OR,2022,SWE_melt_NSE__NSE_meltseason2,-0.580048445419663,WUS
Umatilla_OR,Umatilla_OR,Umatilla_OR,2022,SWE_melt_NSE__KGE_meltseason2,-0.35490303195869266,WUS
Umatilla_OR,Umatilla_OR,Umatilla_OR,2022,SWE_melt_NSE__Qmean_meltseason2_APE,0.32535825871006463,WUS
Umatilla_OR,Umatilla_OR,Umatilla_OR,2022,melt_sum_APE__NSE_meltseason2,-0.35102740815707556,WUS
Umatilla_OR,Umatilla_OR,Umatilla_OR,2022,melt_sum_APE__KGE_meltseason2,-0.4304878526731342,WUS
Umatilla_OR,Umatilla_OR,Umatilla_OR,2022,melt_sum_APE__Qmean_meltseason2_APE,0.1919891583853421,WUS
Umatilla_OR,Umatilla_OR,Umatilla_OR,2022,SWE_NSE__NSE_meltseason2,-0.10801527186428775,WUS
Umatilla_OR,Umatilla_OR,Umatilla_OR,2022,SWE_NSE__KGE_meltseason2,-0.2922051623703914,WUS
Umatilla_OR,Umatilla_OR,Umatilla_OR,2022,SWE_NSE__Qmean_meltseason2_APE,0.30572212222506234,WUS
Vallecito_CO,Vallecito_CO,Vallecito_CO,2001,SWE_melt_NSE__NSE_meltseason2,-0.22069931582480537,WUS
Vallecito_CO,Vallecito_CO,Vallecito_CO,2001,SWE_melt_NSE__KGE_meltseason2,-0.41821174707398745,WUS
Vallecito_CO,Vallecito_CO,Vallecito_CO,2001,SWE_melt_NSE__Qmean_meltseason2_APE,0.2142497363235762,WUS
Vallecito_CO,Vallecito_CO,Vallecito_CO,2001,melt_sum_APE__NSE_meltseason2,-0.6371433247262925,WUS
Vallecito_CO,Vallecito_CO,Vallecito_CO,2001,melt_sum_APE__KGE_meltseason2,-0.6718771815203071,WUS
Vallecito_CO,Vallecito_CO,Vallecito_CO,2001,melt_sum_APE__Qmean_meltseason2_APE,-0.15288157246265183,WUS
Vallecito_CO,Vallecito_CO,Vallecito_CO,2001,SWE_NSE__NSE_meltseason2,0.04331985248729953,WUS
Vallecito_CO,Vallecito_CO,Vallecito_CO,2001,SWE_NSE__KGE_meltseason2,-0.15443175329424383,WUS
Vallecito_CO,Vallecito_CO,Vallecito_CO,2001,SWE_NSE__Qmean_meltseason2_APE,0.31405790879074186,WUS
Vallecito_CO,Vallecito_CO,Vallecito_CO,2002,SWE_melt_NSE__NSE_meltseason2,0.2461605872693978,WUS
Vallecito_CO,Vallecito_CO,Vallecito_CO,2002,SWE_melt_NSE__KGE_meltseason2,0.1808185654376876,WUS
Vallecito_CO,Vallecito_CO,Vallecito_CO,2002,SWE_melt_NSE__Qmean_meltseason2_APE,0.3249939748038784,WUS
Vallecito_CO,Vallecito_CO,Vallecito_CO,2002,melt_sum_APE__NSE_meltseason2,-0.7928706954863765,WUS
Vallecito_CO,Vallecito_CO,Vallecito_CO,2002,melt_sum_APE__KGE_meltseason2,-0.564559327929204,WUS
Vallecito_CO,Vallecito_CO,Vallecito_CO,2002,melt_sum_APE__Qmean_meltseason2_APE,-0.001635523404828786,WUS
Vallecito_CO,Vallecito_CO,Vallecito_CO,2002,SWE_NSE__NSE_meltseason2,-0.02435971784731613,WUS
Vallecito_CO,Vallecito_CO,Vallecito_CO,2002,SWE_NSE__KGE_meltseason2,0.32798610445447823,WUS
Vallecito_CO,Vallecito_CO,Vallecito_CO,2002,SWE_NSE__Qmean_meltseason2_APE,-0.2773027558728506,WUS
Vallecito_CO,Vallecito_CO,Vallecito_CO,2003,SWE_melt_NSE__NSE_meltseason2,-0.21484153255739885,WUS
Vallecito_CO,Vallecito_CO,Vallecito_CO,2003,SWE_melt_NSE__KGE_meltseason2,-0.3133783820949461,WUS
Vallecito_CO,Vallecito_CO,Vallecito_CO,2003,SWE_melt_NSE__Qmean_meltseason2_APE,0.4710684943774095,WUS
Vallecito_CO,Vallecito_CO,Vallecito_CO,2003,melt_sum_APE__NSE_meltseason2,-0.9141574867035276,WUS
Vallecito_CO,Vallecito_CO,Vallecito_CO,2003,melt_sum_APE__KGE_meltseason2,-0.34810875767912036,WUS
Vallecito_CO,Vallecito_CO,Vallecito_CO,2003,melt_sum_APE__Qmean_meltseason2_APE,0.27445342223948976,WUS
Vallecito_CO,Vallecito_CO,Vallecito_CO,2003,SWE_NSE__NSE_meltseason2,-0.023161634585175877,WUS
Vallecito_CO,Vallecito_CO,Vallecito_CO,2003,SWE_NSE__KGE_meltseason2,0.009460329249066228,WUS
Vallecito_CO,Vallecito_CO,Vallecito_CO,2003,SWE_NSE__Qmean_meltseason2_APE,0.35400250455190757,WUS
Vallecito_CO,Vallecito_CO,Vallecito_CO,2004,SWE_melt_NSE__NSE_meltseason2,-0.09778932630701063,WUS
Vallecito_CO,Vallecito_CO,Vallecito_CO,2004,SWE_melt_NSE__KGE_meltseason2,-0.26037078301303934,WUS
Vallecito_CO,Vallecito_CO,Vallecito_CO,2004,SWE_melt_NSE__Qmean_meltseason2_APE,0.4080315049494354,WUS
Vallecito_CO,Vallecito_CO,Vallecito_CO,2004,melt_sum_APE__NSE_meltseason2,-0.7902271290631031,WUS
Vallecito_CO,Vallecito_CO,Vallecito_CO,2004,melt_sum_APE__KGE_meltseason2,-0.8148434316079749,WUS
Vallecito_CO,Vallecito_CO,Vallecito_CO,2004,melt_sum_APE__Qmean_meltseason2_APE,0.0003877691303787824,WUS
Vallecito_CO,Vallecito_CO,Vallecito_CO,2004,SWE_NSE__NSE_meltseason2,0.14735808856904065,WUS
Vallecito_CO,Vallecito_CO,Vallecito_CO,2004,SWE_NSE__KGE_meltseason2,-0.09652456879828213,WUS
Vallecito_CO,Vallecito_CO,Vallecito_CO,2004,SWE_NSE__Qmean_meltseason2_APE,0.4893353500425687,WUS
Vallecito_CO,Vallecito_CO,Vallecito_CO,2005,SWE_melt_NSE__NSE_meltseason2,0.0015950195553803626,WUS
Vallecito_CO,Vallecito_CO,Vallecito_CO,2005,SWE_melt_NSE__KGE_meltseason2,0.08934866530910737,WUS
Vallecito_CO,Vallecito_CO,Vallecito_CO,2005,SWE_melt_NSE__Qmean_meltseason2_APE,0.32889877219889113,WUS
Vallecito_CO,Vallecito_CO,Vallecito_CO,2005,melt_sum_APE__NSE_meltseason2,-0.8498177323331514,WUS
Vallecito_CO,Vallecito_CO,Vallecito_CO,2005,melt_sum_APE__KGE_meltseason2,-0.6438232699458399,WUS
Vallecito_CO,Vallecito_CO,Vallecito_CO,2005,melt_sum_APE__Qmean_meltseason2_APE,0.025674922011864224,WUS
Vallecito_CO,Vallecito_CO,Vallecito_CO,2005,SWE_NSE__NSE_meltseason2,-0.09396422042710868,WUS
Vallecito_CO,Vallecito_CO,Vallecito_CO,2005,SWE_NSE__KGE_meltseason2,-0.08232290794618759,WUS
Vallecito_CO,Vallecito_CO,Vallecito_CO,2005,SWE_NSE__Qmean_meltseason2_APE,0.20551431126558464,WUS
Vallecito_CO,Vallecito_CO,Vallecito_CO,2006,SWE_melt_NSE__NSE_meltseason2,-0.10376056115842747,WUS
Vallecito_CO,Vallecito_CO,Vallecito_CO,2006,SWE_melt_NSE__KGE_meltseason2,0.2582937394061213,WUS
Vallecito_CO,Vallecito_CO,Vallecito_CO,2006,SWE_melt_NSE__Qmean_meltseason2_APE,0.5527956516513826,WUS
Vallecito_CO,Vallecito_CO,Vallecito_CO,2006,melt_sum_APE__NSE_meltseason2,-0.7982434364929271,WUS
Vallecito_CO,Vallecito_CO,Vallecito_CO,2006,melt_sum_APE__KGE_meltseason2,-0.8104034298481568,WUS
Vallecito_CO,Vallecito_CO,Vallecito_CO,2006,melt_sum_APE__Qmean_meltseason2_APE,-0.015383032699385034,WUS
Vallecito_CO,Vallecito_CO,Vallecito_CO,2006,SWE_NSE__NSE_meltseason2,-0.1336200892627068,WUS
Vallecito_CO,Vallecito_CO,Vallecito_CO,2006,SWE_NSE__KGE_meltseason2,0.09156858411830547,WUS
Vallecito_CO,Vallecito_CO,Vallecito_CO,2006,SWE_NSE__Qmean_meltseason2_APE,0.2760883709362178,WUS
Vallecito_CO,Vallecito_CO,Vallecito_CO,2007,SWE_melt_NSE__NSE_meltseason2,-0.19952227201618916,WUS
Vallecito_CO,Vallecito_CO,Vallecito_CO,2007,SWE_melt_NSE__KGE_meltseason2,-0.023240185274889025,WUS
Vallecito_CO,Vallecito_CO,Vallecito_CO,2007,SWE_melt_NSE__Qmean_meltseason2_APE,0.33456171300460325,WUS
Vallecito_CO,Vallecito_CO,Vallecito_CO,2007,melt_sum_APE__NSE_meltseason2,-0.5807603846698208,WUS
Vallecito_CO,Vallecito_CO,Vallecito_CO,2007,melt_sum_APE__KGE_meltseason2,-0.43321751534386493,WUS
Vallecito_CO,Vallecito_CO,Vallecito_CO,2007,melt_sum_APE__Qmean_meltseason2_APE,0.2774563256975767,WUS
Vallecito_CO,Vallecito_CO,Vallecito_CO,2007,SWE_NSE__NSE_meltseason2,0.2979385233762404,WUS
Vallecito_CO,Vallecito_CO,Vallecito_CO,2007,SWE_NSE__KGE_meltseason2,0.3390847327767031,WUS
Vallecito_CO,Vallecito_CO,Vallecito_CO,2007,SWE_NSE__Qmean_meltseason2_APE,0.4450496534820336,WUS
Vallecito_CO,Vallecito_CO,Vallecito_CO,2008,SWE_melt_NSE__NSE_meltseason2,-0.22445737372309824,WUS
Vallecito_CO,Vallecito_CO,Vallecito_CO,2008,SWE_melt_NSE__KGE_meltseason2,-0.5330645636141469,WUS
Vallecito_CO,Vallecito_CO,Vallecito_CO,2008,SWE_melt_NSE__Qmean_meltseason2_APE,0.5267833769922405,WUS
Vallecito_CO,Vallecito_CO,Vallecito_CO,2008,melt_sum_APE__NSE_meltseason2,-0.826563875791802,WUS
Vallecito_CO,Vallecito_CO,Vallecito_CO,2008,melt_sum_APE__KGE_meltseason2,-0.8900483760442027,WUS
Vallecito_CO,Vallecito_CO,Vallecito_CO,2008,melt_sum_APE__Qmean_meltseason2_APE,0.02445786418874764,WUS
Vallecito_CO,Vallecito_CO,Vallecito_CO,2008,SWE_NSE__NSE_meltseason2,-0.10396219390312433,WUS
Vallecito_CO,Vallecito_CO,Vallecito_CO,2008,SWE_NSE__KGE_meltseason2,-0.092501636742801,WUS
Vallecito_CO,Vallecito_CO,Vallecito_CO,2008,SWE_NSE__Qmean_meltseason2_APE,0.46318933807753115,WUS
Vallecito_CO,Vallecito_CO,Vallecito_CO,2009,SWE_melt_NSE__NSE_meltseason2,0.0796594491776506,WUS
Vallecito_CO,Vallecito_CO,Vallecito_CO,2009,SWE_melt_NSE__KGE_meltseason2,-0.13788659098435493,WUS
Vallecito_CO,Vallecito_CO,Vallecito_CO,2009,SWE_melt_NSE__Qmean_meltseason2_APE,0.5582425302041327,WUS
Vallecito_CO,Vallecito_CO,Vallecito_CO,2009,melt_sum_APE__NSE_meltseason2,-0.7980498283583902,WUS
Vallecito_CO,Vallecito_CO,Vallecito_CO,2009,melt_sum_APE__KGE_meltseason2,-0.8926293342839036,WUS
Vallecito_CO,Vallecito_CO,Vallecito_CO,2009,melt_sum_APE__Qmean_meltseason2_APE,-0.08611195590158613,WUS
Vallecito_CO,Vallecito_CO,Vallecito_CO,2009,SWE_NSE__NSE_meltseason2,0.427458855167111,WUS
Vallecito_CO,Vallecito_CO,Vallecito_CO,2009,SWE_NSE__KGE_meltseason2,0.05850748850790332,WUS
Vallecito_CO,Vallecito_CO,Vallecito_CO,2009,SWE_NSE__Qmean_meltseason2_APE,0.13137635465057793,WUS
Vallecito_CO,Vallecito_CO,Vallecito_CO,2010,SWE_melt_NSE__NSE_meltseason2,-0.17301627119346355,WUS
Vallecito_CO,Vallecito_CO,Vallecito_CO,2010,SWE_melt_NSE__KGE_meltseason2,0.032589135967168004,WUS
Vallecito_CO,Vallecito_CO,Vallecito_CO,2010,SWE_melt_NSE__Qmean_meltseason2_APE,0.5082843490132473,WUS
Vallecito_CO,Vallecito_CO,Vallecito_CO,2010,melt_sum_APE__NSE_meltseason2,-0.8056269011850546,WUS
Vallecito_CO,Vallecito_CO,Vallecito_CO,2010,melt_sum_APE__KGE_meltseason2,-0.5379056766603821,WUS
Vallecito_CO,Vallecito_CO,Vallecito_CO,2010,melt_sum_APE__Qmean_meltseason2_APE,-0.09652006286627589,WUS
Vallecito_CO,Vallecito_CO,Vallecito_CO,2010,SWE_NSE__NSE_meltseason2,-0.0877161456212631,WUS
Vallecito_CO,Vallecito_CO,Vallecito_CO,2010,SWE_NSE__KGE_meltseason2,-0.08768108720513586,WUS
Vallecito_CO,Vallecito_CO,Vallecito_CO,2010,SWE_NSE__Qmean_meltseason2_APE,0.30808973145562146,WUS
Vallecito_CO,Vallecito_CO,Vallecito_CO,2011,SWE_melt_NSE__NSE_meltseason2,-0.0790825191191959,WUS
Vallecito_CO,Vallecito_CO,Vallecito_CO,2011,SWE_melt_NSE__KGE_meltseason2,-0.14177396112816318,WUS
Vallecito_CO,Vallecito_CO,Vallecito_CO,2011,SWE_melt_NSE__Qmean_meltseason2_APE,0.5838165683775243,WUS
Vallecito_CO,Vallecito_CO,Vallecito_CO,2011,melt_sum_APE__NSE_meltseason2,-0.9094728319178875,WUS
Vallecito_CO,Vallecito_CO,Vallecito_CO,2011,melt_sum_APE__KGE_meltseason2,-0.6079236491644675,WUS
Vallecito_CO,Vallecito_CO,Vallecito_CO,2011,melt_sum_APE__Qmean_meltseason2_APE,-0.020969290042481038,WUS
Vallecito_CO,Vallecito_CO,Vallecito_CO,2011,SWE_NSE__NSE_meltseason2,-0.037089318735220034,WUS
Vallecito_CO,Vallecito_CO,Vallecito_CO,2011,SWE_NSE__KGE_meltseason2,-0.2286507035215908,WUS
Vallecito_CO,Vallecito_CO,Vallecito_CO,2011,SWE_NSE__Qmean_meltseason2_APE,0.1371892942331202,WUS
Vallecito_CO,Vallecito_CO,Vallecito_CO,2012,SWE_melt_NSE__NSE_meltseason2,-0.007610315526821511,WUS
Vallecito_CO,Vallecito_CO,Vallecito_CO,2012,SWE_melt_NSE__KGE_meltseason2,-0.36144456041099865,WUS
Vallecito_CO,Vallecito_CO,Vallecito_CO,2012,SWE_melt_NSE__Qmean_meltseason2_APE,0.31649234759374545,WUS
Vallecito_CO,Vallecito_CO,Vallecito_CO,2012,melt_sum_APE__NSE_meltseason2,-0.7965332138717063,WUS
Vallecito_CO,Vallecito_CO,Vallecito_CO,2012,melt_sum_APE__KGE_meltseason2,-0.8703968228937411,WUS
Vallecito_CO,Vallecito_CO,Vallecito_CO,2012,melt_sum_APE__Qmean_meltseason2_APE,0.11226623225091183,WUS
Vallecito_CO,Vallecito_CO,Vallecito_CO,2012,SWE_NSE__NSE_meltseason2,0.25684343480695004,WUS
Vallecito_CO,Vallecito_CO,Vallecito_CO,2012,SWE_NSE__KGE_meltseason2,-0.0921059455336074,WUS
Vallecito_CO,Vallecito_CO,Vallecito_CO,2012,SWE_NSE__Qmean_meltseason2_APE,0.48152907555427193,WUS
Vallecito_CO,Vallecito_CO,Vallecito_CO,2013,SWE_melt_NSE__NSE_meltseason2,-0.05664762583055981,WUS
Vallecito_CO,Vallecito_CO,Vallecito_CO,2013,SWE_melt_NSE__KGE_meltseason2,-0.012831478994117147,WUS
Vallecito_CO,Vallecito_CO,Vallecito_CO,2013,SWE_melt_NSE__Qmean_meltseason2_APE,-0.11077703902690306,WUS
Vallecito_CO,Vallecito_CO,Vallecito_CO,2013,melt_sum_APE__NSE_meltseason2,-0.6340824078448708,WUS
Vallecito_CO,Vallecito_CO,Vallecito_CO,2013,melt_sum_APE__KGE_meltseason2,-0.4662690486908509,WUS
Vallecito_CO,Vallecito_CO,Vallecito_CO,2013,melt_sum_APE__Qmean_meltseason2_APE,0.04724273837042429,WUS
Vallecito_CO,Vallecito_CO,Vallecito_CO,2013,SWE_NSE__NSE_meltseason2,0.0649728573857804,WUS
Vallecito_CO,Vallecito_CO,Vallecito_CO,2013,SWE_NSE__KGE_meltseason2,-0.12271720190924457,WUS
Vallecito_CO,Vallecito_CO,Vallecito_CO,2013,SWE_NSE__Qmean_meltseason2_APE,-0.008648988680190667,WUS
Vallecito_CO,Vallecito_CO,Vallecito_CO,2014,SWE_melt_NSE__NSE_meltseason2,-0.11196615450205614,WUS
Vallecito_CO,Vallecito_CO,Vallecito_CO,2014,SWE_melt_NSE__KGE_meltseason2,-0.10298744864844693,WUS
Vallecito_CO,Vallecito_CO,Vallecito_CO,2014,SWE_melt_NSE__Qmean_meltseason2_APE,0.5632259600750333,WUS
Vallecito_CO,Vallecito_CO,Vallecito_CO,2014,melt_sum_APE__NSE_meltseason2,-0.7307637789590267,WUS
Vallecito_CO,Vallecito_CO,Vallecito_CO,2014,melt_sum_APE__KGE_meltseason2,-0.4839551513103941,WUS
Vallecito_CO,Vallecito_CO,Vallecito_CO,2014,melt_sum_APE__Qmean_meltseason2_APE,-0.02313995628310524,WUS
Vallecito_CO,Vallecito_CO,Vallecito_CO,2014,SWE_NSE__NSE_meltseason2,-0.023819588153049645,WUS
Vallecito_CO,Vallecito_CO,Vallecito_CO,2014,SWE_NSE__KGE_meltseason2,-0.29130582556048223,WUS
Vallecito_CO,Vallecito_CO,Vallecito_CO,2014,SWE_NSE__Qmean_meltseason2_APE,0.3909024690387867,WUS
Vallecito_CO,Vallecito_CO,Vallecito_CO,2015,SWE_melt_NSE__NSE_meltseason2,0.013365258086045103,WUS
Vallecito_CO,Vallecito_CO,Vallecito_CO,2015,SWE_melt_NSE__KGE_meltseason2,0.2864284310539566,WUS
Vallecito_CO,Vallecito_CO,Vallecito_CO,2015,SWE_melt_NSE__Qmean_meltseason2_APE,0.3317865723954828,WUS
Vallecito_CO,Vallecito_CO,Vallecito_CO,2015,melt_sum_APE__NSE_meltseason2,-0.6074822197020997,WUS
Vallecito_CO,Vallecito_CO,Vallecito_CO,2015,melt_sum_APE__KGE_meltseason2,-0.2810760329757021,WUS
Vallecito_CO,Vallecito_CO,Vallecito_CO,2015,melt_sum_APE__Qmean_meltseason2_APE,0.058645728748590066,WUS
Vallecito_CO,Vallecito_CO,Vallecito_CO,2015,SWE_NSE__NSE_meltseason2,0.5508786501403973,WUS
Vallecito_CO,Vallecito_CO,Vallecito_CO,2015,SWE_NSE__KGE_meltseason2,0.27923183632083204,WUS
Vallecito_CO,Vallecito_CO,Vallecito_CO,2015,SWE_NSE__Qmean_meltseason2_APE,0.27654062377233174,WUS
Vallecito_CO,Vallecito_CO,Vallecito_CO,2016,SWE_melt_NSE__NSE_meltseason2,-0.1524572710155847,WUS
Vallecito_CO,Vallecito_CO,Vallecito_CO,2016,SWE_melt_NSE__KGE_meltseason2,0.32323904003970944,WUS
Vallecito_CO,Vallecito_CO,Vallecito_CO,2016,SWE_melt_NSE__Qmean_meltseason2_APE,0.6538476548013383,WUS
Vallecito_CO,Vallecito_CO,Vallecito_CO,2016,melt_sum_APE__NSE_meltseason2,-0.865549800227619,WUS
Vallecito_CO,Vallecito_CO,Vallecito_CO,2016,melt_sum_APE__KGE_meltseason2,-0.5518778674018922,WUS
Vallecito_CO,Vallecito_CO,Vallecito_CO,2016,melt_sum_APE__Qmean_meltseason2_APE,0.008424520528009818,WUS
Vallecito_CO,Vallecito_CO,Vallecito_CO,2016,SWE_NSE__NSE_meltseason2,0.06381275671338063,WUS
Vallecito_CO,Vallecito_CO,Vallecito_CO,2016,SWE_NSE__KGE_meltseason2,0.3065069697211873,WUS
Vallecito_CO,Vallecito_CO,Vallecito_CO,2016,SWE_NSE__Qmean_meltseason2_APE,0.2479588767201635,WUS
Vallecito_CO,Vallecito_CO,Vallecito_CO,2017,SWE_melt_NSE__NSE_meltseason2,0.09427376451556455,WUS
Vallecito_CO,Vallecito_CO,Vallecito_CO,2017,SWE_melt_NSE__KGE_meltseason2,0.24182520756931158,WUS
Vallecito_CO,Vallecito_CO,Vallecito_CO,2017,SWE_melt_NSE__Qmean_meltseason2_APE,0.6477940769426096,WUS
Vallecito_CO,Vallecito_CO,Vallecito_CO,2017,melt_sum_APE__NSE_meltseason2,-1.0476013550672842,WUS
Vallecito_CO,Vallecito_CO,Vallecito_CO,2017,melt_sum_APE__KGE_meltseason2,-1.0088165633233896,WUS
Vallecito_CO,Vallecito_CO,Vallecito_CO,2017,melt_sum_APE__Qmean_meltseason2_APE,-0.08389087436210292,WUS
Vallecito_CO,Vallecito_CO,Vallecito_CO,2017,SWE_NSE__NSE_meltseason2,-0.29880178522536377,WUS
Vallecito_CO,Vallecito_CO,Vallecito_CO,2017,SWE_NSE__KGE_meltseason2,-0.06745707611338574,WUS
Vallecito_CO,Vallecito_CO,Vallecito_CO,2017,SWE_NSE__Qmean_meltseason2_APE,0.5296472524596106,WUS
Vallecito_CO,Vallecito_CO,Vallecito_CO,2018,SWE_melt_NSE__NSE_meltseason2,-0.04102511955228374,WUS
Vallecito_CO,Vallecito_CO,Vallecito_CO,2018,SWE_melt_NSE__KGE_meltseason2,-0.04102511955228374,WUS
Vallecito_CO,Vallecito_CO,Vallecito_CO,2018,SWE_melt_NSE__Qmean_meltseason2_APE,-0.04102511955228374,WUS
Vallecito_CO,Vallecito_CO,Vallecito_CO,2018,melt_sum_APE__NSE_meltseason2,-0.04102511955228374,WUS
Vallecito_CO,Vallecito_CO,Vallecito_CO,2018,melt_sum_APE__KGE_meltseason2,-0.04102511955228374,WUS
Vallecito_CO,Vallecito_CO,Vallecito_CO,2018,melt_sum_APE__Qmean_meltseason2_APE,-0.04102511955228374,WUS
Vallecito_CO,Vallecito_CO,Vallecito_CO,2018,SWE_NSE__NSE_meltseason2,-0.04102511955228374,WUS
Vallecito_CO,Vallecito_CO,Vallecito_CO,2018,SWE_NSE__KGE_meltseason2,-0.04102511955228374,WUS
Vallecito_CO,Vallecito_CO,Vallecito_CO,2018,SWE_NSE__Qmean_meltseason2_APE,-0.04102511955228374,WUS
Vallecito_CO,Vallecito_CO,Vallecito_CO,2019,SWE_melt_NSE__NSE_meltseason2,0.035987456522358206,WUS
Vallecito_CO,Vallecito_CO,Vallecito_CO,2019,SWE_melt_NSE__KGE_meltseason2,0.24670751739191144,WUS
Vallecito_CO,Vallecito_CO,Vallecito_CO,2019,SWE_melt_NSE__Qmean_meltseason2_APE,0.5378144109185026,WUS
Vallecito_CO,Vallecito_CO,Vallecito_CO,2019,melt_sum_APE__NSE_meltseason2,-0.4483779135529922,WUS
Vallecito_CO,Vallecito_CO,Vallecito_CO,2019,melt_sum_APE__KGE_meltseason2,-0.27012945404626715,WUS
Vallecito_CO,Vallecito_CO,Vallecito_CO,2019,melt_sum_APE__Qmean_meltseason2_APE,-0.06908080110414018,WUS
Vallecito_CO,Vallecito_CO,Vallecito_CO,2019,SWE_NSE__NSE_meltseason2,0.15855457653373,WUS
Vallecito_CO,Vallecito_CO,Vallecito_CO,2019,SWE_NSE__KGE_meltseason2,0.3579667090435149,WUS
Vallecito_CO,Vallecito_CO,Vallecito_CO,2019,SWE_NSE__Qmean_meltseason2_APE,0.28799515027738537,WUS
Vallecito_CO,Vallecito_CO,Vallecito_CO,2020,SWE_melt_NSE__NSE_meltseason2,-0.04725228261817252,WUS
Vallecito_CO,Vallecito_CO,Vallecito_CO,2020,SWE_melt_NSE__KGE_meltseason2,-0.04415778631821833,WUS
Vallecito_CO,Vallecito_CO,Vallecito_CO,2020,SWE_melt_NSE__Qmean_meltseason2_APE,0.48509685460579766,WUS
Vallecito_CO,Vallecito_CO,Vallecito_CO,2020,melt_sum_APE__NSE_meltseason2,-0.7451190304902872,WUS
Vallecito_CO,Vallecito_CO,Vallecito_CO,2020,melt_sum_APE__KGE_meltseason2,-0.4613938709476725,WUS
Vallecito_CO,Vallecito_CO,Vallecito_CO,2020,melt_sum_APE__Qmean_meltseason2_APE,-0.00042526014777741905,WUS
Vallecito_CO,Vallecito_CO,Vallecito_CO,2020,SWE_NSE__NSE_meltseason2,-0.19168311145404315,WUS
Vallecito_CO,Vallecito_CO,Vallecito_CO,2020,SWE_NSE__KGE_meltseason2,-0.007768376682261744,WUS
Vallecito_CO,Vallecito_CO,Vallecito_CO,2020,SWE_NSE__Qmean_meltseason2_APE,0.31790423215938757,WUS
Vallecito_CO,Vallecito_CO,Vallecito_CO,2021,SWE_melt_NSE__NSE_meltseason2,0.21827412685747866,WUS
Vallecito_CO,Vallecito_CO,Vallecito_CO,2021,SWE_melt_NSE__KGE_meltseason2,-0.03004877356700973,WUS
Vallecito_CO,Vallecito_CO,Vallecito_CO,2021,SWE_melt_NSE__Qmean_meltseason2_APE,0.5002934591303277,WUS
Vallecito_CO,Vallecito_CO,Vallecito_CO,2021,melt_sum_APE__NSE_meltseason2,-0.6895075370858155,WUS
Vallecito_CO,Vallecito_CO,Vallecito_CO,2021,melt_sum_APE__KGE_meltseason2,-0.7229340216986968,WUS
Vallecito_CO,Vallecito_CO,Vallecito_CO,2021,melt_sum_APE__Qmean_meltseason2_APE,-0.11275347469089618,WUS
Vallecito_CO,Vallecito_CO,Vallecito_CO,2021,SWE_NSE__NSE_meltseason2,0.2751413596334785,WUS
Vallecito_CO,Vallecito_CO,Vallecito_CO,2021,SWE_NSE__KGE_meltseason2,0.09399026024924509,WUS
Vallecito_CO,Vallecito_CO,Vallecito_CO,2021,SWE_NSE__Qmean_meltseason2_APE,0.42193623348059134,WUS
Vallecito_CO,Vallecito_CO,Vallecito_CO,2022,SWE_melt_NSE__NSE_meltseason2,-0.11308864892583385,WUS
Vallecito_CO,Vallecito_CO,Vallecito_CO,2022,SWE_melt_NSE__KGE_meltseason2,-0.1600010067414361,WUS
Vallecito_CO,Vallecito_CO,Vallecito_CO,2022,SWE_melt_NSE__Qmean_meltseason2_APE,0.4198499679240072,WUS
Vallecito_CO,Vallecito_CO,Vallecito_CO,2022,melt_sum_APE__NSE_meltseason2,-0.5852191395265804,WUS
Vallecito_CO,Vallecito_CO,Vallecito_CO,2022,melt_sum_APE__KGE_meltseason2,-0.6053259913870555,WUS
Vallecito_CO,Vallecito_CO,Vallecito_CO,2022,melt_sum_APE__Qmean_meltseason2_APE,0.09034650209625388,WUS
Vallecito_CO,Vallecito_CO,Vallecito_CO,2022,SWE_NSE__NSE_meltseason2,0.1351557688935123,WUS
Vallecito_CO,Vallecito_CO,Vallecito_CO,2022,SWE_NSE__KGE_meltseason2,0.21599901202147181,WUS
Vallecito_CO,Vallecito_CO,Vallecito_CO,2022,SWE_NSE__Qmean_meltseason2_APE,0.4339698565617344,WUS
